# schmidt_smoke.py; sources: shakespeare.ant.globe.xml sha256 32b4768b70742369; citations.tsv sha256 814c223b582b6752; citation_quotes.tsv sha256 ba27389f931477ca
key	headword	cited	display	verdict	found_at	offset	match	missing	extra	quote	our_line
Abhorring	Abhorring,	5.2.60	Ant. V, 2, 60	quotation on cited line						blow me into abhorring	blow me into abhorring rather make
Abode1	Abode,	1.2.182	Ant. I, 2, 182	headword on cited line							cleopatras which wholly depends on your abode
Abstract	Abstract,	1.4	Ant. I, 4, 9	not a citation of this play						a man who is the abstract of all faults,	
Abstract	Abstract,	3.6.61	III, 6, 61	quotation on cited line, with differences			94%	abstract	obstruct	I begged his pardon for return, which soon he granted, being an abstract 'tween his lust and him,	being an obstruct tween his lust and him
Abysm	Abysm,	3.13.147	Ant. III, 13, 147	headword on cited line							into the abysm of hell if he mislike
Accordingly	Accordingly,	1.2.78	Ant. I, 2, 78	headword on cited line							accordingly
Accordingly	Accordingly,	3.9.4	III, 9, 4	headword on cited line							and so proceed accordingly
Accumulation	Accumulation,	3.1.19	Ant. III, 1, 19	quotation on cited line						quick accumulation of renown,	for quick accumulation of renown
Accusation	Accusation,	3.6.23	Ant. III, 6, 23	headword on cited line							his accusations who does he accuse
Acknowledge	Acknowledge,	3.13.97	Ant. III, 13, 97	headword on cited line							that do acknowledge csar should i find them
Acknowledge	Acknowledge,	5.2.180	Ant. V, 2, 180	headword on cited line							not what you have reserved nor what acknowledged
Acquire	Acquire,	3.1.15	Ant. III, 1, 15	headword on cited line							acquire too high a fame when him we serves away
Acquire	Acquire,	4.15.28	IV, 15, 28	headword on cited line							and still conclusion shall acquire no honor
Actium	Actium,	3.7.52	Ant. III, 7, 52	headword on cited line							and with the rest fullmanned from the head of actium
Adallas	Adallas,	3.6.71	Ant. III, 6, 71	headword on cited line							of paphlagonia the thracian king adallas
Adjacent	Adjacent,	2.2.218	Ant. II, 2, 218	headword on cited line							of the adjacent wharfs the city cast
Adjoin	Adjoin,	4.10.5	Ant. IV, 10, 5	quotation on cited line						the hills adjoining to the city,	upon the hills adjoining to the city
Admiral	Admiral,	3.10.2	Ant. III, 10, 2	headword on cited line							the antoniad the egyptian admiral
Adornings	Adornings,	2.2.213	Ant. II, 2, 213	quotation on cited line, with differences			91%	ithe	like the nereides so many mermaids i the	her gentlewomen tended her i'the eyes, and made their bends adornings	and made their bends adornings at the helm
Adulterous	Adulterous,	3.6.94	Ant. III, 6, 94	headword off by 1	3.6.93	-1					in his abominations turns you off
Aeneas	Aeneas,	4.14.53	Ant. IV, 14, 53	headword not found near cited line							dido and her neas shall want troops
Afterwards	Afterwards,	2.7.85	Ant. II, 7, 85	headword on cited line							i should have found it afterwards well done
After-wrath	After-wrath	5.2.290	Ant. V, 2, 290	headword on cited line							to excuse their after wrath husband i come
Aim1	Aim,	4.14.71	Ant. IV, 14, 71	quotation on cited line, with differences			100%		though enemy	the Parthian darts lost aim	though enemy lost aim and could not eros
Alcides	Alcides,	4.12.44	Ant. IV, 12, 44	headword on cited line							let me lodge lichas on the horns o the moon alcides thou mine ancestor thy rage
Alexandria	Alexandria,	1.4.3	Ant. I, 4, 3	headword on cited line							our great competitor from alexandria
Alexandria	Alexandria,	2.2.72	II, 2, 72	headword on cited line							when rioting in alexandria you
Alexandria	Alexandria,	3.6.2	III, 6, 2	headword on cited line							in alexandria heres the manner of t
Alexandria	Alexandria,	3.13.168	III, 13, 168	headword on cited line							csar sits down in alexandria where
Alexandria	Alexandria,	4.8.30	IV, 8, 30	headword on cited line							through alexandria make a jolly march
Alexandrian	Alexandrian,	2.7.102	Ant. II, 7, 102	quotation on cited line						an Alexandrian feast,	this is not yet an alexandrian feast
Alexandrian	Alexandrian,	5.2.218	V, 2, 218	quotation on cited line						our Alexandrian revels,	our alexandrian revels antony
Alexas	Alexas,	1.2.1	Ant. I, 2, 1	headword on cited line							lord alexas sweet alexas most any
Alexas	Alexas,	4.6.12	IV, 6, 12	headword on cited line							alexas did revolt and went to jewry on
Allay1	Allay,	2.5.50	Ant. II, 5, 50	quotation on cited line						I do not like 'But yet', it does allay the good precedence,	i do not like but yet it does allay
All-disgraced	All-disgraced,	3.12.22	Ant. III, 12, 22	quotation on cited line						her all-disgraced friend,	from egypt drive her alldisgraced friend
All-honoured	All-honoured,	2.6.16	Ant. II, 6, 16	headword not found near cited line							made the allhonored honest roman brutus
All-obeying	All-obeying,	3.13.77	Ant. III, 13, 77	quotation on cited line						from his all-obeying breath I hear the doom of Egypt,	tell him from his allobeying breath i hear
Almanac	Almanac,	1.2.154	Ant. I, 2, 154	prose row break	1.2.155	1					they are greater storms and tempests than
Alms-drink	Alms-drink,	2.7.5	Ant. II, 7, 5	quotation on cited line						(they have made him drink alms-drink	they have made him drink
Alps	Alps,	1.4.66	Ant. I, 4, 66	headword on cited line							the barks of trees thou browsedst on the alps
Amen	Amen,	2.2.155	Ant. II, 2, 155	quotation on cited line						happily, a.!	fly off our loves again happily amen
Amintas	Amintas,	3.6.74	Ant. III, 6, 74	headword not found near cited line							of comagene polemon and amyntas
Amiss2	Amiss,	2.2.19	Ant. II, 2, 19	headword on cited line							a leaner action rend us whats amiss
Amiss2	Amiss,	1.4.17	Ant. I, 4, 17	headword on cited line							amiss to tumble on the bed of ptolemy
Amorous	Amorous,	2.1.33	Ant. II, 1, 33	headword on cited line							this amorous surfeiter would have donned his helm
Amorous	Amorous,	1.5.28	Ant. I, 5, 28	quotation on cited line						Phoebus' amorous pinches,	that am with phoebus amorous pinches black
Amorous	Amorous,	2.2.202	Ant. II, 2, 202	quotation on cited line						amorous of their strokes,	as amorous of their strokes for her own person
Anchor3	Anchor,	1.5.33	Ant. I, 5, 33	quotation on cited line						there would he anchor his aspect,	there would he anchor his aspect and die
Anger1	Anger,	4.1.9	Ant. IV, 1, 9	headword on cited line							make boot of his distraction never anger
Angle1	Angle,	2.5.10	Ant. II, 5, 10	quotation on cited line						give me mine a., we'll to the river,	give me mine angle well to the river there
Angle2	Angle,	2.5.16	Ant. II, 5, 16	headword on cited line							you wagered on your angling when your diver
Annex	Annex,	4.14.17	Ant. IV, 14, 17	quotation on cited line, with differences			90%	d	annexed	whilst it was mine had --'d unto't a million more,	which whilst it was mine had annexed untot
Answer1	Answer,	2.7.107	Ant. II, 7, 107	headword on cited line							possess it ill make answer
Antic3	Antic,	2.7.132	Ant. II, 7, 132	quotation on cited line						the wild disguise hath almost anticked us all,	anticked us all what needs more words good night
Antoniad	Antoniad,	3.10.2	Ant. III, 10, 2	headword on cited line							the antoniad the egyptian admiral
Antonius	Antonius,	1.1.56	Ant. I, 1, 56	headword on cited line							is csar with antonius prized so slight
Antonius	Antonius,	2.6.119	II, 6, 119	headword on cited line							but she is now the wife of marcus antonius
Antonius	Antonius,	3.1.25	III, 1, 25	headword on cited line						(Marcus Anthonius);	i could do more to do antonius good
Apace	Apace,	1.3.50	Ant. I, 3, 50	headword on cited line							rich in his fathers honor creeps apace
Apace	Apace,	4.14.41	IV, 14, 41	headword on cited line							crack thy frail case apace eros apace
Apace	Apace,	5.2.325	V, 2, 325	headword on cited line							o come apace dispatch i partly feel thee
Apace	Apace,	4.7.6	Ant. IV, 7, 6	headword on cited line							with clouts about their heads thou bleedst apace
Apart	Apart,	3.13.47	Ant. III, 13, 47	headword on cited line							hear it apart none but friends say boldly
Apart	Apart,	5.2.168	Ant. V, 2, 168	headword on cited line							some nobler token i have kept apart
Apollodorus	Apollodorus,	2.6.68	Ant. II, 6, 68	headword off by 1	2.6.69	1					then so much have i heard
Appetite	Appetite,	2.1.25	Ant. II, 1, 25	headword on cited line							sharpen with cloyless sauce his appetite
Appetite	Appetite,	2.2.242	Ant. II, 2, 242	headword on cited line							the appetites they feed but she makes hungry
Appetite	Appetite,	2.2.242	Ant. II, 2, 242	headword on cited line							the appetites they feed but she makes hungry
Apply	Apply,	5.2.126	Ant. V, 2, 126	quotation on cited line						if you apply yourself to our intents,	if you apply yourself to our intents
Appointment	Appointment,	4.10.8	Ant. IV, 10, 8	quotation on cited line						where their appointment we may best discover,	where their appointment we may best discover
Approach2	Approach,	3.6.45	Ant. III, 6, 45	headword on cited line							the neighs of horse to tell of her approach
Approach2	Approach,	1.3.46	Ant. I, 3, 46	quotation on cited line						makes his approaches to the port of Rome,	makes his approaches to the port of rome
Approach2	Approach,	4.8.39	Ant. IV, 8, 39	headword on cited line							applauding our approach
Approof	Approof,	3.2.27	Ant. III, 2, 27	quotation on cited line						Prove such a wife as my thoughts make thee, and as my farthest band shall pass on thy approof	shall pass on thy approof most noble antony
April	April,	3.2.43	Ant. III, 2, 43	headword on cited line							the april s in her eyes it is loves spring
Apron	Apron,	5.2.210	Ant. V, 2, 210	headword on cited line							with greasy aprons rules and hammers shall
Arabia	Arabia,	3.6.72	Ant. III, 6, 72	headword on cited line							king malchus of arabia king of pont
Arabian	Arabian,	3.2.12	Ant. III, 2, 12	headword on cited line							o antony o thou arabian bird
Arch1	Arch,	1.1.33	Ant. I, 1, 33	quotation on cited line						let Rome in Tiber melt, and the wide arch of the ranged empire fall,	let rome in tiber melt and the wide arch
Archelaus	Archelaus,	3.6.69	Ant. III, 6, 69	headword on cited line							bocchus the king of libya archelaus
Arm-gaunt	Arm-gaunt,	1.5.48	Ant. I, 5, 48	quotation on cited line						So he nodded, and soberly did mount an arm-gaunt steed, who neigh'd so high . . .,	and soberly did mount an armgaunt steed
Armour	Armour,	4.8.27	Ant. IV, 8, 27	headword on cited line							an armor all of gold it was a kings
Armour	Armour,	4.4.1	Ant. IV, 4, 1	headword on cited line							eros mine armor eros sleep a little
Ascend	Ascend,	3.6.49	Ant. III, 6, 49	quotation on cited line						the dust should have ascended to the roof of heaven,	should have ascended to the roof of heaven
Asia	Asia,	1.2.105	Ant. I, 2, 105	headword on cited line							extended asia from euphrates
Aspct	Aspéct,	1.5.33	Ant. I, 5, 33	quotation on cited line						there would he anchor his aspéct	there would he anchor his aspect and die
Assemble	Assemble,	1.4.75	Ant. I, 4, 75	headword on cited line							assemble we immediate council pompey
Assemble	Assemble,	3.6.68	III, 6, 68	headword on cited line							the kings o the earth for war he hath assembled
Assign1	Assign,	3.6.15	Ant. III, 6, 15	quotation on cited line						to Ptolemy he assigned Syria,	he gave to alexander to ptolemy he assigned
Assurance	Assurance,	3.7.47	Ant. III, 7, 47	quotation on cited line, with differences			100%		merely	quite forego the way which promises a., and give up yourself to chance,	the way which promises assurance and
At	At,	4.15.76	Ant. IV, 15, 76	quotation on cited line						throw my sceptre at the injurious gods,	to throw my sceptre at the injurious gods
At	At,	4.12.28	Ant. IV, 12, 28	quotation on cited line						at fast and loose,	like a right gipsy hath at fast and loose
At	At,	4.4.15	Ant. IV, 4, 15	quotation on cited line						more tight at this than thou,	more tight at this than thou dispatch o love
At	At,	4.25.8	25, 8	not a citation of this play						at a frown they in their glory die,	
At	At,	4.127.10	127, 10	not a citation of this play						they morners seem at such as . . .,	
At	At,	1.4.63	Ant. I, 4, 63	quotation on cited line						which beasts would cough at,	which beasts would cough at thy palate then did deign
At	At,	2.6.20	II, 6, 20	quotation on cited line, with differences			83%	burden	burthen angered	at whose burden the ocean foams,	hath made me rig my navy at whose burthen
Atone	Atone,	2.2.102	Ant. II, 2, 102	quotation on cited line						the present need speaks to atone you,	speaks to atone you worthily spoken mecnas
Attentive	Attentive,	1.2.20	Ant. I, 2, 20	headword on cited line							vex not his prescience be attentive
Attire2	Àttire,	4.8.14	Ant. IV, 8, 14	headword on cited line							chain mine armed neck leap thou attire and all
Attire2	Àttire,	5.2.228	Ant. V, 2, 228	quotation on cited line						fetch my best àttires,	my best attires i am again for cydnus
Audience	Audience.	2.2.74	Ant. II, 2, 74	quotation on cited line						did gibe my missive out of audience	did gibe my missive out of audience sir
Audience	Audience.	3.12.21	III, 12, 21	quotation on cited line						the queen of audience nor desire shall fail,	of audience nor desire shall fail so she
Audience	Audience.	1.4.7	Ant. I, 4, 7	headword on cited line							more womanly than he hardly gave audience or
Audience	Audience.	3.6.18	III, 6, 18	headword on cited line							that day appeared and oft before gave audience
Augment	Augment,	3.6.55	Ant. III, 6, 55	headword on cited line							with an augmented greeting good my lord
Augur2	Augur,	2.1.10	Ant. II, 1, 10	quotation on cited line						my auguring hope says it will come to the full,	my powers are crescent and my auguring hope
Augurer	Augurer,	4.12.4	Ant. IV, 12, 4	quotation on cited line						swallows have built in Cleopatra's sails their nests: the augurers say they know not,	in cleopatras sails their nests the augurers
Augurer	Augurer,	5.2.337	V, 2, 337	quotation on cited line						you are too sure an augurer	o sir you are too sure an augurer
Augury	Augury,	4.12.4	Ant. IV, 12, 4	quotation on cited line, with differences			67%	auguryies	augurers	the auguryies say,	in cleopatras sails their nests the augurers
Autumn	Autumn,	5.2.87	Ant. V, 2, 87	headword on cited line						(laying --'s dust).	there was no winter int an autumn twas
Avaunt	Avaunt,	4.12.30	Ant. IV, 12, 30	headword on cited line							what eros eros ah thou spell avaunt
Awry	Awry,	5.2.321	Ant. V, 2, 321	quotation on cited line						your crown's awry	of eyes again so royal your crowns awry
Bacchanals	Bacchanals,	2.7.110	Ant. II, 7, 110	quotation on cited line						shall we dance now the Egyptian B.,	shall we dance now the egyptian bacchanals
Bacchus	Bacchus,	2.7.121	Ant. II, 7, 121	headword on cited line							plumpy bacchus with pink eyne
Ballad2	Ballad,	5.2.216	Ant. V, 2, 216	quotation on cited line, with differences			spacing			scald rhymers ballad us out o'tune,	ballad us out o tune the quick comedians
Balm1	Balm,	5.2.314	Ant. V, 2, 314	headword on cited line							as sweet as balm as soft as air as gentle
Banquet1	Banquet,	1.2.11	Ant. I, 2, 11	headword on cited line							bring in the banquet quickly wine enough
Barber2	Barber,	2.2.229	Ant. II, 2, 229	quotation on cited line						barbered ten times o'er,	being barbered ten times oer goes to the feast
Bard	Bard,	3.2.16	Ant. III, 2, 16	quotation on cited line, with differences			100%		ho	hearts, tongues, figures, scribes, bards, poets, cannot think, speak, cast, write, sing, number his love to Antony,	ho hearts tongues figures scribes bards poets cannot
Bark3	Bark,	4.12.23	Ant. IV, 12, 23	quotation on cited line						this pine is barked, that overtopped them all,	on blossoming csar and this pine is barked
Basan	Basan:	3.13.127	Ant. III, 13, 127	quotation on cited line						O, that I were upon the hill of B., to outroar the horned herd!	upon the hill of basan to outroar
Basan	Basan:	3.22.12	22, 12	not a citation of this play							
Bathe	Bathe,	4.2.6	Ant. IV, 2, 6	quotation on cited line, with differences			86%	honour	honor	bathe my dying honour in the blood,	or bathe my dying honor in the blood
Battery	Battery,	2.7.115	Ant. II, 7, 115	quotation on cited line						make battery to our ears with the loud music,	make battery to our ears with the loud music
Battery	Battery,	4.14.39	IV, 14, 39	quotation on cited line						cannot keep the battery from my heart,	the battery from my heart o cleave my sides
Beastly	Beastly,	1.5.50	Ant. I, 5, 50	quotation on cited line						what I would have spoke, was beastly dumbed by him,	was beastly dumbed by him what was he sad or merry
Beck1	Beck,	3.11.60	Ant. III, 11, 60	quotation on cited line						thy beck might from the bidding of the gods command me,	thy beck might from the bidding of the gods
Beck2	Beck,	4.12.26	Ant. IV, 12, 26	quotation on cited line						whose eye becked forth my wars and called them home,	whose eye becked forth my wars and called them home
Becoming	Becoming,	1.3.96	Ant. I, 3, 96	quotation on cited line						my becomings kill me, when they do not eye well to you,	since my becomings kill me when they do not
Beetle1	Beetle,	3.2.20	Ant. III, 2, 20	headword on cited line							they are his shards and he their beetle so
Befall	Befall.	2.2.42	Ant. II, 2, 42	headword on cited line							by what did here befal me your wife and brother
Befit	Befit,	2.2.97	Ant. II, 2, 97	headword on cited line							so far ask pardon as befits mine honor
Beggar2	Beggar,	2.2.203	Ant. II, 2, 203	quotation on cited line						it beggared all description,	it beggared all description she did lie
Beggary	Beggary,	1.1.15	Ant. I, 1, 15	headword on cited line							theres beggary in the love that can be reckoned
Begone	Begone	3.13.152	Ant. III, 13, 152	headword on cited line							hence with thy stripes begone
Begone	Begone	4.12.17	IV, 12, 17	headword on cited line							i have done all bid them all fly begone
Behaviour	Behaviour,	2.6.77	Ant. II, 6, 77	headword on cited line							when i have envied thy behavior sir
Behind	Behind.	4.7.13	Ant. IV, 7, 13	quotation on cited line						as we take hares, behind	and snatch em up as we take hares behind
Behind	Behind.	3.7.20	Ant. III, 7, 20	headword on cited line							i will not stay behind nay i have done
Behoove2	Behoove	1.3.84	Ant. I, 3, 84	headword not found near cited line							how this herculean roman does become
Belief	Belief,	3.7.76	Ant. III, 7, 76	headword on cited line							carries beyond belief while he was yet in rome
Bellows	Bellows,	1.1.9	Ant. I, 1, 9	headword on cited line							and is become the bellows and the fan
Belong	Belong,	1.3.78	Ant. I, 3, 78	headword on cited line							belong to egypt good now play one scene
Belong	Belong,	1.58.11	58, 11	not a citation of this play						to you it doth belong yourself to pardon,	
Beloving	Beloving,	1.2.22	Ant. I, 2, 22	quotation on cited line						you shall be more beloving than beloved,	you shall be more beloving than beloved
Bench-hole	Bench-hole,	4.7.9	Ant. IV, 7, 9	quotation on cited line						we'll beat 'em into bench-holes,	well beat em into benchholes i have yet
Bend1	Bend,	2.2.213	Ant. II, 2, 213	quotation on cited line						adornings,	and made their bends adornings at the helm
Beneath	Beneath.	5.2.172	Ant. V, 2, 172	quotation on cited line						it smites me beneath the fall I have,	beneath the fall i have prithee go hence
Benefit1	Benefit,	5.2.128	Ant. V, 2, 128	headword on cited line							a benefit in this change but if you seek
Bent	Bent,	1.3.36	Ant. I, 3, 36	quotation on cited line						eternity was in our lips and eyes, bliss in our brows' bent	bliss in our brows bent none our parts so poor
Bestride	Bestride,	5.2.82	Ant. V, 2, 82	quotation on cited line						his legs bestrid the ocean,	his legs bestrid the ocean his reared arm
Betime2	Betime,	4.4.20	Ant. IV, 4, 20	headword on cited line							to business that we love we rise betime
Betimes	Betimes,	4.4.27	Ant. IV, 4, 27	headword on cited line							that means to be of note begins betimes
Between2	Between,	3.4.13	Ant. III, 4, 13	quotation on cited line, with differences			100%		if this division chance	a more unhappy lady ne'er stood between	if this division chance neer stood between
Beyond1	Beyond,	3.6.87	Ant. III, 6, 87	headword on cited line							beyond the mark of thought and the high gods
Beyond1	Beyond,	3.7.76	III, 7, 76	headword on cited line							carries beyond belief while he was yet in rome
Billiards	Billiards,	2.5.3	Ant. II, 5, 3	headword on cited line							let it alone lets to billiards come charmian
Birth-day	Birth-day,	3.13.185	Ant. III, 13, 185	headword on cited line							lets mock the midnight bell it is my birthday
Bite	Bite,	5.2.247	Ant. V, 2, 247	headword on cited line							for his biting is immortal those that do die of it
Bite	Bite,	2.5.80	Ant. II, 5, 80	headword on cited line							though i am mad i will not bite him call
Blackness	Blackness,	1.4.13	Ant. I, 4, 13	quotation on cited line						night's blackness	more fiery by nights blackness hereditary
Blast2	Blast,	3.10.4	Ant. III, 10, 4	quotation on cited line, with differences			71%	see it	seet	to see it mine eyes are blasted,	to seet mine eyes are blasted gods and goddesses
Blast2	Blast,	3.13.105	III, 13, 105	quotation on cited line						you were half blasted ere I knew you,	you were half blasted ere i knew you ha
Blast2	Blast,	4.8.36	Ant. IV, 8, 36	quotation on cited line						with brazen din blast you the city's ear,	with brazen din blast you the citys ear
Blemish1	Blemish,	2.3.5	Ant. II, 3, 5	headword on cited line							read not my blemishes in the worlds report
Blemish1	Blemish,	3.13.59	III, 13, 59	headword on cited line							does pity as constrained blemishes
Blemish2	Blemish,	4.12.33	Ant. IV, 12, 33	quotation on cited line, with differences			90%	caesars	csars	I shall give thee thy deserving, and blemish Caesar's triumph,	and blemish csars triumph let him take thee
Blemish2	Blemish,	1.4.23	Ant. I, 4, 23	headword on cited line							whom these things cannot blemish yet must antony
Blossom2	Blossom,	4.12.23	Ant. IV, 12, 23	quotation on cited line, with differences			83%	caesar		melt their sweets on blossoming Caesar,	on blossoming csar and this pine is barked
Blow2	Blow,	3.13.39	Ant. III, 13, 39	quotation on cited line						against the blown rose may they stop their nose that kneeled unto the buds,	against the blown rose may they stop their nose
Boast1	Boast,	5.2.318	Ant. V, 2, 318	quotation on cited line						now boast thee, death,	now boast thee death in thy possession lies
Bocchus	Bocchus	3.6.69	Ant. III, 6, 69	quotation on cited line						: Bocchus the king of Libya,	bocchus the king of libya archelaus
Boggler	Boggler,	3.13.110	Ant. III, 13, 110	quotation on cited line						: you have been a boggler ever,	you have been a boggler ever
Boldly	Boldly,	3.13.47	Ant. III, 13, 47	headword on cited line							hear it apart none but friends say boldly
Bolt2	Bolt,	5.2.6	Ant. V, 2, 6	quotation on cited line						which shackles accidents and bolts up change,	which shackles accidents and bolts up change
Boot2	Boot,	4.1.9	Ant. IV, 1, 9	quotation on cited line						give him no breath, but now make boot of his distraction,	make boot of his distraction never anger
Boot4	Boot,	2.5.71	Ant. II, 5, 71	quotation on cited line						I will boot thee with what gift beside thy modesty can beg,	and i will boot thee with what gift beside
Border1	Border,	1.4.51	Ant. I, 4, 51	quotation on cited line						the borders maritime lack blood,	they make in italy the borders maritime
Bourn	Bourn,	1.1.16	Ant. I, 1, 16	quotation on cited line						I'll set a bourn how far to be beloved,	ill set a bourn how far to be beloved
Bow2	Bow,	2.3.3	Ant. II, 3, 3	quotation on cited line						my knee shall bow my prayers to them,	before the gods my knee shall bow my prayers
Branchless	Branchless,	3.4.24	Ant. III, 4, 24	quotation on cited line, with differences			88%	my honour	mine honor	if I lose my honour, I lose myself: better I were not yours than yours so branchless	than yours so branchless but as you requested
Brand2	Brand,	4.14.76	Ant. IV, 14, 76	headword on cited line							of fortunate csar drawn before him branded
Bravely	Bravely,	1.5.22	Ant. I, 5, 22	quotation on cited line						do b., horse!	do bravely horse for wotst thou whom thou movest
Brazen	Brazen,	4.8.36	Ant. IV, 8, 36	quotation on cited line						trumpeters, with brazen din blast you the city's ear,	with brazen din blast you the citys ear
Breadth	Breadth,	2.7.48	Ant. II, 7, 48	quotation on cited line						as broad as it hath breadth	broad as it hath breadth it is just so high as it
Breakfast	Breakfast,	2.2.184	Ant. II, 2, 184	headword on cited line							breakfast and but twelve persons there is this
Breathed	Breathed,	3.13.178	Ant. III, 13, 178	quotation on cited line						I will be treble-sinewed, hearted, breathed	i will be treblesinewed hearted breathed
Breathed	Breathed,	3.13.178	Ant. III, 13, 178	quotation on cited line, with differences			spacing			breathe	i will be treblesinewed hearted breathed
Breather	Breather,	3.3.24	Ant. III, 3, 24	quotation on cited line						she shows a body rather than a life, a statue than a breather	a statue than a breather is this certain
Breathless	Breathless,	2.2.237	Ant. II, 2, 237	headword on cited line							and breathless power breathe forth
Breese	Breese,	3.10.14	Ant. III, 10, 14	quotation on cited line						the breese upon her, like a cow in June,	the breese upon her like a cow in june
Brief2	Brief,	5.2.138	Ant. V, 2, 138	quotation on cited line						this is the brief of money, plate and jewels, I am possessed of,	this is the brief of money plate and jewels
Brim	Brim,	3.13.18	Ant. III, 13, 18	quotation on cited line						will fill thy wishes to the brim	and he will fill thy wishes to the brim
Brine	Brine,	2.5.65	Ant. II, 5, 65	quotation on cited line						whipped with wire, and stewed in brine	thou shalt be whipped with wire and stewed in brine
Bringer	Bringer,	4.6.26	Ant. IV, 6, 26	quotation on cited line						safed the bringer	i tell you true best you safed the bringer
Broach	Broach,	1.2.178	Ant. I, 2, 178	quotation on cited line						the business she hath broached in the state,	the business she hath broached in the state
Broach	Broach,	1.2.178	Ant. I, 2, 178	headword on cited line							the business she hath broached in the state
Broad	Broad,	2.7.48	Ant. II, 7, 48	headword on cited line							broad as it hath breadth it is just so high as it
Broad-fronted	Broad-fronted,	1.5.29	Ant. I, 5, 29	headword on cited line						broad-fronted Caesar,	and wrinkled deep in time broadfronted csar
Brooch2	Brooch,	4.15.25	Ant. IV, 15, 25	quotation on cited line, with differences			92%	caesar	the fullfortuned csar	not the imperious show of Caesar ever shall be brooched with me,	be brooched with me if knife drugs serpents have
Brow	Brow,	1.3.36	Ant. I, 3, 36	quotation on cited line						bliss in our brows' bent,	bliss in our brows bent none our parts so poor
Brown	Brown,	3.3.35	Ant. III, 3, 35	prose row break	3.3.36	1				(browner).	her hair what color
Brown	Brown,	3.11.14	III, 11, 14	headword on cited line							reprove the brown for rashness and they them
Brown	Brown,	4.8.20	Ant. IV, 8, 20	quotation on cited line						though grey do something mingle with our younger brown	do something mingle with our younger brown yet ha we
Browze	Browze,	1.4.66	Ant. I, 4, 66	quotation on cited line, with differences			83%	dst		the barks of trees thou --dst,	the barks of trees thou browsedst on the alps
Bruise1	Bruise,	4.14.42	Ant. IV, 14, 42	quotation on cited line						bruised pieces,	no more a soldier bruised pieces go
Brundusium	Brundusium,	3.7.22	Ant. III, 7, 22	headword on cited line							that from tarentum and brundusium
Buckle1	Buckle,	1.1.8	Ant. I, 1, 8	headword on cited line							the buckles on his breast reneges all temper
Buckle2	Buckle,	4.4.11	Ant. IV, 4, 11	headword on cited line							is not this buckled well rarely rarely
Buffet1	Buffet,	1.4.20	Ant. I, 4, 20	quotation on cited line						stand the buffet with knaves,	to reel the streets at noon and stand the buffet
Bulk	Bulk,	3.11.64	Ant. III, 11, 64	quotation on cited line, with differences			spacing			who with half the bulk o'the world played as I pleased,	with half the bulk o the world played as i pleased
Burn	Burn	4.2.41	Ant. IV, 2, 41	quotation on cited line						to burn this night with torches,	to burn this night with torches know my hearts
Burn	Burn	2.7.129	Ant. II, 7, 129	quotation on cited line, with differences			80%	t	burnt	we have --t our cheeks,	you see we have burnt our cheeks strong enobarb
Burn	Burn	2.2.197	Ant. II, 2, 197	quotation on cited line, with differences			100%		she sat in like a burnished throne	the barge burned on the water,	burned on the water the poop was beaten gold
Burnish	Burnish,	2.2.196	Ant. II, 2, 196	quotation on cited line						like a burnished throne,	the barge she sat in like a burnished throne
By3	By,	2.3.28	Ant. II, 3, 28	quotation on cited line						thy lustre thickens when he shines by,	when he shines by i say again thy spirit
By3	By,	3.11.41	Ant. III, 11, 41	headword on cited line							ah stand by
By3	By,	3.12.6	Ant. III, 12, 6	headword on cited line							not many moons gone by approach and speak
By3	By,	3.11.24	Ant. III, 11, 24	headword on cited line							therefore i pray you ill see you by and by
Cabin1	Cabin,	2.7.137	Ant. II, 7, 137	headword on cited line							menas ill not on shore no to my cabin
Cable	Cable,	2.7.77	Ant. II, 7, 77	headword on cited line							are in thy vessel let me cut the cable
Caelius	Caelius	3.7.74	Ant. III, 7, 74	headword not found near cited line							publicola and clius are for sea
Caesarion	Caesarion,	3.6.6	Ant. III, 6, 6	headword not found near cited line							csarion whom they call my fathers son
Caesarion	Caesarion,	3.13.162	III, 13, 162	headword not found near cited line							dissolve my life the next csarion smite
Caius	Caius,	2.6.117	Ant. II, 6, 117	quotation on cited line						Caius Marcellus,	true sir she was the wife of caius
Calm1	Calm,	5.1.75	Ant. V, 1, 75	quotation on cited line						how calm and gentle I proceeded,	how calm and gentle i proceeded still
Camp2	Camp,	4.8.33	Ant. IV, 8, 33	quotation on cited line						had our great palace the capacity to camp this host,	to camp this host we all would sup together
Canker1	Canker,	4.70.7	70, 7	not a citation of this play						canker vice the sweetest buds doth love,	
Canker1	Canker,	4.95.2	95, 2	not a citation of this play						like a canker in the fragrant rose,	
Canker1	Canker,	4.99.12	99, 12	not a citation of this play						a vengeful canker eat him up to death,	
Cantle	Cantle,	3.10.6	Ant. III, 10, 6	quotation on cited line, with differences			92%	scantle		scantle). the greater cantle of the world is lost with very ignorance,	the greater cantle of the world is lost
Capacity	Capacity,	4.8.32	Ant. IV, 8, 32	quotation on cited line						had our great palace the capacity to camp this host,	had our great palace the capacity
Cappadocia	Cappadocia,	3.6.70	Ant. III, 6, 70	headword on cited line							of cappadocia philadelphos king
Captainship	Captainship,	3.13.8	Ant. III, 13, 8	quotation on cited line						the itch of his affection should not then have nicked his captainship	have nicked his captainship at such a point
Captive2	Captive,	2.5.44	Ant. II, 5, 44	quotation on cited line, with differences			89%	caesar	csar	or friends with Caesar, or not captive to him,	or friends with csar or not captive to him
Car1	Car,	4.8.29	Ant. IV, 8, 29	headword on cited line							like holy phoebus car give me thy hand
Carbuncled	Carbuncled,	4.8.28	Ant. IV, 8, 28	quotation on cited line						carbuncled like holy Phoebus' car,	he has deserved it were it carbuncled
Card1	Card,	4.14.19	Ant. IV, 14, 19	quotation on cited line, with differences			83%	caesar	eros	she has packed cards with Caesar,	packed cards with csar and falseplayed my glory
Care1	Care,	5.2.269	Ant. V, 2, 269	quotation on cited line						take thou no care	take thou no care it shall be heeded
Care1	Care,	4.15.60	Ant. IV, 15, 60	quotation on cited line						hast thou no care of me?	hast thou no care of me shall i abide
Careful	Careful,	4.3.7	Ant. IV, 3, 7	headword on cited line							soldiers have careful watch
Careful	Careful,	3.0	III Prol. 16	not a citation of this play							
Careful	Careful,	3.1.81	III, 1, 81	headword not found near cited line							(no such line)
Carouse1	Carouse,	4.8.34	Ant. IV, 8, 34	quotation on cited line						drink carouses to the next day's fate,	and drink carouses to the next days fate
Carouse2	Carouse,	4.12.12	Ant. IV, 12, 12	quotation on cited line						carouse together like friends long lost,	they cast their caps up and carouse together
Carriage	Carriage,	1.3.85	Ant. I, 3, 85	quotation on cited line						how this Herculean Roman does become the carriage of his chafe,	the carriage of his chafe
Case2	Case,	4.14.41	Ant. IV, 14, 41	quotation on cited line, with differences			100%		once be stronger than thy continent	heart, crack thy frail case	crack thy frail case apace eros apace
Case2	Case,	4.15.89	IV, 15, 89	quotation on cited line						this case of that huge spirit now is cold,	this case of that huge spirit now is cold
Cassius	Cassius,	2.6.15	Ant. II, 6, 15	headword on cited line							that moved pale cassius to conspire and what
Cassius	Cassius,	3.11.37	III, 11, 37	headword on cited line							the lean and wrinkled cassius and twas i
Cast1	Cast,	4.12.12	Ant. IV, 12, 12	quotation on cited line						they cast their caps up,	they cast their caps up and carouse together
Cast1	Cast,	2.2.218	Ant. II, 2, 218	quotation on cited line						the city cast her people out upon her,	of the adjacent wharfs the city cast
Cast1	Cast,	1.2.142	Ant. I, 2, 142	quotation on cited line						away for nothing,	die it were pity to cast them away for nothing
Cast1	Cast,	2.6.23	Ant. II, 6, 23	quotation on cited line, with differences			100%		despiteful	the ingratitude that Rome cast on my noble father,	cast on my noble father take your time
Cast1	Cast,	2.6.55	Ant. II, 6, 55	quotation on cited line						I know not what counts harsh fortune casts upon my face,	what counts harsh fortune casts upon my face
Cast1	Cast,	3.2.17	III, 2, 17	quotation on cited line, with differences			100%		ho	think, speak, c., write, sing, number his love,	think speak cast write sing number ho
Castaway	Castaway,	3.6.40	Ant. III, 6, 40	quotation on cited line						that ever I should call thee c.!	that ever i should call thee castaway
Cause2	Cause,	5.2.34	Ant. V, 2, 34	headword on cited line							of him that caused it
Celebrate	Celebrate,	2.7.111	Ant. II, 7, 111	quotation on cited line						and celebrate our drink,	and celebrate our drink lets hat good soldier
Celerity	Celerity,	1.2.149	Ant. I, 2, 149	quotation on cited line						she hath such a celerity in dying,	hath such a celerity in dying
Celerity	Celerity,	3.7.24	III, 7, 24	prose row break	3.7.25-26	1	100%			celerity is never more admired than by the negligent,	and take in toryne you have heard ont sweet
Celius	Celius	3.7.74	Ant. III, 7, 74	headword not found near cited line							publicola and clius are for sea
Cement1	Cément,	3.2.29	Ant. III, 2, 29	quotation on cited line						the piece of virtue which is set betwixt us as the cément of our love,	betwixt us as the cement of our love
Cement2	Cément,	2.1.48	Ant. II, 1, 48	quotation on cited line						how the fear of us may cément their divisions,	may cement their divisions and bind up
Censure2	Censure,	5.2.57	Ant. V, 2, 57	quotation on cited line, with differences			83%	censureing	censuring	the shouting varletry of censureing Rome,	of censuring rome rather a ditch in egypt
Certain2	Certain,	4.5.11	Ant. IV, 5, 11	headword on cited line							he has not with him is he gone most certain
Chafe1	Chafe,	1.3.85	Ant. I, 3, 85	quotation on cited line						how this Herculean Roman does become the carriage of his chafe	the carriage of his chafe
Chain2	Chain,	4.8.14	Ant. IV, 8, 14	headword on cited line							chain mine armed neck leap thou attire and all
Chance1	Chance,	5.2.120	Ant. V, 2, 120	prose row break	5.2.117-119	-1	100%		though written in our flesh	what injuries you did us, we shall remember as things but done by chance	sole sir o the world
Chance1	Chance,	5.2.120	Ant. V, 2, 120	quotation elsewhere in scene	5.2.173-174	53	100%			I shall show the cinders of my spirits through the ashes of my c.,	sole sir o the world
Chance1	Chance,	3.10.36	III, 10, 36	quotation on cited line						I'll yet follow the wounded chance of Antony,	the wounded chance of antony though my reason
Chance1	Chance,	2.3.35	Ant. II, 3, 35	quotation on cited line						my better cunning faints under his chance	under his chance if we draw lots he speeds
Chance2	Chance,	3.4.13	Ant. III, 4, 13	quotation on cited line						a more unhappy lady, if this division c., ne'er stood between,	if this division chance neer stood between
Change1	Change,	2.6.54	Ant. II, 6, 54	headword on cited line							there is a change upon you well i know not
Change1	Change,	3.6.34	Ant. III, 6, 34	headword on cited line							and did deserve his change for what i have conquered
Change1	Change,	4.15.51	IV, 15, 51	quotation on cited line						the miserable change now at my end,	the miserable change now at my end
Change1	Change,	5.2.6	V, 2, 6	quotation on cited line						shackles accidents and bolts up change	which shackles accidents and bolts up change
Change1	Change,	1.3.54	Ant. I, 3, 54	quotation on cited line, with differences			100%		grown sick of rest	quietness would purge by any desperate change	by any desperate change my more particular
Chaps	Chaps,	3.5.14	Ant. III, 5, 14	quotation on cited line						then, world, thou hast a pair of c., no more,	then world thou hast a pair of chaps no more
Chare	Chare,	4.15.75	Ant. IV, 15, 75	quotation on cited line						as the maid that milks and does the meanest chares,	and does the meanest chares it were for me
Chare	Chare,	5.2.231	V, 2, 231	quotation on cited line						when thou hast done this c., I'll give thee leave to play till doomsday,	and when thou hast done this chare ill give thee leave
Chariot	Chariot,	3.1.10	Ant. III, 1, 10	quotation on cited line						shall set thee on triumphant chariots,	shall set thee on triumphant chariots and
Chariot	Chariot,	4.12.35	IV, 12, 35	quotation on cited line						follow his chariot	follow his chariot like the greatest spot
Charm2	Charm,	4.12.16	Ant. IV, 12, 16	quotation on cited line						when I am revenged upon my c., I have done all,	for when i am revenged upon my charm
Charm2	Charm,	2.1.20	Ant. II, 1, 20	headword on cited line	2.1.21		100%			waned lip,	looking for antony but all the charms of love
Chstise	Chástise,	5.2.54	Ant. V, 2, 54	headword on cited line							nor once be chastised with the sober eye
Check1	Check,	4.4.31	Ant. IV, 4, 31	headword on cited line							and worthy shameful check it were to stand
Cheer1	Cheer,	4.15.83	Ant. IV, 15, 83	headword on cited line							what what good cheer why how now charmian
Cheer1	Cheer,	5.2.21	Ant. V, 2, 21	headword on cited line							will kneel to him with thanks be of good cheer
Cherish	Cherish,	3.2.33	Ant. III, 2, 33	quotation on cited line, with differences			100%		on both parts	better might we have loved without this mean, if this be not cherished,	this be not cherished make me not offended
Chest	Chest,	4.5.10	Ant. IV, 5, 10	headword on cited line							he is with csar sir his chests and treasure
Chief2	Chief,	4.14.93	Ant. IV, 14, 93	quotation on cited line						farewell, great chief	farewell great chief shall i strike now now eros
Childishness	Childishness,	1.3.58	Ant. I, 3, 58	headword on cited line							it does from childishness can fulvia die
Choke	Choke,	1.5.68	Ant. I, 5, 68	headword on cited line							be choked with such another emphasis
Chronicle1	Chronicle,	3.13.175	Ant. III, 13, 175	headword on cited line							i and my sword will earn our chronicle
Chuck	Chuck	4.4.2	Ant. IV, 4, 2	headword on cited line							no my chuck eros come mine armor eros
Cilicia	Cilicia,	3.6.16	Ant. III, 6, 16	headword on cited line							syria cilicia and phoenicia she
Cinders	Cinders,	5.2.173	Ant. V, 2, 173	quotation on cited line						I shall show the cinders of my spirits through the ashes of my chance,	or i shall show the cinders of my spirits
Circle1	Circle,	3.12.18	Ant. III, 12, 18	quotation on cited line						and of thee craves the circle of the Ptolemies,	the circle of the ptolemies for her heirs
Cistern	Cistern,	2.5.95	Ant. II, 5, 95	quotation on cited line						so half my Egypt were submerged and made a cistern for scaled snakes,	a cistern for scaled snakes go get thee hence
Civil	Civil,	1.3.45	Ant. I, 3, 45	headword on cited line							shines oer with civil swords sextus pompeius
Civil	Civil,	1.3.45	Ant. I, 3, 45	headword on cited line						civil blood makes civil hands unclean,	shines oer with civil swords sextus pompeius
Civil	Civil,	5.1.16	Ant. V, 1, 16	quotation on cited line						the round world should have shook lions into civil streets,	should have shook lions into civil streets
Civilly	Civilly,	3.13.129	Ant. III, 13, 129	quotation on cited line						I have savage cause; and to proclaim it c., were like a haltered neck . . .,	and to proclaim it civilly were like
Clap1	Clap,	3.10.20	Ant. III, 10, 20	quotation on cited line, with differences			100%		leaving the fight in height	Antony claps on his seawing, and like a doting mallard flies after her,	claps on his seawing and like a doting mallard
Clap1	Clap,	4.2.17	Ant. IV, 2, 17	quotation on cited line, with differences			95%	claped	clapped	I wish I could be made so many men, and all of you claped up together in an Antony,	and all of you clapped up together in
Clay	Clay,	1.1.35	Ant. I, 1, 35	quotation on cited line						kingdoms are clay	kingdoms are clay our dungy earth alike
Clear1	Clear,	3.13.113	Ant. III, 13, 113	quotation on cited line, with differences			88%	judgements		in our own filth drop our clear judgements,	in our own filth drop our clear judgments make us
Clear1	Clear,	5.2.122	Ant. V, 2, 122	quotation on cited line						I cannot project mine own cause so well to make it clear	to make it clear but do confess i have
Cleave2	Cleave	3.4.31	Ant. III, 4, 31	quotation on cited line						as if the world should cleave	as if the world should cleave and that slain men
Cleave2	Cleave	4.14.39	IV, 14, 39	quotation on cited line						O c., my sides!	the battery from my heart o cleave my sides
Cloptra	Cléopátra,	1.1.43	Ant. I, 1, 43	headword on cited line							will be himself but stirred by cleopatra
Clip	Clip,	4.8.8	Ant. IV, 8, 8	headword on cited line							enter the city clip your wives your friends
Clip	Clip,	5.2.362	Ant. V, 2, 362	quotation on cited line, with differences			100%		upon the earth	no grave shall clip in it a pair so famous,	no grave upon the earth shall clip in it
Close4	Close,	5.2.319	Ant. V, 2, 319	quotation on cited line						downy windows, close	a lass unparalleled downy windows close
Clout	Clout,	4.7.6	Ant. IV, 7, 6	quotation on cited line						with clouts about their heads,	with clouts about their heads thou bleedst apace
Cloy	Cloy,	2.2.241	Ant. II, 2, 241	headword on cited line							her infinite variety other women cloy
Cloyless	Cloyless,	2.1.25	Ant. II, 1, 25	quotation on cited line						with cloyless sauce,	sharpen with cloyless sauce his appetite
Club	Club,	4.12.46	Ant. IV, 12, 46	prose row break	4.12.45	-1					subdue my worthiest self the witch shall die
Cneius	Cneius:	3.13.118	Ant. III, 13, 118	quotation on cited line, with differences			spacing			Cneius Pompey,	of cneius pompeys besides what hotter hours
Coin2	Coin,	3.13.22	Ant. III, 13, 22	quotation on cited line						his c., ships, legions, may be a coward's,	something particular his coin ships legions
Cold2	Cold,	3.73.3	73, 3	not a citation of this play						shake against the cold	
Cold2	Cold,	1.5.52	Ant. I, 5, 52	headword on cited line							of hot and cold he was nor sad nor merry
Coldblooded	Coldblooded,	1.5.74	Ant. I, 5, 74	headword not found near cited line							when i was green in judgment cold in blood
Cold-hearted	Cold-hearted,	3.13.158	Ant. III, 13, 158	quotation on cited line						cold-hearted toward me,	coldhearted toward me ah dear if i be so
Comagene	Comagene,	3.6.74	Ant. III, 6, 74	headword on cited line							of comagene polemon and amyntas
Combat2	Combat,	3.13.79	Ant. III, 13, 79	headword on cited line							wisdom and fortune combating together
Combine	Combine,	2.2.18	Ant. II, 2, 18	headword on cited line							that which combined us was most great and let not
Comedian	Comedian,	5.2.216	Ant. V, 2, 216	quotation on cited line						the quick comedians extemporally will stage us,	ballad us out o tune the quick comedians
Comfort2	Comfort,	4.15.2	Ant. IV, 15, 2	headword on cited line							be comforted dear madam no i will not
Comfort2	Comfort,	1.2.170	Ant. I, 2, 170	quotation on cited line						comforting therein, that when old robes are worn out, there are members to make new,	tailors of the earth comforting therein that
Companion2	Companion,	1.2.29	Ant. I, 2, 29	quotation on cited line, with differences			93%	caesar	csar	find me to marry me with Octavius Caesar, and companion me with my mistress,	to marry me with octavius csar and
Compel	Compel,	1.2.141	Ant. I, 2, 141	headword on cited line							under a compelling occasion let women
Compel	Compel,	5.1.29	Ant. V, 1, 29	headword on cited line							that nature must compel us to lament
Competitor	Competitor,	1.4.3	Ant. I, 4, 3	quotation on cited line, with differences			91%	caesars	csars	it is not Caesar's natural vice to hate our great competitor	our great competitor from alexandria
Competitor	Competitor,	2.7.76	II, 7, 76	quotation on cited line						these three worldsharers, these competitors,	these three worldsharers these competitors
Competitor	Competitor,	5.1.42	V, 1, 42	quotation on cited line						thou, my brother, my competitor in top of all design,	that thou my brother my competitor
Complement	Complement,	4.4.32	Ant. IV, 4, 32	quotation on cited line, with differences			83%	complement		to stand on more mechanic complement	on more mechanic compliment ill leave thee
Composition	Composition,	2.6.58	Ant. II, 6, 58	headword off by 1	2.6.59	1					i hope so lepidus thus we are agreed
Composure	Composure,	1.4.22	Ant. I, 4, 22	quotation on cited line						his composure must be rare indeed whom these things cannot blemish,	as his composure must be rare indeed
Conceive	Conceive,	2.4.6	Ant. II, 4, 6	quotation on cited line						we shall, as I conceive the journey, be at the Mount before you,	as i conceive the journey be at the mount
Conference	Conference,	1.1.45	Ant. I, 1, 45	headword on cited line							lets not confound the time with conference harsh
Confine2	Confine,	3.5.13	Ant. III, 5, 13	quotation on cited line						the poor third is up, till death enlarge his confine	up till death enlarge his confine
Congealment	Congealment,	4.8.10	Ant. IV, 8, 10	quotation on cited line						wash the congealment from your wounds,	wash the congealment from your wounds and kiss
Conquest	Conquest,	5.2.135	Ant. V, 2, 135	headword on cited line							your scutcheons and your signs of conquest shall
Conquest	Conquest,	5.2.181	Ant. V, 2, 181	quotation on cited line, with differences			83%	in	we i	put in the roll of conquest	put we i the roll of conquest still be t yours
Consider	Consider,	3.13.54	Ant. III, 13, 54	headword on cited line							not to consider in what case thou standst
Considerate	Considerate,	2.2.112	Ant. II, 2, 112	quotation on cited line						your considerate stone,	go to then your considerate stone
Consideration	Consideration,	4.2.45	Ant. IV, 2, 45	quotation on cited line, with differences			100%		come	let's to supper, and drown consideration	and drown consideration
Consist	Consist,	3.7.44	Ant. III, 7, 44	headword on cited line							distract your army which doth most consist
Consolation	Consolation,	1.2.175	Ant. I, 2, 175	headword on cited line							consolation your old smock brings forth a new
Conspire	Conspire,	2.6.15	Ant. II, 6, 15	quotation on cited line						that moved pale Cassius to conspire	that moved pale cassius to conspire and what
Consul	Consul,	1.4.58	Ant. I, 4, 58	headword on cited line							hirtius and pansa consuls at thy heel
Contend	Contend,	2.2.80	Ant. II, 2, 80	headword on cited line							be nothing of our strife if we contend
Contend	Contend,	3.13.193	Ant. III, 13, 193	quotation on cited line						I'll make death love me, for I will contend even with his pestilent scythe,	ill make death love me for i will contend
Contend	Contend,	4.0	IV Prol. 30	not a citation of this play							
Contestation	Contestation,	2.2.43	Ant. II, 2, 43	headword on cited line							made wars upon me and their contestation
Continent1	Continent,	4.14.40	Ant. IV, 14, 40	quotation on cited line						heart, once be stronger than thy continent	heart once be stronger than thy continent
Continue	Continue,	4.6.29	Ant. IV, 6, 29	quotation on cited line						your emperor continues still a Jove,	continues still a jove
Contradiction	Contradiction,	2.7.41	Ant. II, 7, 41	quotation on cited line						without c., I have heard that,	contradiction i have heard that
Contrive	Contrive,	1.2.189	Ant. I, 2, 189	quotation on cited line, with differences			93%	contriveing	contriving	the letters too of many our contriveing friends in Rome petition us at home,	of many our contriving friends in rome
Conversation	Conversation,	2.6.131	Ant. II, 6, 131	quotation on cited line						Octavia is of a holy, cold and still conversation	is of a holy cold and still conversation
Conversation	Conversation,	2.0	II Prol. 9	not a citation of this play							
Cookery	Cookery,	2.6.64	Ant. II, 6, 64	headword on cited line							or last your fine egyptian cookery
Corrigible	Corrigible,	4.14.74	Ant. IV, 14, 74	quotation on cited line						bending down his corrigible neck,	his corrigible neck his face subdued
Corrupt1	Corrupt,	4.5.17	Ant. IV, 5, 17	headword on cited line							corrupted honest men dispatch enobarbus
Cost1	Cost,	3.4.37	Ant. III, 4, 37	headword on cited line							choose your own company and command what cost
Couch2	Couch,	4.14.51	Ant. IV, 14, 51	headword on cited line							where souls do couch on flowers well hand in hand
Cough2	Cough,	1.4.63	Ant. I, 4, 63	headword on cited line							which beasts would cough at thy palate then did deign
Countenance1	Countenance,	4.14.85	Ant. IV, 14, 85	headword on cited line							turn from me then that noble countenance
Countenance1	Countenance,	2.2.181	Ant. II, 2, 181	prose row break	2.2.182	1					ay sir we did sleep day out of
Countenance1	Countenance,	2.2.181	Ant. II, 2, 181	quotation on cited line						sleep day out of countenance	ay sir we did sleep day out of
Country	Country,	4.14.80	Ant. IV, 14, 80	headword on cited line							most useful for thy country o sir pardon me
Courageous	Courageous,	2.3.20	Ant. II, 3, 20	headword on cited line							noble courageous high unmatchable
Course2	Course,	3.13.11	Ant. III, 13, 11	quotation on cited line						to course your flying flags,	than was his loss to course your flying flags
Cow1	Cow,	3.10.14	Ant. III, 10, 14	headword on cited line							the breese upon her like a cow in june
Cowardly2	Cowardly,	4.15.56	Ant. IV, 15, 56	headword on cited line							not cowardly put off my helmet to
Crack2	Crack,	5.1.15	Ant. V, 1, 15	headword on cited line	5.1.17-18		80%	crack	their dens death antony is not a single	(to the crack of doom).	a greater crack the round world
Crack3	Crack,	4.14.41	Ant. IV, 14, 41	quotation on cited line, with differences			100%		once be stronger than thy continent	heart, crack thy frail case,	crack thy frail case apace eros apace
Crassus	Crassus,	3.1.2	Ant. III, 1, 2	headword on cited line							pleased fortune does of marcus crassus death
Crescent2	Crescent,	2.1.10	Ant. II, 1, 10	quotation on cited line						my powers are c., and my auguring hope says it will come to the full,	my powers are crescent and my auguring hope
Crest2	Crest,	5.2.83	Ant. V, 2, 83	quotation on cited line						his reared arm crested the world,	crested the world his voice was propertied
Cringe	Cringe,	3.13.100	Ant. III, 13, 100	quotation on cited line, with differences			100%		fellows	whip him, till like a boy you see him cringe his face,	till like a boy you see him cringe his face
Crop2	Crop,	2.2.233	Ant. II, 2, 233	quotation on cited line, with differences			83%	croped		he ploughed her, and she croped,	he ploughed her and she cropped i saw her once
Crown2	Crown,	2.5.40	Ant. II, 5, 40	quotation on cited line						like a Fury crowned with snakes,	thou shouldst come like a fury crowned with snakes
Crown2	Crown,	1.2.174	Ant. I, 2, 174	quotation on cited line						this grief is crowned with consolation,	case to be lamented this grief is crowned with
Crown2	Crown,	4.6.34	IV, 6, 34	quotation on cited line						when my turpitude thou dost so crown with gold,	thou dost so crown with gold this blows my heart
Crownet	Crownet,	5.2.91	Ant. V, 2, 91	quotation on cited line						crowns and crownets,	walked crowns and crownets realms and islands were
Crownet	Crownet,	4.12.27	IV, 12, 27	quotation on cited line						whose bosom was my c., my chief end,	whose bosom was my crownet my chief end
Cunning1	Cunning,	2.3.34	Ant. II, 3, 34	quotation on cited line						in our sports my better cunning faints under his chance,	and in our sports my better cunning faints
Cunning1	Cunning,	3.12.31	III, 12, 31	quotation on cited line						try thy cunning	the neer touched vestal try thy cunning thyreus
Cunning1	Cunning,	1.2.155	Ant. I, 2, 155	quotation on cited line						this cannot be cunning in her,	almanacs can report this cannot be cunning in her
Cunning2	Cunning,	1.2.150	Ant. I, 2, 150	quotation on cited line						she is cunning past man's thought,	she is cunning past mans thought
Cup2	Cup,	2.7.124	Ant. II, 7, 124	quotation on cited line						cup us till the world go round,	cup us till the world go round
Curious	Curious,	3.2.35	Ant. III, 2, 35	quotation on cited line						you shall not find, though you be therein c., the least cause for what you seem to fear,	though you be therein curious the least cause
Curl2	Curl,	5.2.304	Ant. V, 2, 304	quotation on cited line						the curled Antony,	if she first meet the curled antony
Curstness	Curstness,	2.2.25	Ant. II, 2, 25	quotation on cited line						touch you the sourest points with sweetest terms, nor curstness grow to the matter,	nor curstness grow to the matter tis spoken well
Cydnus	Cydnus,	2.2.192	Ant. II, 2, 192	headword on cited line							pursed up his heart upon the river of cydnus
Cydnus	Cydnus,	5.2.228	V, 2, 228	headword on cited line							my best attires i am again for cydnus
Daff	Daff,	4.4.13	Ant. IV, 4, 13	headword not found near cited line							to dafft for our repose shall hear a storm
Daff	Daff,	4.4.13	Ant. IV, 4, 13	headword not found near cited line							to dafft for our repose shall hear a storm
Daintily	Daintily,	1.4.60	Ant. I, 4, 60	quotation on cited line, with differences			78%	foughtest again	follow foughtst against	famine . . . whom thou foughtest again, though daintily brought up,	though daintily brought up with patience more
Damp	Damp,	4.9.13	Ant. IV, 9, 13	quotation on cited line						the poisonous damp of night,	the poisonous damp of night disponge upon me
Dancer	Dancer,	3.11.36	Ant. III, 11, 36	headword on cited line							his sword een like a dancer while i struck
Dancing-rapier	Dancing-rapier,	3.11.36	Ant. III, 11, 36	quotation on cited line						kept his sword e'en like a dancer,	his sword een like a dancer while i struck
Danger2	Danger,	1.2.199	Ant. I, 2, 199	quotation on cited line, with differences			100%		going on	whose quality the sides o' the world may danger	the sides o the world may danger much is breeding
Dare1	Dare,	1.2.191	Ant. I, 2, 191	quotation on cited line, with differences			86%	caesar		Pompeius hath given the dare to Caesar,	hath given the dare to csar and commands
Darken	Darken,	3.1.24	Ant. III, 1, 24	quotation on cited line						gain which darkens him,	than gain which darkens him
Darken	Darken,	1.4.11	Ant. I, 4, 11	quotation on cited line, with differences			86%	enough	enow	evils enough to darken all his goodness,	evils enow to darken all his goodness
Darkling	Darkling,	4.15.10	Ant. IV, 15, 10	headword on cited line							burn the great sphere thou movest in darkling stand
Dart2	Dart,	3.1.1	Ant. III, 1, 1	quotation on cited line						darting Parthia,	now darting parthia art thou struck and now
Deadly1	Deadly,	1.2.75	Ant. I, 2, 75	headword on cited line	1.2.76		100%			sorrow,	a handsome man loosewived so it is a deadly
Deal2	Deal,	3.11.39	Ant. III, 11, 39	quotation on cited line						he alone dealt on lieutenantry,	dealt on lieutenantry and no practice had
Dear4	Dear,	1.4.44	Ant. I, 4, 44	headword on cited line							comes deared by being lacked this common body
Decay2	Decay,	2.1.4	Ant. II, 1, 4	quotation on cited line						whiles we are suitors to their throne, decays the thing we sue for,	whiles we are suitors to their throne decays
Declare	Declare,	3.12.10	Ant. III, 12, 10	quotation on cited line						declare thine office,	to his grand sea bet so declare thine office
Decline	Decline,	3.11.47	Ant. III, 11, 47	headword on cited line							her heads declined and death will seize her but
Decline	Decline,	3.1.119	Shr. Ind. 1, 119.	not a citation of this play						with declineing head into his bosom,	
Decline	Decline,	5.1.38	Ant. V, 1, 38	quotation on cited line, with differences			91%	declineing	declining	I must perforce have shown to thee such a declineing day,	have shown to thee such a declining day
Decline	Decline,	3.13.27	Ant. III, 13, 27	quotation on cited line						answer me declined, sword against sword,	and answer me declined sword against sword
Decorum	Decorum,	1.2.77	Ant. I, 2, 77	headword on cited line							therefore dear isis keep decorum and fortune him
Decorum	Decorum,	5.2.17	V, 2, 17	headword on cited line							that majesty to keep decorum must
Deep1	Deep,	1.5.29	Ant. I, 5, 29	headword on cited line							and wrinkled deep in time broadfronted csar
Defeat2	Defeat,	4.14.68	Ant. IV, 14, 68	quotation on cited line, with differences			75%	caesar defeatest	csar	thou strikest not me, 'tis Caesar thou defeatest,	thou strikest not me tis csar thou defeatst
Defeat2	Defeat,	5.1.65	V, 1, 65	quotation on cited line, with differences			100%		in her greatness	lest by some mortal stroke she do defeat us,	she do defeat us for her life in rome
Deign	Deign,	1.4.63	Ant. I, 4, 63	quotation on cited line						thy palate then did deign the roughest berry,	which beasts would cough at thy palate then did deign
Deity	Deity	1.2.168	Ant. I, 2, 168	headword on cited line							sacrifice when it pleaseth their deities to take
Deject	Deject,	4.12.12	Ant. IV, 12	quotation elsewhere in scene	4.12.6-7	-5	100%			Antony is valiant, and dejected,	they cast their caps up and carouse together
Deject	Deject,	4.12.12	Ant. IV, 12	headword not found near cited line							they cast their caps up and carouse together
Delay3	Delay,	2.1.3	Ant. II, 1, 3	headword on cited line							that what they do delay they not deny
Delicate1	Delicate,	2.2.209	Ant. II, 2, 209	headword on cited line							to glow the delicate cheeks which they did cool
Delicate1	Delicate,	2.7.114	Ant. II, 7, 114	quotation on cited line						in soft and delicate Lethe,	in soft and delicate lethe all take hands
Delicious	Delicious,	1.5.27	Ant. I, 5, 27	headword on cited line							with most delicious poison think on me
Demi-Atlas	Demi-Atlas,	1.5.23	Ant. I, 5, 23	quotation on cited line						the demi-atlas of this earth,	the demiatlas of this earth the arm
Demon	Demon	2.3.19	Ant. II, 3, 19	quotation on cited line, with differences			90%	that	thats	thy d., that thy spirit which keeps thee, is noble,	thy demon thats thy spirit which keeps thee is
Demure2	Demure,	4.15.29	Ant. IV, 15, 29	quotation on cited line, with differences			75%	honour demureing	with her modest eyes and still conclusion honor demuring	Octavia shall acquire no honour demureing upon me,	demuring upon me but come come antony
Demurely	Demurely,	4.9.31	Ant. IV, 9, 31	quotation on cited line						the drums demurely wake the sleepers,	demurely wake the sleepers let us bear him
Den1	Den,	5.1.17	Ant. V, 1, 17	headword on cited line							and citizens to their dens the death of antony
Denounce	Denounce,	3.7.5	Ant. III, 7, 5	headword on cited line							if not denounced against us why should not we
Depend	Depend,	1.2.182	Ant. I, 2, 182	headword on cited line							cleopatras which wholly depends on your abode
Dependancy	Dependancy	5.2.26	Ant. V, 2, 26	quotation on cited line, with differences			88%	dependancy		let me report to him your sweet dependancy	your sweet dependency and you shall find
Deputation	Deputation,	3.13.74	Ant. III, 13, 74	headword on cited line							say to great csar this in deputation
Dercetas	Dercetas,	5.1.5	Ant. V, 1, 5	headword on cited line							appear thus to us i am called dercetas
Deride	Deride,	5.1.1	1, 1	headword not found near cited line							go to him dolabella bid him yield
Derogately	Derogately,	2.2.34	Ant. II, 2, 34	quotation on cited line						that I should once name you derogately	once name you derogately when to sound your name
Description	Description,	2.2.203	Ant. II, 2, 203	headword on cited line							it beggared all description she did lie
Description	Description,	2.7.56	II, 7, 56	headword on cited line							will this description satisfy him
Descry2	Descry,	3.7.55	Ant. III, 7, 55	quotation on cited line, with differences			67%	descryed		he is descryed,	the news is true my lord he is descried
Deserver	Deserver,	1.2.193	Ant. I, 2, 193	headword on cited line							whose love is never linked to the deserver
Deserving	Deserving,	4.12.32	Ant. IV, 12, 32	quotation on cited line						I shall give thee thy deserving	vanish or i shall give thee thy deserving
Desist	Desist,	2.7.86	Ant. II, 7, 86	headword on cited line							but must condemn it now desist and drink
Desolation	Desolation,	5.2.1	Ant. V, 2, 1	quotation on cited line						my desolation does begin to make a better life,	my desolation does begin to make
Despiteful	Despiteful,	2.6.22	Ant. II, 6, 22	quotation on cited line						despiteful Rome,	to scourge the ingratitude that despiteful rome
Detain	Detain,	2.2.173	Ant. II, 2, 173	headword on cited line							not sickness should detain me
Detain	Detain,	3.6.29	Ant. III, 6, 29	headword on cited line							should be deposed and being that we detain
Detain	Detain,	4.5.13	IV, 5, 13	headword on cited line							detain no jot i charge thee write to him
Determine	Determine,	3.6.84	Ant. III, 6, 84	headword on cited line							but let determined things to destiny
Determine	Determine,	4.4.37	IV, 4, 37	headword on cited line							determine this great war in single fight
Determine	Determine,	3.13.161	Ant. III, 13, 161	quotation on cited line						as it determines, so dissolve my life,	drop in my neck as it determines so
Determine	Determine,	4.3.2	IV, 3, 2	quotation on cited line						it will determine one way,	it will determine one way fare you well
Determine	Determine,	5.1.59	Ant. V, 1, 59	headword on cited line							determine for her for csar cannot live
Devotion	Devotion,	1.1.5	Ant. I, 1, 5	headword on cited line							the office and devotion of their view
Diet1	Diet,	5.2.212	Ant. V, 2, 212	quotation on cited line						breaths rank of gross diet	rank of gross diet shall we be enclouded
Differ	Differ,	2.2.116	Ant. II, 2, 116	headword on cited line							so differing in their acts yet if i knew
Difference	Difference,	2.1.49	Ant. II, 1, 49	headword on cited line							the petty difference we yet not know
Difference	Difference,	2.2.21	II, 2, 21	headword on cited line							our trivial difference loud we do commit
Digest	Digest,	2.2.179	Ant. II, 2, 179	quotation on cited line						matters are so well digested,	are so well digested you stayed well by t in
Diminution	Diminution,	3.13.198	Ant. III, 13, 198	headword on cited line							a diminution in our captains brain
Diminutive2	Diminutive,	4.12.37	Ant. IV, 12, 37	quotation on cited line, with differences			78%	poorest dolts	poorst	most monster-like, be shown for poorest diminutives, for dolts,	for poorst diminutives for doits and let
Dimpled	Dimpled,	2.2.207	Ant. II, 2, 207	quotation on cited line						boys,	stood pretty dimpled boys like smiling cupids
Din	Din,	4.8.36	Ant. IV, 8, 36	quotation on cited line						trumpeters, with brazen din blast you the city's ear,	with brazen din blast you the citys ear
Disaster2	Disaster,	2.7.18	Ant. II, 7, 18	headword on cited line							where eyes should be which pitifully disaster
Discandy	Discandy,	3.13.165	Ant. III, 13, 165	quotation on cited line						by the discandying of this pelleted storm,	by the discandying of this pelleted storm
Discandy	Discandy,	4.12.22	IV, 12, 22	quotation on cited line, with differences			93%	caesar	to whom i gave their wishes	the hearts that spaniel'd me at heels . . . do d., melt their sweets on blossoming Caesar,	their wishes do discandy melt their sweets
Discomfort1	Discomfort,	4.2.34	Ant. IV, 2, 34	headword on cited line							to give them this discomfort look they weep
Discontent	Discontent,	1.4.39	Ant. I, 4, 39	quotation on cited line						to the ports the discontents repair,	the discontents repair and mens reports
Discontented	Discontented,	2.6.6	Ant. II, 6, 6	headword on cited line							twill tie up thy discontented sword
Discredit2	Discredit,	1.2.161	Ant. I, 2, 161	headword on cited line							blest withal would have discredited your travel
Discredit2	Discredit,	2.2.49	II, 2, 49	headword on cited line							discredit my authority with yours
Disdainful	Disdainful,	3.13.142	Ant. III, 13, 142	headword on cited line							proud and disdainful harping on what i am
Disgest	Disgest,	2.2.179	Ant. II, 2, 179	headword not found near cited line							are so well digested you stayed well by t in
Disguise1	Disguise,	2.7.131	Ant. II, 7, 131	quotation on cited line						the wild disguise hath almost anticked us all,	splits what it speaks the wild disguise hath almost
Dislike2	Dislike,	2.2.113	Ant. II, 2, 113	headword on cited line							i do not much dislike the matter but
Dislimn	Dislimn,	4.14.10	Ant. IV, 14, 10	quotation on cited line						that which is now a horse, even with a thought the rack dislimns,	the rack dislimns and makes it indistinct
Dismission	Dismission,	1.1.26	Ant. I, 1, 26	headword on cited line							you must not stay here longer your dismission
Dispose2	Dispose,	4.14.123	Ant. IV, 14, 123	quotation on cited line, with differences			88%	caesar		you did suspect she had disposed with Caesar,	she had disposed with csar and that your rage
Dispose2	Dispose,	5.2.186	Ant. V, 2, 186	quotation on cited line						we intend so to dispose you as yourself shall give us counsel,	for we intend so to dispose you as
Dispose2	Dispose,	1.2.86	Ant. I, 2, 86	quotation on cited line						to mirth,	he was disposed to mirth but on the sudden
Disposition	Disposition,	1.5.53	Ant. I, 5, 53	quotation on cited line, with differences			spacing			O well divided d.!	o welldivided disposition note him
Disposition	Disposition,	2.7.8	Ant. II, 7, 8	quotation on cited line						as they pinch one another by the disposition	disposition he cries out no more reconciles
Dispunge	Dispunge,	4.9.13	Ant. IV, 9, 13	quotation on cited line, with differences			88%	dispunge	disponge	the poisonous damp of night dispunge upon me,	the poisonous damp of night disponge upon me
Disputation	Disputation,	3.13.74	Ant. III, 13, 74	quotation on cited line, with differences			83%	caesar disputation	csar deputation	say to great Caesar this in d., I kiss his conquering hand,	say to great csar this in deputation
Disquiet1	Disquiet,	2.2.70	Ant. II, 2, 70	headword on cited line							did you too much disquiet for that you must
Dissolve	Dissolve,	3.13.162	Ant. III, 13, 162	headword on cited line							dissolve my life the next csarion smite
Dissolve	Dissolve,	5.2.302	V, 2, 302	headword on cited line							dissolve thick cloud and rain that i may say
Distinction	Distinction,	3.1.29	Ant. III, 1, 29	headword on cited line							grants scarce distinction thou wilt write to antony
Distract	Distract,	3.7.44	Ant. III, 7, 44	quotation on cited line						distract your army, which doth most consist of war-marked footmen,	distract your army which doth most consist
Distraction	Distraction,	3.7.77	Ant. III, 7, 77	quotation on cited line						his power went out in such distractions as beguiled all spies,	his power went out in such distractions as
Distraction	Distraction,	4.1.9	Ant. IV, 1, 9	quotation on cited line						make boot of his distraction	make boot of his distraction never anger
Distrust1	Distrust,	3.2.34	Ant. III, 2, 34	headword on cited line							in your distrust i have said you shall not find
Ditch	Ditch,	4.6.38	Ant. IV, 6, 38	headword on cited line							some ditch wherein to die the foulst best fits
Ditch	Ditch,	5.2.57	V, 2, 57	headword on cited line							of censuring rome rather a ditch in egypt
Diver	Diver,	2.5.16	Ant. II, 5, 16	headword on cited line							you wagered on your angling when your diver
Divers-coloured	Divers-coloured,	2.2.208	Ant. II, 2, 208	headword not found near cited line							with diverscolored fans whose wind did seem
Divine3	Divine,	2.6.124	Ant. II, 6, 124	quotation on cited line						if I were bound to divine of this unity, I would not prophesy so,	if i were bound to divine of this unity
Doctrine	Doctrine,	5.2.31	Ant. V, 2, 31	quotation on cited line						I hourly learn a doctrine of obedience,	a doctrine of obedience and would gladly
Dodge	Dodge,	3.11.62	Ant. III, 11, 62	quotation on cited line						dodge and palter in the shifts of lowness,	to the young man send humble treaties dodge
Doff	Doff	4.4.13	Ant. IV, 4, 13	headword not found near cited line							to dafft for our repose shall hear a storm
Doit1	Doit,	4.12.37	Ant. IV, 12, 37	headword on cited line							for poorst diminutives for doits and let
Dolorous	Dolorous,	4.2.39	Ant. IV, 2, 39	quotation on cited line						you take me in too dolorous a sense,	you take me in too dolorous a sense
Dolphin-like	Dolphin-like:	5.2.89	Ant. V, 2, 89	headword on cited line							were dolphinlike they showed his back above
Dolt	Dolt,	4.12.37	Ant. IV, 12, 37	headword not found near cited line							for poorst diminutives for doits and let
Domestic1	Domestic,	1.3.47	Ant. I, 3, 47	quotation on cited line						equality of two domestic powers,	equality of two domestic powers
Domitius	Domitius,	3.5.21	Ant. III, 5, 21	headword on cited line							for italy and csar more domitius
Domitius	Domitius,	4.2.1	IV, 2, 1	headword on cited line							he will not fight with me domitius no
Don2	Don,	2.1.33	Ant. II, 1, 33	quotation on cited line						his helm,	this amorous surfeiter would have donned his helm
Doomsday	Doomsday,	5.2.232	Ant. V, 2, 232	headword on cited line							to play till doomsday bring our crown and all
Doughty-handed	Doughty-handed,	4.8.5	Ant. IV, 8, 5	headword on cited line							for doughtyhanded are you and have fought
Down4	Down,	2.5.35	Ant. II, 5, 35	headword on cited line							down thy illuttering throat
Down-feather	Down-feather,	3.2.48	Ant. III, 2, 48	headword on cited line							her heart inform her tonguethe swans downfeather
Downy	Downy,	5.2.319	Ant. V, 2, 319	headword on cited line							a lass unparalleled downy windows close
Dragonish	Dragonish,	4.14.2	Ant. IV, 14, 2	quotation on cited line						a cloud that's dragonish	sometimes we see a cloud thats dragonish
Dread3	Dread,	5.2.334	Ant. V, 2, 334	headword off by 1	5.2.335	1					touch their effects in this thyself art coming
Dread3	Dread,	4.14.127	Ant. IV, 14, 127	headword on cited line							i dread too late
Dress1	Dress,	2.4.4	Ant. II, 4, 4	quotation on cited line						till I shall see you in your soldier's d., which will become you both, farewell,	till i shall see you in your soldiers dress
Drum2	Drum,	1.4.29	Ant. I, 4, 29	headword on cited line							that drums him from his sport and speaks as loud
Dry2	Dry,	4.9.17	Ant. IV, 9, 17	quotation on cited line, with differences			88%	dryed	dried	being dryed with grief, will break to powder,	which being dried with grief will break to powder
Dryness	Dryness,	1.4.27	Ant. I, 4, 27	quotation on cited line						the dryness of his bones,	full surfeits and the dryness of his bones
Duck2	Duck,	3.7.65	Ant. III, 7, 65	quotation on cited line, with differences			spacing			go a ducking,	and the phoenicians go aducking we
Dulness	Dulness,	2.1.27	Ant. II, 1, 27	quotation on cited line						even till a Lethe'd dulness	even till a letheed dulness how now varrius
Dumb2	Dumb,	1.5.50	Ant. I, 5, 50	quotation on cited line						what I would have spoke was beastly dumbed by him,	was beastly dumbed by him what was he sad or merry
Dung	Dung,	5.2.7	Ant. V, 2, 7	quotation on cited line, with differences			80%	dung caesars	dug	never palates more the d., the beggars' nurse and Caesars',	which sleeps and never palates more the dug
Dung	Dung,	1.1.35	Ant. I, 1, 35	headword not found near cited line							kingdoms are clay our dungy earth alike
Dungy	Dungy,	1.1.35	Ant. I, 1, 35	headword on cited line							kingdoms are clay our dungy earth alike
Dwarfish	Dwarfish,	3.3.19	Ant. III, 3, 19	headword on cited line							i think so charmian dull of tongue and dwarfish
Ear2	Ear,	1.2.115	Ant. I, 2, 115	headword on cited line							is as our earing fare thee well awhile
Ear2	Ear,	1.4.49	I, 4, 49	headword on cited line							make the sea serve them which they ear and wound
Earn	Earn,	3.13.46	Ant. III, 13, 46	headword on cited line							and earns a place i the story csars will
Earn	Earn,	4.0	IV Prol. 13	not a citation of this play							
Earn	Earn,	3.13.175	Ant. III, 13, 175	quotation on cited line						I and my sword will earn our chronicle,	i and my sword will earn our chronicle
Earn	Earn,	4.1.16	IV, 1, 16	quotation on cited line						feast the army; we have store to do't, and they have earned the waste,	and they have earned the waste poor antony
Earnestly	Earnestly,	2.2.23	Ant. II, 2, 23	quotation on cited line						I earnestly beseech,	the rather for i earnestly beseech
Earthly	Earthly,	2.7.73	Ant. II, 7, 73	quotation on cited line						the earthly Jove,	thou art if thou darest be the earthly jove
Easy1	Easy,	3.13.144	Ant. III, 13, 144	headword on cited line							and at this time most easy tis to dot
Easy1	Easy,	3.10.32	Ant. III, 10, 32	quotation on cited line, with differences			75%	it	tot and there i will attend what further comes	'tis easy to it,	tis easy tot and there i will attend
Easy1	Easy,	5.2.359	Ant. V, 2, 359	quotation on cited line						easy ways to die,	of easy ways to die take up her bed
Easy2	Easy,	2.2.64	Ant. II, 2, 64	quotation on cited line						which with a snaffle you may pace easy	you may pace easy but not such a wife
Ebb2	Ebb,	2.7.24	Ant. II, 7, 24	headword on cited line							the more it promises as it ebbs the seedsman
Ebb2	Ebb,	1.4.43	Ant. I, 4, 43	quotation on cited line						the ebbed man,	and the ebbed man neer loved till neer worth love
Eclipse2	Eclipse,	3.13.154	Ant. III, 13, 154	quotation on cited line, with differences			83%	eclipseed		our terrene moon is now eclipseed,	is now eclipsed and it portends alone
Edge1	Edge,	2.2.117	Ant. II, 2, 117	headword on cited line							what hoop should hold us stanch from edge to edge
Edge1	Edge,	4.15.26	Ant. IV, 15, 26	headword on cited line							edge sting or operation i am safe
Edge1	Edge,	2.6.39	Ant. II, 6, 39	headword off by 1	2.6.38	-1					our targes undinted
Egyptian1	Egyptian,	2.2.223	Ant. II, 2, 223	headword on cited line							and made a gap in nature rare egyptian
Egyptian1	Egyptian,	3.7.64	III, 7, 64	headword on cited line							this sword and these my wounds let the egyptians
Egyptian1	Egyptian,	3.13.164	III, 13, 164	headword on cited line							together with my brave egyptians all
Egyptian1	Egyptian,	4.12.10	IV, 12, 10	headword on cited line							this foul egyptian hath betrayed me
Element	Element,	2.7.50	Ant. II, 7, 50	quotation on cited line						the elements once out of it, it transmigrates,	that which nourisheth it and the elements once
Element	Element,	5.2.292	Ant. V, 2, 292	quotation on cited line						I am fire and air, my other elements I give to baser life,	i am fire and air my other elements
Element	Element,	3.2.40	Ant. III, 2, 40	quotation on cited line						the elements be kind to thee,	the elements be kind to thee and make
Element	Element,	5.2.90	Ant. V, 2, 90	quotation on cited line						above the element they lived in,	the element they lived in in his livery
Embattle	Embattle	4.9.3	Ant. IV, 9, 3	quotation on cited line						we shall embattle by the second hour,	is shiny and they say we shall embattle
Embers	Embers,	2.2.13	Ant. II, 2, 13	headword on cited line							but pray you stir no embers up here comes
Embossed	Embossed	4.13.3	Ant. IV, 13, 3	quotation on cited line						the boar of Thessaly was never so embossed	was never so embossed to the monument
Emphasis	Emphasis,	1.5.68	Ant. I, 5, 68	quotation on cited line						be choked with such another emphasis	be choked with such another emphasis
Emptiness	Emptiness,	3.13.36	Ant. III, 13, 36	headword on cited line							answer his emptiness csar thou hast subdued
Enclouded	Enclouded,	5.2.212	Ant. V, 2, 212	quotation on cited line, with differences			100%		rank of gross diet	in their thick breaths shall we be enclouded	rank of gross diet shall we be enclouded
Encounter1	Encounter,	1.4.79	Ant. I, 4, 79	headword on cited line							to front this present time till which encounter
Encounter1	Encounter,	1.2.98	Ant. I, 2, 98	headword on cited line							upon the first encounter drave them well what worst
Endeavour1	Endeavour,	4.10.9	Ant. IV, 10, 9	headword on cited line							and look on their endeavor
Enfranch	Enfranch,	3.13.149	Ant. III, 13, 149	quotation on cited line						my enfranched bondman,	hipparchus my enfranched bondman whom
Enfranchise	Enfranchise,	1.1.23	Ant. I, 1, 23	headword on cited line							take in that kingdom and enfranchise that perform
Engage	Engage,	4.7.1	Ant. IV, 7, 1	quotation on cited line						we have engaged ourselves too far,	retire we have engaged ourselves too far
Engross	Engross,	3.7.37	Ant. III, 7, 37	quotation on cited line, with differences			90%	engrossed	ingrossed	your mariners are muleters, reapers, people engrossed by swift impress,	ingrossed by swift impress in csars fleet
Enmity	Enmity,	2.1.43	Ant. II, 1, 43	headword on cited line						enmityies,	how lesser enmities may give way to greater
Enobarbe	Enobarbe,	2.7.129	Ant. II, 7, 129	headword on cited line							you see we have burnt our cheeks strong enobarb
Enobarbus	Enobarbus,	1.2.88	Ant. I, 2, 88	prose row break	1.2.87	-1					madam
Enobarbus	Enobarbus,	2.2.1	II, 2, 1	headword on cited line							good enobarbus tis a worthy deed
Enobarbus	Enobarbus,	3.2.53	III, 2, 53	headword on cited line							so is he being a man why enobarbus
Enow	Enow,	1.4.11	Ant. I, 4, 11	headword on cited line							evils enow to darken all his goodness
Enrage	Enrage,	4.12.31	Ant. IV, 12, 31	headword on cited line						enridged).	why is my lord enraged against his love
Entangle	Entangle,	1.3.30	Ant. I, 3, 30	quotation on cited line						to be entangled with those mouth-made vows,	to be entangled with those mouthmade vows
Entangle	Entangle,	4.14.48	IV, 14, 48	quotation on cited line						very force entangles itself with strength,	mars what it does yea very force entangles
Entertainment	Entertainment,	3.13.140	Ant. III, 13, 140	headword on cited line							tell him thy entertainment look thou say
Entertainment	Entertainment,	4.6.16	Ant. IV, 6, 16	quotation off by 1	4.6.17-18	1	83%	honourable	honorable	have e., but no honourable trust,	csar hath hanged him canidius and the rest
Enthroned	Enthroned,	2.2.220	Ant. II, 2, 220	headword on cited line							enthroned i the marketplace did sit alone
Enthroned	Enthroned,	3.6.5	III, 6, 5	headword on cited line							were publicly enthroned at the feet sat
Entirely	Entirely,	4.14.25	Ant. IV, 14, 25	quotation on cited line						my mistress loved thee and her fortunes mingled with thine entirely	with thine entirely hence saucy eunuch peace
Epicure	Epicure,	2.7.58	Ant. II, 7, 58	headword on cited line							else he is a very epicure
Epicurean	Epicurean,	2.1.24	Ant. II, 1, 24	headword on cited line							keep his brain fuming epicurean cooks
Equal1	Equal,	3.4.35	Ant. III, 4, 35	headword on cited line							can never be so equal that your love
Equal1	Equal,	5.1.31	Ant. V, 1, 31	quotation on cited line, with differences			88%	honours	honors	his taints and honours waged equal with him,	waged equal with him a rarer spirit never
Equality	Equality,	1.3.47	Ant. I, 3, 47	headword on cited line							equality of two domestic powers
Equally	Equally,	3.4.36	Ant. III, 4, 36	headword on cited line							can equally move with them provide your going
Equalness	Equalness,	5.1.48	Ant. V, 1, 48	quotation on cited line, with differences			100%		unreconciliable	that our stars should divide our equalness to this,	our equalness to this hear me good friends
Ere2	Ere,	2.5.21	Ant. II, 5, 21	quotation on cited line						ere the ninth hour,	ere the ninth hour i drunk him to his bed
Eros	Eros,	3.5.1	Ant. III, 5, 1	headword on cited line							how now friend eros
Eros	Eros,	4.4.1	IV, 4, 1	headword on cited line							eros mine armor eros sleep a little
Errand	Errand,	3.13.104	Ant. III, 13, 104	headword on cited line							bear us an errand to him
Escapen	Escapen,	2.0	II Prol. 36	not a citation of this play							
Especially	Especially,	1.2.181	Ant. I, 2, 181	headword on cited line							here cannot be without you especially that of
Estridge	Estridge,	3.13.197	Ant. III, 13, 197	quotation on cited line						the dove will peck the estridge	the dove will peck the estridge and i see still
Ephrates	Eúphrates,	1.2.106	Ant. I, 2, 106	prose row break	1.2.105	-1					his conquering banner shook from syria
Even2	Even,	3.7.1	Ant. III, 7, 1	headword on cited line							i will be even with thee doubt it not
Evidence	Evidence,	1.3.74	Ant. I, 3, 74	quotation on cited line						give true evidence to his love,	and give true evidence to his love which stands
Excusable	Excusable,	3.4.2	Ant. III, 4, 2	headword on cited line							that were excusable that and thousands more
Exercise2	Exercise,	3.6.12	Ant. III, 6, 12	quotation on cited line, with differences			100%		the public eye i	in the common show-place, where they exercise	i the common showplace where they exercise
Exigent	Exigent,	4.14.63	Ant. IV, 14, 63	quotation on cited line, with differences			71%	thou then wouldst kill	eros which now is come indeed when i should see behind	thou art sworn, that when the exigent should come, . . . thou then wouldst kill me,	that when the exigent should come which now
Expedience	Expedience,	1.2.185	Ant. I, 2, 185	quotation on cited line						I shall break the cause of our expedience to the queen,	the cause of our expedience to the queen
Extemporally	Extemporally,	5.2.217	Ant. V, 2, 217	headword on cited line							extemporally will stage us and present
Extend	Extend,	5.2.62	Ant. V, 2, 62	quotation on cited line						you do extend these thoughts of horror further than you shall find cause,	and hang me up in chains you do extend
Extend	Extend,	1.2.105	Ant. I, 2, 105	headword on cited line						Labienus hath extended Asia,	extended asia from euphrates
Extenuate	Extenuate,	5.2.125	Ant. V, 2, 125	headword on cited line							we will extenuate rather than enforce
External	External,	5.2.349	Ant. V, 2, 349	headword on cited line							by external swelling but she looks like sleep
Extrme	Extréme,	1.5.51	Ant. I, 5, 51	quotation on cited line						between the extrémes of hot and cold,	like to the time o the year between the extremes
Extrme	Extréme,	3.4.20	III, 4, 20	quotation on cited line						no midway 'twixt these extrémes,	twixt these extremes at all gentle octavia
Eye2	Eye,	1.3.97	Ant. I, 3, 97	quotation on cited line						my becomings kill me, when they do not eye well to you,	eye well to you your honor calls you hence
Factor	Factor,	2.6.10	Ant. II, 6, 10	quotation on cited line						chief factors for the gods,	chief factors for the gods i do not know
Faint2	Faint,	2.3.34	Ant. II, 3, 34	headword on cited line							and in our sports my better cunning faints
Faint2	Faint,	2.5.110	Ant. II, 5, 110	headword on cited line							i faint o iras charmian tis no matter
Faint2	Faint,	3.6.47	III, 6, 47	headword on cited line							should have borne men and expectation fainted
Fairly	Fairly,	2.2.147	Ant. II, 2, 147	quotation on cited line, with differences			100%		good	this purpose, that so fairly shows,	to this good purpose that so fairly shows
Fallible	Fallible,	5.2.258	Ant. V, 2, 258	headword on cited line							they do but this is most fallible the worms an
False2	False,	4.14.19	Ant. IV, 14, 19	quotation on cited line, with differences			79%	caesar false played	csar falseplayed	has packed cards with Caesar and false played my glory unto an enemy's triumph,	packed cards with csar and falseplayed my glory
False-play	False-play,	4.14.19	Ant. IV, 14, 19	headword on cited line							packed cards with csar and falseplayed my glory
False-play	False-play,	4.14.19	Ant. IV, 14, 19	headword on cited line							packed cards with csar and falseplayed my glory
Fast3	Fast,	4.12.28	Ant. IV, 12, 28	headword on cited line							like a right gipsy hath at fast and loose
Fat1	Fat,	2.7.122	Ant. II, 7, 122	headword on cited line							in thy fats our cares be drowned
Father-house	Father-house,	2.7.135	Ant. II, 7, 135	headword not found near cited line							you have my fathers house but what we are friends
Father-house	Father-house,	2.7.135	Ant. II, 7, 135	headword not found near cited line							you have my fathers house but what we are friends
Faultiness	Faultiness,	3.3.33	Ant. III, 3, 33	quotation on cited line						round even to faultiness	round even to faultiness
Favour2	Favour,	4.8.23	Ant. IV, 8, 23	quotation on cited line, with differences			86%	favouring	favoring	commend unto his lips thy favouring hand,	commend unto his lips thy favoring hand
Favourable	Favourable,	4.8.23	Ant. IV, 8, 23	quotation not found; headword not found near cited line						favouring hand,	commend unto his lips thy favoring hand
Feat1	Feat,	4.8.9	Ant. IV, 8, 9	headword on cited line							tell them your feats whilst they with joyful tears
Feature	Feature,	2.5.112	Ant. II, 5, 112	quotation on cited line						report the feature of Octavia,	report the feature of octavia her years
Feeder	Feeder,	3.13.109	Ant. III, 13, 109	quotation on cited line						abused by one that looks on feeders,	by one that looks on feeders good my lord
Feeder	Feeder,	3.13.109	Ant. III, 13, 109	headword on cited line							by one that looks on feeders good my lord
Fellowship	Fellowship,	2.7.13	Ant. II, 7, 13	quotation on cited line, with differences			91%	it		this it is to have a name in great men's fellowship	great mens fellowship i had as lief have a reed
Fertile	Fertile,	1.2.39	Ant. I, 2, 39	quotation on cited line						and fertile every wish,	and fertile every wish a million
Fervency	Fervency,	2.5.18	Ant. II, 5, 18	quotation on cited line						your diver did hang a saltfish on his hook, which he with fervency drew up,	with fervency drew up that time o times
Fetters	Fetters,	1.2.120	Ant. I, 2, 120	headword on cited line							these strong egyptian fetters i must break
Fever2	Fever,	3.13.138	Ant. III, 13, 138	quotation on cited line						the white hand of a lady fever thee,	the white hand of a lady fever thee
Fifty-fold	Fifty-fold,	1.2.69	Ant. I, 2, 69	quotation on cited line						fifty-fold a cuckold,	of all follow him laughing to his grave fiftyfold
Fight1	Fight,	3.7.31	Ant. III, 7, 31	headword on cited line							so hath my lord dared him to single fight
Fight1	Fight,	4.4.37	IV, 4, 37	headword on cited line							determine this great war in single fight
Fig-leaves	Fig-leaves,	5.2.354	Ant. V, 2, 354	headword on cited line							this is an aspics trail and these figleaves
Figure1	Figure,	3.2.16	Ant. III, 2, 16	quotation on cited line						hearts, tongues, figures . . . . cannot think, speak, cast . . .	ho hearts tongues figures scribes bards poets cannot
File1	File,	1.1.3	Ant. I, 1, 3	quotation on cited line, with differences			92%	und	goodly and	his eyes that o'er the files und musters of the war have glowed,	that oer the files and musters of the war
File1	File,	4.1.12	IV, 1, 12	quotation on cited line, with differences			100%		of those that served mark antony but late	within our files there are enough to fetch him in,	we mean to fight within our files there are
Fill3	Fill,	3.13.184	Ant. III, 13, 184	headword on cited line							all my sad captains fill our bowls once more
Fill3	Fill,	1.3.63	Ant. I, 3, 63	headword on cited line							where be the sacred vials thou shouldst fill
Fill3	Fill,	3.13.18	III, 13, 18	headword on cited line							and he will fill thy wishes to the brim
Fill3	Fill,	2.7.93	Ant. II, 7, 93	quotation on cited line						fill till the cup be hid,	fill till the cup be hid
Filth	Filth,	3.13.113	Ant. III, 13, 113	quotation on cited line, with differences			94%	judgements	o misery ont wise seel our eyes	when we in our viciousness grow hard, the gods in our own filth drop our clear judgements,	in our own filth drop our clear judgments make us
Fine3	Fine,	1.2.152	Ant. I, 2, 152	quotation on cited line						the finest part of pure love,	of nothing but the finest part of pure love we
Fine3	Fine,	2.6.64	II, 6, 64	quotation on cited line, with differences			100%		egyptian	your fine cookery,	or last your fine egyptian cookery
Fine3	Fine,	3.2.7	Ant. III, 2, 7	quotation on cited line						'tis a noble Lepidus, a very fine one,	a very fine one o how he loves csar
Finish	Finish,	4.9.18	Ant. IV, 9, 18	headword on cited line							and finish all foul thoughts o antony
Finish	Finish,	5.2.193	Ant. V, 2, 193	quotation on cited line						f., good lady,	finish good lady the bright day is done
Firm	Firm,	1.5.43	Ant. I, 5, 43	quotation on cited line						the firm Roman to great Egypt sends this treasure,	say the firm roman to great egypt sends
Firm	Firm,	3.7.49	Ant. III, 7, 49	quotation on cited line						firm security,	from firm security ill fight at sea
Fish2	Fish,	1.4.4	Ant. I, 4, 4	headword on cited line							this is the news he fishes drinks and wastes
Flag1	Flag,	3.13.11	Ant. III, 13, 11	headword on cited line							than was his loss to course your flying flags
Flag1	Flag,	1.4.45	Ant. I, 4, 45	headword on cited line							like to a vagabond flag upon the stream
Flaw1	Flaw,	3.12.34	Ant. III, 12, 34	quotation on cited line						observe how Antony becomes his flaw	observe how antony becomes his flaw
Fleet4	Fleet,	1.3.104	Ant. I, 3, 104	quotation on cited line						and I, hence fleeting, here remain with thee,	and i hence fleeting here remain with thee
Fleet4	Fleet,	5.2.240	Ant. V, 2, 240	quotation on cited line						the fleeting moon no planet is of mine,	i am marbleconstant now the fleeting moon
Fleet4	Fleet,	3.13.171	Ant. III, 13, 171	quotation on cited line, with differences			100%		too	our severed navy have knit again and f., threatening most sea-like,	have knit again and fleet threatening most sealike
Flow1	Flow,	2.7.20	Ant. II, 7, 20	quotation on cited line, with differences			92%	of	o	they take the flow of the Nile by certain scales i' the pyramid,	thus do they sir they take the flow o the nile
Flow2	Flow,	5.2.24	Ant. V, 2, 24	quotation on cited line, with differences			93%	he		he is so full of grace that it flows over on all that need,	who is so full of grace that it flows over
Flower-soft	Flower-soft,	2.2.215	Ant. II, 2, 215	quotation on cited line						the silken tackle swell with the touches of those flower-soft hands,	swell with the touches of those flowersoft hands
Flush	Flush,	1.4.52	Ant. I, 4, 52	quotation on cited line						flush youth revolt,	lack blood to think on t and flush youth revolt
Foam2	Foam,	2.6.21	Ant. II, 6, 21	headword on cited line							the angered ocean foams with which i meant
Foil1	Foil,	1.4.24	Ant. I, 4, 24	quotation on cited line, with differences			94%	foils	soils	yet must Antony no way excuse his foils, when we do bear so great weight in his lightness,	no way excuse his soils when we do bear
Foison	Foison,	2.7.23	Ant. II, 7, 23	headword on cited line							or foison follow the higher nilus swells
Foolish	Foolish,	3.3.34	Ant. III, 3, 34	headword on cited line							for the most part too they are foolish that are so
Footman	Footman,	3.7.45	Ant. III, 7, 45	quotation on cited line						war-marked footmen,	of warmarked footmen leave unexecuted
Forego	Forego,	3.7.46	Ant. III, 7, 46	headword on cited line							your own renowned knowledge quite forego
Forenoon	Forenoon,	1.2.26	Ant. I, 2, 26	headword on cited line							me be married to three kings in a forenoon and
Foresee	Foresee,	1.2.14	Ant. I, 2, 14	headword on cited line							i make not but foresee
Forespeak	Forespeak	3.7.3	Ant. III, 7, 3	quotation on cited line, with differences			88%	forespoke	forspoke	thou hast forespoke my being in these wars,	thou hast forspoke my being in these wars
Forked	Forked,	4.14.14	Ant. IV, 14	quotation elsewhere in scene	4.14.5	-9	100%			a forked mountain,	yet cannot hold this visible shape my knave
Forked	Forked,	4.14.14	Ant. IV, 14	headword not found near cited line							yet cannot hold this visible shape my knave
Formal	Formal,	2.5.41	Ant. II, 5, 41	quotation on cited line						thou shouldst come like a Fury crowned with snakes, not like a formal man,	not like a formal man willt please you hear me
Formerly	Formerly,	3.5.11	Ant. III, 5, 11	headword on cited line							letters he had formerly wrote to pompey upon
Forsake	Forsake	2.7.43	Ant. II, 7, 43	headword on cited line							forsake thy seat i do beseech thee captain
Forsake	Forsake	2.133.7	133, 7	not a citation of this play							
Forth2	Forth,	4.10.7	Ant. IV, 10, 7	quotation on cited line						they have put forth the haven,	they have put forth the haven
Fortress	Fortress,	3.2.31	Ant. III, 2, 31	headword on cited line							the fortress of it for better might we
Fortunate	Fortunate,	4.14.76	Ant. IV, 14, 76	headword on cited line							of fortunate csar drawn before him branded
Fortune2	Fortune,	1.2.77	Ant. I, 2, 77	quotation on cited line						fortune him accordingly,	therefore dear isis keep decorum and fortune him
Forty	Forty,	2.2.234	Ant. II, 2, 234	quotation on cited line						hop forty paces,	hop forty paces through the public street
Fragment	Fragment,	3.13.117	Ant. III, 13, 117	quotation on cited line						you were a fragment of Cneius Pompey's,	dead csars trencher nay you were a fragment
Freely	Freely,	4.6.7	Ant. IV, 6, 7	quotation on cited line						shall bear the olive freely	shall bear the olive freely antony
Freely	Freely,	5.2.23	Ant. V, 2, 23	headword on cited line							make your full reference freely to my lord
Friendly2	Friendly,	2.6.47	Ant. II, 6, 47	headword on cited line							her welcome friendly i have heard it pompey
Front1	Front,	1.1.6	Ant. I, 1, 6	quotation on cited line						a tawny front	upon a tawny front his captains heart
Front1	Front,	5.1.44	Ant. V, 1, 44	quotation on cited line						companion in the front of war,	friend and companion in the front of war
Front2	Front,	1.4.79	Ant. I, 4, 79	headword on cited line							to front this present time till which encounter
Front2	Front,	2.2.61	Ant. II, 2, 61	quotation on cited line						those wars which fronted mine own peace,	which fronted mine own peace as for my wife
Fruitful	Fruitful,	2.5.24	Ant. II, 5, 24	quotation on cited line						ram thou thy fruitful tidings in mine ears, that long time have been barren,	ram thou thy fruitful tidings in mine ears
Fruitful	Fruitful,	1.2.53	Ant. I, 2, 53	quotation on cited line						not a fruitful prognostication,	nay if an oily palm be not a fruitful
Fruitfulness	Fruitfulness,	1.2.53	Ant. I, 2, 53	headword not found near cited line							nay if an oily palm be not a fruitful
Frustrate2	Frustrate,	5.1.2	Ant. V, 1, 2	quotation on cited line						being so f., tell him he mocks the pauses that he makes,	being so frustrate tell him he mocks
Fugitive	Fugitive,	3.1.7	Ant. III, 1, 7	headword on cited line							the fugitive parthians follow spur through media
Fugitive	Fugitive,	4.9.22	Ant. IV, 9, 22	quotation on cited line						a master-leaver and a fugitive	a masterleaver and a fugitive
Full2	Full,	1.1.59	Ant. I, 1, 59	quotation on cited line						sorry,	which still should go with antony i am full sorry
Full-fortuned	Full-fortuned,	4.15.24	Ant. IV, 15, 24	headword on cited line							of the fullfortuned csar ever shall
Full-manned	Full-manned,	3.7.52	Ant. III, 7, 52	headword on cited line							and with the rest fullmanned from the head of actium
Fully	Fully,	4.9.33	Ant. IV, 9, 33	quotation on cited line						our hour is fully out,	is fully out
Fully	Fully,	1.1.50	Ant. I, 1, 50	quotation on cited line, with differences			100%		in thee fair and	whose every passion fully strives to make itself admired,	to weep whose every passion fully strives
Fulvia	Fulvia,	1.1.20	Ant. I, 1, 20	headword on cited line							fulvia perchance is angry or who knows
Fumble	Fumble,	4.4.14	Ant. IV, 4, 14	quotation on cited line						thou fumblest,	thou fumblest eros and my queens a squire
Fume2	Fume,	2.1.24	Ant. II, 1, 24	quotation on cited line, with differences			75%	fumeing		keep his brain fumeing,	keep his brain fuming epicurean cooks
Furious	Furious,	3.13.195	Ant. III, 13, 195	headword on cited line							now hell outstare the lightning to be furious
Further3	Further,	2.2.149	Ant. II, 2, 149	quotation on cited line						further this act of grace,	further this act of grace and from this hour
Fury	Fury,	2.5.40	Ant. II, 5, 40	headword on cited line							thou shouldst come like a fury crowned with snakes
Fury	Fury,	4.6.9	Ant. IV, 6, 9	headword off by 1	4.6.10	1					plant those that have revolted in the van
Fury	Fury,	3.1.68	III, 1, 68	headword not found near cited line							(no such line)
Fury	Fury,	5.5.8	V, 5, 8	not a citation of this play							
Gallantly	Gallantly,	4.4.36	Ant. IV, 4, 36	headword on cited line							he goes forth gallantly that he and csar might
Gallus	Gallus,	5.1.69	Ant. V, 1, 69	headword on cited line							gallus go you along wheres dolabella
Game1	Game,	2.3.25	Ant. II, 3, 25	quotation on cited line						play with him at any game	if thou dost play with him at any game
Gap	Gap,	2.2.223	Ant. II, 2, 223	quotation on cited line						made a gap in nature,	and made a gap in nature rare egyptian
Gap	Gap,	1.5.5	Ant. I, 5, 5	headword on cited line							that i might sleep out this great gap of time
Garboils	Garboils,	1.3.61	Ant. I, 3, 61	headword on cited line							the garboils she awaked at the last best
Garboils	Garboils,	2.2.67	II, 2, 67	headword on cited line							so much uncurbable her garboils csar
Gash	Gash,	4.8.11	Ant. IV, 8, 11	headword on cited line							the honored gashes whole give me thy hand
Gaudy	Gaudy,	3.13.183	Ant. III, 13, 183	quotation on cited line, with differences			71%	let us		let us have one other gaudy night,	lets have one other gaudy night call to me
Gay	Gay,	3.13.26	Ant. III, 13, 26	quotation on cited line						to lay his gay comparisons apart,	to lay his gay comparisons apart
Gem	Gem,	3.13.108	Ant. III, 13, 108	quotation on cited line						a gem of women,	and by a gem of women to be abused
General1	General,	2.2.132	Ant. II, 2, 132	quotation on cited line						whose virtue and whose general graces speak that which none else can utter,	whose virtue and whose general graces speak
Genius	Genius,	2.3.19	Ant. II, 3, 19	headword not found near cited line							thy demon thats thy spirit which keeps thee is
Gests	Gests,	4.8.2	Ant. IV, 8, 2	headword on cited line							and let the queen know of our gests tomorrow
Ghost2	Ghost,	2.6.13	Ant. II, 6, 13	quotation on cited line						who at Philippi the good Brutus ghosted,	who at philippi the good brutus ghosted
Gibbet1	Gibbet,	5.2.61	Ant. V, 2, 61	headword on cited line							my countrys high pyramides my gibbet
Gibe2	Gibe,	2.2.74	Ant. II, 2, 74	headword on cited line							did gibe my missive out of audience sir
Gld	Gíld	1.4.62	Ant. I, 4, 62	quotation on cited line						the gílded puddle which beasts would cough at,	the stale of horses and the gilded puddle
Gld	Gíld	1.5.37	Ant. I, 5, 37	quotation on cited line, with differences			100%		with his tinct	that great medicine hath gílded thee,	with his tinct gilded thee
Gipsy	Gipsy,	1.1.10	Ant. I, 1, 10	headword on cited line							to cool a gipsys lust look where they come
Gipsy	Gipsy,	4.12.28	IV, 12, 28	headword on cited line							like a right gipsy hath at fast and loose
Girl	Girl,	4.8.19	Ant. IV, 8, 19	headword on cited line							we have beat them to their beds what girl though grey
Gladly	Gladly,	5.2.31	Ant. V, 2, 31	headword on cited line							a doctrine of obedience and would gladly
Gladness	Gladness,	2.2.169	Ant. II, 2, 169	headword on cited line							the business we have talked of with most gladness
Glow2	Glow,	1.1.4	Ant. I, 1, 4	quotation on cited line, with differences			100%		goodly oer the files and musters of the war	his eyes that have glowed like plated Mars,	have glowed like plated mars now bend now turn
Glow2	Glow,	2.2.209	Ant. II, 2, 209	quotation on cited line						to glow the delicate cheeks,	to glow the delicate cheeks which they did cool
Gnat	Gnat,	3.13.166	Ant. III, 13, 166	headword on cited line							lie graveless till the flies and gnats of nile
Goal	Goal,	4.8.22	Ant. IV, 8, 22	quotation on cited line						can get goal for goal of youth,	get goal for goal of youth behold this man
Godild	Godild	4.2.33	Ant. IV, 2, 33	headword not found near cited line							and the gods yield you fort what mean you sir
Gorgon	Gorgon,	2.5.116	Ant. II, 5, 116	headword on cited line							though he be painted one way like a gorgon
Govern	Govern,	2.2.150	Ant. II, 2, 150	quotation on cited line						the heart of brothers govern in our loves,	the heart of brothers govern in our loves
Govern	Govern,	2.3.29	Ant. II, 3, 29	headword on cited line							is all afraid to govern thee near him
Graceful	Graceful,	2.2.60	Ant. II, 2, 60	quotation on cited line						could not with graceful eyes attend those wars,	could not with graceful eyes attend those wars
Grand	Grand,	3.1.9	Ant. III, 1, 9	quotation on cited line						thy grand captain Antony,	the routed fly so thy grand captain antony
Grand	Grand,	3.12.10	III, 12, 10	quotation on cited line, with differences			100%		to his ends on the myrtleleaf	as petty as is the morndew to his grand sea,	to his grand sea bet so declare thine office
Grasp2	Grasp,	4.12.46	Ant. IV, 12, 46	headword off by 1	4.12.45	-1					subdue my worthiest self the witch shall die
Grate2	Grate,	1.1.18	Ant. I, 1, 18	quotation on cited line, with differences			100%		my good lord	news from Rome. grates me; the sum,	news my good lord from rome grates me the sum
Graveless	Graveless,	3.13.166	Ant. III, 13, 166	headword on cited line							lie graveless till the flies and gnats of nile
Greasy	Greasy,	5.2.210	Ant. V, 2, 210	headword on cited line							with greasy aprons rules and hammers shall
Greatly	Greatly,	5.2.14	Ant. V, 2, 14	headword on cited line							i do not greatly care to be deceived
Greatly	Greatly,	5.2.14	Ant. V, 2, 14	headword on cited line							i do not greatly care to be deceived
Gree	Gree,	2.6.37	Ant. II, 6, 37	headword on cited line							measures of wheat to rome this greed upon
Green-sickness	Green-sickness,	3.2.6	Ant. III, 2, 6	headword on cited line							with the green sickness tis a noble lepidus
Greet	Greet,	5.2.167	Ant. V, 2, 167	quotation on cited line						things of such dignity as we greet modern friends withal,	as we greet modern friends withal and say
Greet	Greet,	2.1.39	Ant. II, 1, 39	quotation on cited line, with differences			90%	caesar	csar	I cannot hope Caesar and Antony shall well greet together,	csar and antony shall well greet together
Greeting	Greeting,	3.6.55	Ant. III, 6, 55	headword on cited line							with an augmented greeting good my lord
Grimly	Grimly,	4.12.5	Ant. IV, 12, 5	quotation on cited line, with differences			100%		say they know not they cannot tell	the augurers look grimly and dare not speak their knowledge,	say they know not they cannot tell look grimly
Grizzled	Grizzled,	3.13.17	Ant. III, 13, 17	headword on cited line							to the boy csar send this grizzled head
Grizzled	Grizzled,	3.0	III Prol. 47	not a citation of this play							
Grizzly	Grizzly,	3.0	III Prol. 47	not a citation of this play						Grisly	
Grossly	Grossly,	3.10.29	Ant. III, 10, 29	quotation on cited line						he has given example for our flight, most g., by his own,	most grossly by his own ay are you thereabouts
Guess2	Guess,	3.13.121	Ant. III, 13, 121	headword on cited line							though you can guess what temperance should be
Guess2	Guess,	3.3.29	Ant. III, 3, 29	quotation on cited line						guess at her years,	guess at her years i prithee madam
Guide1	Guide,	3.13.145	Ant. III, 13, 145	headword on cited line							when my good stars that were my former guides
H	H,	4.7.8	Ant. IV, 7, 8	headword on cited line							but now tis made an h they do retire
Habiliment	Habiliment,	3.6.17	Ant. III, 6, 17	headword on cited line							in the habiliments of the goddess isis
Hail1	Hail,	3.13.159	Ant. III, 13, 159	headword on cited line							from my cold heart let heaven engender hail
Hail3	Hail,	2.5.45	Ant. II, 5, 45	headword on cited line							ill set thee in a shower of gold and hail
Half1	Half,	3.13.9	Ant. III, 13, 9	quotation on cited line						when half to half the world opposed,	when half to half the world opposed he being
Half2	Half,	2.2.137	Ant II, 2, 137	quotation on cited line						half tales,	where now half tales be truths her love to both
Half2	Half,	2.2.175	Ant. II, 2, 175	quotation on cited line, with differences			71%	caesar maecenas	csar	half the heart of Caesar, worthy Maecenas,	half the heart of csar worthy
Half-tale	Half-tale,	2.2.137	Ant. II, 2, 137	quotation on cited line, with differences			spacing			half-tales be truths,	where now half tales be truths her love to both
Halt2	Halt,	4.7.16	Ant. IV, 7, 16	headword on cited line							for thy good valor come thee on ill halt after
Haltered	Haltered,	3.13.130	Ant. III, 13, 130	quotation on cited line						a haltered neck,	a haltered neck which does the hangman thank
Handsome	Handsome,	1.2.75	Ant. I, 2, 75	headword on cited line							a handsome man loosewived so it is a deadly
Haply	Haply	3.13.48	Ant. III, 13, 48	headword on cited line							so haply are they friends to antony
Haply	Haply	4.2.26	IV, 2, 26	headword on cited line							haply you shall not see me more or if
Hardly	Hardly,	5.1.74	Ant. V, 1, 74	quotation on cited line						how hardly I was drawn into this war,	how hardly i was drawn into this war
Hardly	Hardly,	1.4.7	Ant. I, 4, 7	headword on cited line							more womanly than he hardly gave audience or
Hardness	Hardness,	4.9.16	Ant. IV, 9, 16	quotation on cited line						the flint and hardness of my fault,	against the flint and hardness of my fault
Harness	Harness,	4.8.15	Ant. IV, 8, 15	headword on cited line							through proof of harness to my heart and there
Harp2	Harp,	3.13.142	Ant. III, 13, 142	headword on cited line							proud and disdainful harping on what i am
Harry2	Harry,	3.3.43	Ant. III, 3, 43	quotation on cited line, with differences			89%	harryed	harried	I repent me much that so I harryed him,	that so i harried him why methinks by him
Harsh	Harsh,	1.1.45	Ant. I, 1, 45	headword on cited line						harsh conference,	lets not confound the time with conference harsh
Harsh	Harsh,	2.6.54	II, 6, 54	quotation off by 1	2.6.55	1	100%			harsh fortune,	there is a change upon you well i know not
Hasten	Hasten,	2.4.1	Ant. II, 4, 1	headword on cited line							trouble yourselves no further pray you hasten
Hatch3	Hatch,	1.2.134	Ant. I, 2, 134	headword on cited line							my idleness doth hatch how now enobarbus
Hater	Hater,	5.1.9	Ant. V, 1, 9	quotation on cited line						I wore my life to spend upon his haters,	to spend upon his haters if thou please
Haunt1	Haunt,	4.14.54	Ant. IV, 14, 54	quotation on cited line, with differences			92%	aeneas	neas	Dido and her Aeneas shall want troops, and all the haunt be ours,	and all the haunt be ours come eros eros
Haven	Haven,	4.10.7	Ant. IV, 10, 7	headword on cited line							they have put forth the haven
Hazard1	Hazard,	3.7.48	Ant. III, 7, 48	headword on cited line							give up yourself merely to chance and hazard
Heal	Heal,	2.2.22	Ant. II, 2, 22	headword on cited line							murder in healing wounds then noble partners
Healthful	Healthful,	2.5.38	Ant. II, 5, 38	headword on cited line							be free and healthful so tart a favor
Heart-breaking	Heart-breaking,	1.2.74	Ant. I, 2, 74	headword on cited line							of the people for as it is a heartbreaking to see
Hearted	Hearted,	3.13.178	Ant. III, 13, 178	headword on cited line							i will be treblesinewed hearted breathed
Hearty	Hearty,	4.2.38	Ant. IV, 2, 38	quotation on cited line						my hearty friends, you take me in too dolorous a sense,	grace grow where those drops fall my hearty friends
Heed2	Heed,	5.2.269	Ant. V, 2, 269	quotation on cited line						shall be heeded,	take thou no care it shall be heeded
Height	Height,	2.7.22	Ant. II, 7, 22	headword on cited line							by the height the lowness or the mean if dearth
Height	Height,	3.10.21	Ant. III, 10, 21	quotation on cited line						leaving the fight in height	leaving the fight in height flies after her
Helmet	Helmet,	4.15.56	Ant. IV, 15, 56	headword on cited line							not cowardly put off my helmet to
Herculean	Herculean,	1.3.84	Ant. I, 3, 84	quotation on cited line						this Herculean Roman,	how this herculean roman does become
High3	High,	4.15.43	Ant. IV, 15, 43	quotation on cited line						let me rail so high	no let me speak and let me rail so high
High3	High,	1.5.49	Ant. I, 5, 49	quotation on cited line						neighed so high	who neighed so high that what i would have spoke
High-battled	High-battled,	3.13.29	Ant. III, 13, 29	headword on cited line							yes like enough highbattled csar will
High-coloured	High-coloured,	2.7.4	Ant. II, 7, 4	headword not found near cited line							lepidus is highcolored
Hint	Hint,	3.4.9	Ant. III, 4, 9	quotation on cited line, with differences			100%		t or did	when the best hint was given him, he not took it,	when the best hint was given him he not took t
Hint	Hint,	3.11.18	III, 11, 18	quotation on cited line						take the hint which my despair proclaims,	nor make replies of loathness take the hint
Hipparchus	Hipparchus,	3.13.149	Ant. III, 13, 149	headword on cited line							hipparchus my enfranched bondman whom
Hire2	Hire,	5.1.21	Ant. V, 1, 21	headword on cited line							nor by a hired knife but that self hand
Hire2	Hire,	5.1.21	Ant. V, 1, 21	headword on cited line							nor by a hired knife but that self hand
Hire2	Hire,	5.2.155	V, 2, 155	headword on cited line							than love thats hired what goest thou back thou shalt
Hirtius	Hirtius,	1.4.58	Ant. I, 4, 58	headword on cited line							hirtius and pansa consuls at thy heel
Hoist	Hoist,	3.10.15	Ant. III, 10, 15	headword on cited line							hoists sails and flies
Hoist	Hoist,	4.12.34	Ant. IV, 12, 34	quotation on cited line						and hoist thee up to the shouting plebeians,	and hoist thee up to the shouting plebeians
Hoist	Hoist,	5.2.55	V, 2, 55	headword on cited line							of dull octavia shall they hoist me up
Holding	Holding	2.7.117	Ant. II, 7, 117	quotation on cited line						the holding every man shall bear,	the holding every man shall bear as loud
Homage	Homage,	1.2.28	Ant. I, 2, 28	headword on cited line							whom herod of jewry may do homage find me
Homager	Homager,	1.1.31	Ant. I, 1, 31	headword on cited line							is csars homager else so thy cheek pays shame
Honoured	Honoured,	4.8.11	Ant. IV, 8, 11	quotation on cited line, with differences			80%	honoured	honored	kiss the honoured gashes whole,	the honored gashes whole give me thy hand
Hoo	Hoo,	2.7.141	Ant. II, 7, 141	headword not found near cited line							ho says a theres my cap
Hoop1	Hoop,	2.2.117	Ant. II, 2, 117	quotation on cited line						what hoop should hold us stanch,	what hoop should hold us stanch from edge to edge
Horned	Horned,	3.13.28	Ant. III, 13, 28	quotation elsewhere in scene	3.13.128	100	100%			the horned herd,	ourselves alone ill write it follow me
Horrible	Horrible,	2.5.63	Ant. II, 5, 63	headword on cited line							horrible villain or ill spurn thine eyes
Hostage	Hostage,	2.6.1	Ant. II, 6, 1	quotation on cited line						your hostages I have,	your hostages i have so have you mine
Hourly2	Hourly,	5.2.30	Ant. V, 2, 30	headword on cited line							the greatness he has got i hourly learn
Household	Household,	4.2.9	Ant. IV, 2, 9	quotation on cited line						call forth my household servants,	call forth my household servants lets tonight
Housewife	Housewife	4.15.44	Ant. IV, 15, 44	quotation on cited line						that the false housewife Fortune break her wheel,	that the false housewife fortune break her wheel
Humanity	Humanity,	5.1.32	Ant. V, 1, 32	quotation on cited line						a rarer spirit never did steer humanity	did steer humanity but you gods will give us
Hungry	Hungry,	2.2.242	Ant. II, 2, 242	headword on cited line							the appetites they feed but she makes hungry
Hurl	Hurl,	1.2.127	Ant. I, 2, 127	headword on cited line							what our contempt doth often hurl from us
Idle1	Idle,	5.2.50	Ant. V, 2, 50	quotation on cited line						if idle talk will once be necessary,	if idle talk will once be necessary
Idleness	Idleness,	1.2.134	Ant. I, 2, 134	headword on cited line							my idleness doth hatch how now enobarbus
Idleness	Idleness,	1.4.76	I, 4, 76	headword on cited line							thrives in our idleness tomorrow csar
Idleness	Idleness,	1.2.92	Ant. I, 2, 92	quotation in another scene	1.3.91					but that your royalty holds idleness your subject, I should take you for idleness itself,	fulvia thy wife first came into the field
Idleness	Idleness,	1.2.92	Ant. I, 2, 92	headword not found near cited line							fulvia thy wife first came into the field
Ill-rooted	Ill-rooted,	2.7.2	Ant. II, 7, 2	headword on cited line							their plants are illrooted already the least wind
Ill-uttering	Ill-uttering,	2.5.35	Ant. II, 5, 35	headword on cited line							down thy illuttering throat
Imagine	Imagine,	5.2.98	Ant. V, 2, 98	headword on cited line							to vie strange forms with fancy yet to imagine
Immoment	Immoment,	5.2.166	Ant. V, 2, 166	headword on cited line							immoment toys things of such dignity
Impatience	Impatience,	4.15.79	Ant. IV, 15, 79	headword on cited line							patience is scottish and impatience does
Impatience	Impatience,	2.2.68	Ant. II, 2, 68	headword on cited line							made out of her impatience which not wanted
Impatience	Impatience,	2.6.43	II, 6, 43	headword on cited line							put me to some impatience though i lose
Impediment	Impediment,	2.2.148	Ant. II, 2, 148	headword on cited line							dream of impediment let me have thy hand
Imperious	Imperious,	4.15.23	Ant. IV, 15, 23	quotation on cited line, with differences			80%	caesar		the imperious show of Caesar,	lest i be taken not the imperious show
Import1	Impórt,	3.4.3	Ant. III, 4, 3	quotation on cited line						thousands more of semblable impórt	of semblable import but he hath waged
Import2	Import,	2.2.135	Ant. II, 2, 135	quotation on cited line						all great fears, which now import their dangers,	and all great fears which now import their dangers
Import2	Import,	1.2.125	Ant. I, 2, 125	quotation on cited line						what else more serious importeth thee to know,	importeth thee to know this bears forbear me
Impossible	Impossible,	3.3.18	Ant. III, 3, 18	headword on cited line							like her o isis tis impossible
Impossible	Impossible,	3.7.57	III, 7, 57	headword on cited line							can he be there in person tis impossible
Impress2	Impréss,	3.7.37	Ant. III, 7, 37	headword on cited line							ingrossed by swift impress in csars fleet
In2	In,	2.7.38	Ant. II, 7, 38	quotation on cited line						I am not so well as I should be, but I'll ne'er out. Not till you have slept; I fear me you'll be in till then,	be in till then
Inclination	Inclination,	2.5.113	Ant. II, 5, 113	quotation on cited line						report the feature of Octavia, her years, her inclination	her inclination let him not leave out
Incline	Incline,	3.2.50	Ant. III, 2, 50	quotation on cited line						stands upon the swell at full of tide, and neither way inclines,	and neither way inclines
Incline	Incline,	4.6.14	Ant. IV, 6, 14	quotation on cited line, with differences			80%	caesar		to incline himself to Caesar,	great herod to incline himself to csar
Inclining	Inclining,	4.6.14	Ant. IV, 6, 14	headword on cited line							great herod to incline himself to csar
Inclip	Inclip,	2.7.74	Ant. II, 7, 74	quotation on cited line						whate'er the ocean pales, or sky inclips,	whateer the ocean pales or sky inclips
Increase2	Increase,	2.7.100	Ant. II, 7, 100	headword on cited line							drink thou increase the reels
Increase2	Increase,	2.2.165	Ant. II, 2, 165	headword on cited line							great and increasing but by sea
Indistinct	Indistinct,	4.14.10	Ant. IV, 14, 10	quotation on cited line						makes it i., as water is in water,	the rack dislimns and makes it indistinct
Indulgent	Indulgent,	1.4.16	Ant. I, 4, 16	headword on cited line							you are too indulgent let us grant it is not
Inevitable	Inevitable,	4.14.65	Ant. IV, 14, 65	headword on cited line							the inevitable prosecution of
Infamous	Infamous,	4.9.19	Ant. IV, 9, 19	headword on cited line							nobler than my revolt is infamous
Infectious	Infectious,	2.5.61	Ant. II, 5, 61	headword on cited line							the most infectious pestilence upon thee
Ingratitude	Ingratitude,	2.6.22	Ant. II, 6, 22	headword on cited line							to scourge the ingratitude that despiteful rome
Ingratitude	Ingratitude,	5.2.153	V, 2, 153	headword on cited line							the ingratitude of this seleucus does
Inhooped	Inhooped,	2.3.38	Ant. II, 3, 38	quotation on cited line						his quails ever beat mine inhooped	beat mine inhooped at odds i will to egypt
Injurious	Injurious,	4.15.76	Ant. IV, 15, 76	quotation on cited line						the injurious Gods,	to throw my sceptre at the injurious gods
Innocent3	Innocent,	2.5.77	Ant. II, 5, 77	quotation on cited line						some innocents scape not the thunderbolt,	some innocents scape not the thunderbolt
Inquire2	Inquire,	2.2.46	Ant. II, 2, 46	quotation on cited line, with differences			92%	this	his	my brother never did urge me in this act: I did inquire it,	did urge me in his act i did inquire it
Inroad	Inroad,	1.4.50	Ant. I, 4, 50	headword on cited line							with keels of every kind many hot inroads
Insolence	Insolence,	3.6.20	Ant. III, 6, 20	headword on cited line							who queasy with his insolence
Instant1	Instant,	2.2.104	Ant. II, 2, 104	quotation on cited line						for the instant	for the instant you may when you hear no more
Instruction	Instruction,	4.14.98	Ant. IV, 14, 98	quotation on cited line						have by their brave instruction got upon me a nobleness in record,	have by their brave instruction got upon me
Instruction	Instruction,	5.1.54	Ant. V, 1, 54	quotation on cited line, with differences			100%		confined in all she has her monument	the queen my mistress of thy intents desires instruction	of thy intents desires instruction
Intrinsicate	Intrinsicate,	5.2.307	Ant. V, 2, 307	quotation on cited line						with thy sharp teeth this knot intrinsicate of life at once untie,	with thy sharp teeth this knot intrinsicate
Invention	Invention,	3.12.29	Ant. III, 12, 29	quotation on cited line						add more, from thine i., offers,	from thine invention offers women are not
Ionia	Ionia,	1.2.107	Ant. I, 2, 107	headword on cited line							to lydia and to ionia
Ionian sea	Ionian sea,	3.7.23	Ant. III, 7, 23	headword on cited line							he could so quickly cut the ionian sea
Iras	Iras,	1.2.43	Ant. I, 2, 43	headword on cited line							nay come tell iras hers
Itch1	Itch,	3.13.7	Ant. III, 13, 7	quotation on cited line						the itch of his affection,	the itch of his affection should not then
Jade2	Jade,	3.1.34	Ant. III, 1, 34	quotation on cited line, with differences			spacing			the ne'er yet beaten horse of Parthia we have jaded out o'the field,	we have jaded out o the field where is he now
Jaw	Jaw,	2.5.13	Ant. II, 5, 13	headword on cited line							their slimy jaws and as i draw them up
Jewry	Jewry,	1.2.28	Ant. I, 2, 28	headword on cited line							whom herod of jewry may do homage find me
Jewry	Jewry,	3.3.3	III, 3, 3	headword on cited line							herod of jewry dare not look upon you
Jewry	Jewry,	3.6.73	III, 6, 73	headword on cited line							herod of jewry mithridates king
Jewry	Jewry,	4.6.12	IV, 6, 12	headword on cited line							alexas did revolt and went to jewry on
Jezebel	Jezebel,	4.6.12	IV, 6, 12	headword not found near cited line							alexas did revolt and went to jewry on
Joint3	Joint,	1.2.96	Ant. I, 2, 96	quotation on cited line, with differences			60%	jointing caesar		jointing their force 'gainst Caesar,	made friends of them joining their force gainst csar
Jolly	Jolly,	2.7.65	Ant. II, 7, 65	headword on cited line							be jolly lords these quicksands lepidus
Jolly	Jolly,	4.8.30	IV, 8, 30	headword on cited line							through alexandria make a jolly march
Jump1	Jump,	3.8.6	Ant. III, 8, 6	quotation on cited line						our fortune lies upon this jump	upon this jump
June	June,	3.10.14	Ant. III, 10, 14	headword on cited line							the breese upon her like a cow in june
Junius	Junius,	3.10.14	Ant. III, 10, 14	headword not found near cited line							the breese upon her like a cow in june
Justeius	Justeius	3.7.73	Ant. III, 7, 73	headword on cited line							marcus octavius marcus justeius
Keel1	Keel,	1.4.50	Ant. I, 4, 50	headword on cited line							with keels of every kind many hot inroads
Keel1	Keel,	3.0	III Prol. 46	not a citation of this play							
Keep2	Keep,	3.2.36	Ant. III, 2, 36	headword on cited line							for what you seem to fear so the gods keep you
Keep2	Keep,	2.3.19	Ant. II, 3, 19	quotation on cited line						thy spirit which keeps thee,	thy demon thats thy spirit which keeps thee is
Keep2	Keep,	2.5.75	Ant. II, 5, 75	quotation on cited line						keep yourself within yourself,	good madam keep yourself within yourself
Keep2	Keep,	3.7.71	III, 7, 71	quotation on cited line						you keep by land the legions and the horse whole,	and we are womens men you keep by land
Keep2	Keep,	5.2.80	Ant. V, 2, 80	headword not found near cited line							a sun and moon which kept their course and lighted
Keep2	Keep,	1.2.77	Ant. I, 2, 77	quotation on cited line						keep decorum,	therefore dear isis keep decorum and fortune him
Keep2	Keep,	5.2.17	V, 2, 17	headword on cited line							that majesty to keep decorum must
Keep2	Keep,	1.4.19	I, 4, 19	quotation on cited line						keep the turn of tippling,	and keep the turn of tippling with a slave
Keep2	Keep,	2.2.200	II, 2, 200	quotation on cited line						which to the tune of flutes kept stroke,	which to the tune of flutes kept stroke and made
Keep2	Keep,	1.3.22	Ant. I, 3, 22	headword on cited line							let her not say tis i that keep you here
Keep2	Keep,	2.7.72	Ant. II, 7, 72	quotation on cited line						I have kept me from the cup,	now pompey i have kept me from the cup
Keep2	Keep,	4.14.38	IV, 14, 38	quotation on cited line						the seven-fold shield of Ajax cannot keep the battery from my heart,	the sevenfold shield of ajax cannot keep
Keep2	Keep,	3.11.35	Ant. III, 11, 35	quotation on cited line						kept his sword e'en like a dancer,	yes my lord yes he at philippi kept
Keep2	Keep,	2.7.66	Ant. II, 7, 66	quotation on cited line						keep off them,	keep off them for you sink
Keep2	Keep,	3.7.75	III, 7, 75	quotation on cited line						we keep whole by land,	but we keep whole by land this speed of csars
Keep2	Keep,	3.8.3	III, 8, 3	headword on cited line							strike not by land keep whole provoke not battle
Kindle1	Kindle,	5.1.46	Ant. V, 1, 46	headword on cited line							where mine his thoughts did kindle that our stars
Kindle1	Kindle,	1.1.258	I, 1, 258	quotation not found; headword not found near cited line						r.	(no such line)
Kindly1	Kindly,	2.5.78	Ant. II, 5, 78	quotation on cited line						melt Egypt into Nile, and kindly creatures turn all to serpents,	melt egypt into nile and kindly creatures
Kingly1	Kingly,	3.13.125	Ant. III, 13, 125	quotation on cited line						seal,	my playfellow your hand this kingly seal
Knit2	Knit,	2.2.128	Ant. II, 2, 128	quotation on cited line						to knit your hearts,	to make you brothers and to knit your hearts
Knit2	Knit,	2.6.122	II, 6, 122	quotation on cited line						for ever knit together,	then is csar and he for ever knit
Knit2	Knit,	3.13.171	Ant. III, 13, 171	quotation on cited line, with differences			100%		too	our severed navy have knit again,	have knit again and fleet threatening most sealike
Knowing2	Knowing,	3.3.26	Ant. III, 3, 26	quotation on cited line						he's very knowing	cannot make better note hes very knowing
Knowledge	Knowledge,	2.2.91	Ant. II, 2, 91	quotation on cited line						poisoned hours had bound me up from mine own knowledge	from mine own knowledge as nearly as i may
Knowledge	Knowledge,	4.12.6	Ant. IV, 12, 6	quotation on cited line						dare not speak their knowledge	and dare not speak their knowledge antony
Knowledge	Knowledge,	1.4.31	Ant. I, 4, 31	quotation on cited line						being mature in knowledge	as we rate boys who being mature in knowledge
Knowledge	Knowledge,	3.7.46	III, 7, 46	quotation on cited line						leave unexecuted your own renowned knowledge	your own renowned knowledge quite forego
Labienus	Labienus,	1.2.104	Ant. I, 2, 104	prose row break	1.2.103	-1					this is stiff newshath with his parthian force
Labour2	Labour,	2.6.14	Ant. II, 6, 14	headword on cited line							there saw you laboring for him what wast
Lace1	Lace,	1.3.71	Ant. I, 3, 71	headword on cited line							as thou affectst cut my lace charmian come
Lacquey2	Lacquey	1.4.46	Ant. I, 4, 46	quotation on cited line, with differences			88%	lacqueying	lackeying	goes to and back, lacqueying the varying tide,	goes to and back lackeying the varying tide
Laden	Laden,	3.11.5	Ant. III, 11, 5	headword on cited line							laden with gold take that divide it fly
Laden	Laden,	5.2.123	V, 2, 123	headword on cited line							been laden with like frailties which before
Lamentably	Lamentably,	3.10.26	Ant. III, 10, 26	headword on cited line							and sinks most lamentably had our general
Lamp	Lamp,	1.4.5	Ant. I, 4, 5	headword on cited line							the lamps of night in revel is not more manlike
Lamp	Lamp,	4.15.85	Ant. IV, 15, 85	quotation on cited line						our lamp is spent, it's out,	our lamp is spent its out good sirs take heart
Lance2	Lance,	5.1.36	Ant. V, 1, 36	quotation on cited line						we do lance diseases in our bodies,	i have followed thee to this but we do lance
Landlord	Landlord,	3.13.72	Ant. III, 13, 72	quotation on cited line						put yourself under his shrowd, the universal landlord	the universal landlord whats your name
Landmen	Landmen,	4.3.11	Ant. IV, 3, 11	headword on cited line							our landmen will stand up tis a brave army
Languish1	Languish,	5.2.42	Ant. V, 2, 42	quotation on cited line, with differences			100%		too	death that rids our dogs of languish	that rids our dogs of languish cleopatra
Lank2	Lank,	1.4.71	Ant. I, 4, 71	quotation on cited line						thy cheek so much as lanked not,	so much as lanked not tis pity of him
Large	Large,	3.6.93	Ant. III, 6, 93	quotation on cited line						most large in his abominations,	only the adulterous antony most large
Large	Large,	2.6.34	Ant. II, 6, 34	headword on cited line							to try a larger fortune you have made me offer
Large	Large,	3.6.76	Ant. III, 6, 76	quotation on cited line, with differences			83%	r	larger	a more --r list of sceptres,	with a more larger list of sceptres ay me most wretched
Lastly	Lastly,	3.6.27	Ant. III, 6, 27	headword on cited line							some shipping unrestored lastly he frets
Lated	Lated,	3.11.3	Ant. III, 11, 3	headword on cited line							i am so lated in the world that i
Latter	Latter,	4.6.39	Ant. IV, 6, 39	quotation on cited line, with differences			89%	foulest	foulst	the foulest best fits my latter part of life,	my latter part of life
Launch2	Launch,	5.1.36	Ant. V, 1, 36	quotation on cited line, with differences			86%	launch	lance	we do launch diseases in our bodies,	i have followed thee to this but we do lance
Laurel	Laurel,	1.3.100	Ant. I, 3, 100	quotation on cited line						laurel victory,	sit laurel victory and smooth success
Laurel	Laurel,	1.3.100	Ant. I, 3, 100	headword on cited line							sit laurel victory and smooth success
Laurelld	Laurell'd,	1.3.100	Ant. I, 3, 100	headword on cited line							sit laurel victory and smooth success
Laurelld	Laurell'd,	1.3.100	Ant. I, 3, 100	headword on cited line							sit laurel victory and smooth success
Leaky	Leaky,	3.13.63	Ant. III, 13, 63	headword on cited line							i will ask antony sir sir thou art so leaky
Leap2	Leap,	4.8.14	Ant. IV, 8, 14	quotation on cited line, with differences			100%		attire and all through proof of harness	leap thou to my heart,	chain mine armed neck leap thou attire and all
Leap2	Leap,	3.13.51	Ant. III, 13, 51	quotation on cited line						our master will leap to be his friend,	will leap to be his friend for us you know
Leave-taking	Leave-taking,	5.2.301	Ant. V, 2, 301	headword on cited line							it is not worth leavetaking
Leisure	Leisure,	1.3.60	Ant. I, 3, 60	quotation on cited line						at thy sovereign leisure read the garboils,	look here and at thy sovereign leisure read
Lepidus	Lepidus,	1.4.1	Ant. I, 4, 1	headword on cited line							you may see lepidus and henceforth know
Lepidus	Lepidus,	2.1.14	II, 1, 14	headword on cited line							he loses hearts lepidus flatters both
Less1	Less,	2.1.31	Ant. II, 1, 31	headword on cited line							a space for further travel i could have given less matter
Less1	Less,	5.2.365	Ant. V, 2, 365	quotation on cited line						their story is no less in pity than his glory,	no less in pity than his glory which
Less1	Less,	5.2.18	Ant. V, 2, 18	headword on cited line							no less beg than a kingdom if he please
Less1	Less,	1.4.40	Ant. I, 4, 40	headword on cited line							give him much wronged i should have known no less
Lessen	Lessen,	3.12.13	Ant. III, 12, 13	headword on cited line							he lessens his requests and to thee sues
Lesser1	Lesser,	2.1.43	Ant. II, 1, 43	quotation on cited line						enmities,	how lesser enmities may give way to greater
Lethe	Lethe,	2.7.114	Ant. II, 7, 114	quotation on cited line						wine hath steeped our sense in soft and delicate Lethe	in soft and delicate lethe all take hands
Lethed	Lethe'd	2.1.27	Ant. II, 1, 27	quotation on cited line, with differences			92%	honour	honor	sleep and feeding may prorogue his honour even till a Lethe'd dulness,	even till a letheed dulness how now varrius
Level2	Level,	4.15.15	Ant. IV, 15	quotation elsewhere in scene	4.15.65-66	50	100%			young boys and girls are level now with men,	but antonys hath triumphed on itself
Level2	Level,	4.15.15	Ant. IV, 15	headword not found near cited line							but antonys hath triumphed on itself
Level3	Level,	5.2.339	Ant. V, 2, 339	quotation on cited line, with differences			80%	leveled	levelled	she leveled at our purposes,	she levelled at our purposes and being royal
Levity	Levity,	2.7.128	Ant. II, 7, 128	headword on cited line							frowns at this levity gentle lords lets part
Levity	Levity,	3.7.14	III, 7, 14	headword on cited line							traduced for levity and tis said in rome
Liberal-conceited	Liberal-conceited,	2.6.48	Ant. II, 6, 48	headword not found near cited line							and am well studied for a liberal thanks
Libertine	Libertine,	2.1.23	Ant. II, 1, 23	headword on cited line							tie up the libertine in a field of feasts
License1	License,	1.2.112	Ant. I, 2, 112	quotation on cited line						taunt my faults with such full license	with such full license as both truth and malice
Lichas	Lichas,	4.12.45	Ant. IV, 12, 45	headword off by 1	4.12.44	-1					and with those hands that grasped the heaviest club
Lictor	Lictor,	5.2.214	Ant. V, 2, 214	headword on cited line							nay tis most certain iras saucy lictors
Lief	Lief	2.7.13	Ant. II, 7, 13	headword on cited line							great mens fellowship i had as lief have a reed
Lieutenantry	Lieutenantry,	3.11.39	Ant. III, 11, 39	quotation on cited line						he alone dealt on lieutenantry	dealt on lieutenantry and no practice had
Life-rendering	Life-rendering,	4.14.33	Ant. IV, 14, 33	headword not found near cited line							between her heart and lips she rendered life
Light2	Light,	2.2.182	Ant. II, 2, 182	quotation on cited line						made the night light with drinking,	countenance and made the night light with drinking
Light5	Light,	5.2.80	Ant. V, 2, 80	quotation on cited line						lighted the little O, the earth,	a sun and moon which kept their course and lighted
Lightly	Lightly,	4.14.138	Ant. IV, 14, 138	quotation on cited line						seeming to bear it lightly	seeming to bear it lightly take me up
Lightness	Lightness,	1.4.25	Ant. I, 4, 25	headword on cited line							so great weight in his lightness if he filled
Lightning	Lightning,	3.13.195	Ant. III, 13, 195	headword on cited line							now hell outstare the lightning to be furious
Like2	Like,	5.2.353	Ant. V, 2, 353	headword on cited line							the like is on her arm
Linger	Linger,	2.5.66	Ant. II, 5, 66	quotation on cited line						smarting in lingering pickle,	smarting in lingering pickle gracious madam
Link3	Link,	1.2.193	Ant. I, 2, 193	headword on cited line							whose love is never linked to the deserver
Lip2	Lip,	2.5.30	Ant. II, 5, 30	quotation on cited line, with differences			83%	liped		a hand that kings have liped,	have lipped and trembled kissing
List2	List,	3.6.76	Ant. III, 6, 76	quotation on cited line						a more larger list of sceptres,	with a more larger list of sceptres ay me most wretched
List	List,	4.3.12	Ant. IV, 3, 12	headword on cited line							and full of purpose peace what noise list list
List	List,	4.9.6	Ant. IV, 9, 6	headword on cited line							what man is this stand close and list him
Liver2	Liver,	1.2.23	Ant. I, 2, 23	headword on cited line							i had rather heat my liver with drinking
Livia	Livia,	5.2.169	Ant. V, 2, 169	headword on cited line							for livia and octavia to induce
Load2	Load,	3.11.5	Ant. III, 11, 5	headword not found near cited line							laden with gold take that divide it fly
Load2	Load,	5.2.123	V, 2, 123	headword not found near cited line							been laden with like frailties which before
Load2	Load,	3.11.5	Ant. III, 11, 5	headword not found near cited line							laden with gold take that divide it fly
Load2	Load,	5.2.123	V, 2, 123	headword not found near cited line							been laden with like frailties which before
Loath	Loath,	5.2.107	Ant. V, 2, 107	headword on cited line							i am loath to tell you what i would you knew
Loathness	Loathness,	3.11.18	Ant. III, 11, 18	headword on cited line							nor make replies of loathness take the hint
Loofed	Loofed,	3.10.18	Ant. III, 10, 18	quotation on cited line						she once being loofed	endure a further view she once being loofed
Loose1	Loose,	4.12.28	Ant. IV, 12, 28	headword on cited line							like a right gipsy hath at fast and loose
Loose-wived	Loose-wived,	1.2.75	Ant. I, 2, 75	headword on cited line							a handsome man loosewived so it is a deadly
Lordliness	Lordliness,	5.2.161	Ant. V, 2, 161	quotation on cited line, with differences			90%	honour	honor	doing the honour of thy lordliness to one so meek,	doing the honor of thy lordliness
Lottery	Lottery,	2.2.248	Ant. II, 2, 248	quotation on cited line						Octavia is a blessed lottery to him,	a blessed lottery to him let us go
Loud2	Loud,	2.2.6	Ant. II, 2, 6	headword on cited line							and speak as loud as mars by jupiter
Loud2	Loud,	2.7.117	II, 7, 117	headword on cited line							the holding every man shall bear as loud
Loud2	Loud,	3.4.17	III, 4, 17	headword on cited line							undo that prayer by crying out as loud
Loud2	Loud,	2.2.21	Ant. II, 2, 21	quotation on cited line						when we debate our trivial difference loud	our trivial difference loud we do commit
Loud2	Loud,	1.4.29	Ant. I, 4, 29	quotation on cited line						such time that . . . speaks as loud as his own state,	that drums him from his sport and speaks as loud
Low1	Low,	3.6.10	Ant. III, 6, 10	quotation on cited line						lower Syria,	of lower syria cyprus lydia
Low1	Low,	3.3.36	Ant. III, 3, 36	headword off by 1	3.3.37	1					brown madam and her forehead
Low1	Low,	3.1.12	Ant. III, 1, 12	headword on cited line							i have done enough a lower place note well
Low1	Low,	3.3.15	Ant. III, 3, 15	quotation on cited line						is she shrill-tongued or l.?	didst hear her speak is she shrilltongued or low
Lower1	Lower,	1.2.129	Ant. I, 2, 129	quotation on cited line						the present pleasure, by revolution lowering,	by revolution lowering does become
Lowness	Lowness,	2.7.22	Ant. II, 7, 22	quotation on cited line						they know by the height, the l., or the mean, if dearth or foison follow,	by the height the lowness or the mean if dearth
Lowness	Lowness,	3.11.63	Ant. III, 11, 63	quotation on cited line						dodge and palter in the shifts of lowness	and palter in the shifts of lowness who
Low-tongued	Low-tongued,	3.3.15	Ant. III, 3, 15	quotation on cited line						shrilltongued or low?	didst hear her speak is she shrilltongued or low
Low-voiced	Low-voiced,	3.3.16	Ant. III, 3, 16	headword on cited line							madam i heard her speak she is lowvoiced
Lucius	Lucius,	1.2.94	Ant. I, 2, 94	prose row break	1.2.93	-1					ay
Lucky	Lucky,	3.13.180	Ant. III, 13, 180	quotation on cited line						when mine hours were nice and lucky	were nice and lucky men did ransom lives
Lustre	Lustre,	2.3.27	Ant. II, 3, 27	headword on cited line							he beats thee gainst the odds thy lustre thickens
Lust-wearied	Lust-wearied,	2.1.38	Ant. II, 1, 38	headword on cited line							the neerlustwearied antony i cannot hope
Luxuriously	Luxuriously,	3.13.120	Ant. III, 13, 120	quotation on cited line, with differences			100%		unregistered in vulgar fame	what hotter hours you have luxuriously picked out,	luxuriously picked out for i am sure
Lycaonia	Lycaonia,	3.6.75	Ant. III, 6, 75	headword on cited line							the kings of mede and lycaonia
Lychorida	Lychorida,	3.0	III Prol. 43	not a citation of this play							
Lychorida	Lychorida,	3.1.6	III, 1, 6	headword not found near cited line							whilst yet with parthian blood thy sword is warm
Lydia	Lydia,	1.2.107	Ant. I, 2, 107	headword on cited line							to lydia and to ionia
Lydia	Lydia,	3.6.10	III, 6, 10	headword on cited line							of lower syria cyprus lydia
Magical	Magical,	3.1.31	Ant. III, 1, 31	headword on cited line							that magical word of war we have effected
Main2	Main,	1.2.198	Ant. I, 2, 198	headword on cited line							for the main soldier whose quality going on
Malchus	Malchus	3.6.72	Ant. III, 6, 72	headword on cited line							king malchus of arabia king of pont
Malefactor	Malefactor,	2.5.53	Ant. II, 5, 53	headword on cited line							some monstrous malefactor prithee friend
Maliciously	Maliciously,	3.13.179	Ant. III, 13, 179	quotation on cited line						I will be treble-sinewed, hearted, breathed, and fight maliciously	and fight maliciously for when mine hours
Mallard	Mallard,	3.10.20	Ant. III, 10, 20	headword on cited line							claps on his seawing and like a doting mallard
Man3	Man,	3.7.35	Ant. III, 7, 35	quotation on cited line, with differences			83%	maned		your ships are not well maned,	and so should you your ships are not well manned
Man3	Man,	3.7.35	Ant. III, 7, 35	headword on cited line	3.7.52		100%			with the rest fullmanned,	and so should you your ships are not well manned
Man3	Man,	4.11.3	IV, 11, 3	quotation on cited line						to man his galleys,	is forth to man his galleys to the vales
Manage2	Manage,	3.7.16	Ant. III, 7, 16	quotation on cited line, with differences			100%		an eunuch	Photinus and your maids manage this war,	manage this war sink rome and their tongues rot
Mandate	Mandate,	1.1.22	Ant. I, 1, 22	headword on cited line							his powerful mandate to you do this or this
Mandragora	Mandragora,	1.5.4	Ant. I, 5, 4	headword on cited line							give me to drink mandragora why madam
Mangle	Mangle,	4.2.27	Ant. IV, 2, 27	headword on cited line							a mangled shadow perchance tomorrow
Man-like	Man-like,	1.4.5	Ant. I, 4, 5	quotation on cited line						not more man-like than Cleopatra,	the lamps of night in revel is not more manlike
Marble-constant	Marble-constant,	5.2.240	Ant. V, 2, 240	headword on cited line							i am marbleconstant now the fleeting moon
Marcellus	Marcellus,	2.6.118	Ant. II, 6, 118	headword on cited line							marcellus
Maritime	Maritime,	1.4.51	Ant. I, 4, 51	quotation on cited line						the borders maritime	they make in italy the borders maritime
Market-maid	Market-maid,	3.6.51	Ant. III, 6, 51	quotation on cited line						you are come a market-maid to Rome,	a marketmaid to rome and have prevented
Master-leaver	Master-leaver,	4.9.22	Ant. IV, 9, 22	headword on cited line							a masterleaver and a fugitive
Mate1	Mate,	5.1.43	Ant. V, 1, 43	quotation on cited line						my mate in empire,	in top of all design my mate in empire
Mattress	Mattress,	2.6.71	Ant. II, 6, 71	headword on cited line							a certain queen to csar in a mattress
Mature	Mature,	1.4.31	Ant. I, 4, 31	headword on cited line							as we rate boys who being mature in knowledge
Maul	Maul,	4.7.14	Ant. IV, 7, 14	quotation on cited line						'tis sport to maul a runner,	tis sport to maul a runner i will reward thee
Meal1	Meal,	4.2.10	Ant. IV, 2, 10	headword on cited line							be bounteous at our meal give me thy hand
Measure1	Measure,	1.1.2	Ant. I, 1, 2	quotation on cited line, with differences			100%		of our generals	this dotage o'erflows the measure	oerflows the measure those his goodly eyes
Measure1	Measure,	2.6.37	Ant. II, 6, 37	quotation on cited line						send measures of wheat to Rome,	measures of wheat to rome this greed upon
Measure1	Measure,	3.4.8	Ant. III, 4, 8	quotation on cited line						most narrow measure lent me,	he vented them most narrow measure lent me
Measure1	Measure,	3.13.35	III, 13, 35	quotation on cited line, with differences			93%	caesar	csar	that he should dream, knowing all measures, the full Caesar will answer his emptiness,	knowing all measures the full csar will
Mechanic2	Mechanic,	5.2.209	Ant. V, 2, 209	quotation on cited line						mechanic slaves with greasy aprons,	in rome as well as i mechanic slaves
Mechanic2	Mechanic,	4.4.32	IV, 4, 32	quotation on cited line						to stand on more mechanic compliment,	on more mechanic compliment ill leave thee
Mede	Mede,	3.6.75	Ant. III, 6, 75	headword on cited line							the kings of mede and lycaonia
Media	Media,	3.1.7	Ant. III, 1, 7	headword on cited line							the fugitive parthians follow spur through media
Media	Media,	3.6.14	III, 6, 14	quotation on cited line						Great Media	great media parthia and armenia
Mediation	Mediation,	5.2.170	Ant. V, 2, 170	quotation on cited line, with differences			100%		i have kept apart	some nobler token for Livia and Octavia, to induce their mediation	their mediation must i be unfolded
Medicine1	Medicine,	1.5.36	Ant. I, 5, 36	quotation on cited line						coming from him, that great medicine hath with his tinct gilded thee,	yet coming from him that great medicine hath
Meek	Meek,	5.2.162	Ant. V, 2, 162	quotation on cited line, with differences			90%	honour	honor	doing the honour of thy lordliness to one so meek	to one so meek that mine own servant should
Meetly	Meetly,	1.3.81	Ant. I, 3, 81	quotation on cited line						you can do better yet, but this is meetly	you can do better yet but this is meetly
Melt	Melt	2.5.34	Ant. II, 5, 34	quotation on cited line, with differences			100%		i give thee	the gold will I melt	the gold i give thee will i melt and pour
Melt	Melt	4.12.22	Ant. IV, 12, 22	quotation on cited line, with differences			70%	the hearts caesar		the hearts . . . do discandy, melt their sweets on blossoming Caesar,	their wishes do discandy melt their sweets
Melt	Melt	1.1.33	Ant. I, 1, 33	quotation on cited line						let Rome in Tiber melt	let rome in tiber melt and the wide arch
Melt	Melt	2.5.78	II, 5, 78	quotation on cited line						melt Egypt into Nile,	melt egypt into nile and kindly creatures
Melt	Melt	3.13.90	III, 13, 90	quotation on cited line						authority melts from me,	authority melts from me of late when i cried ho
Melt	Melt	4.15.63	IV, 15, 63	quotation on cited line, with differences			spacing			the crown o'the earth doth melt	the crown o the earth doth melt my lord
Menas	Menas,	1.4.48	Ant. I, 4, 48	headword on cited line							menecrates and menas famous pirates
Menas	Menas,	2.1.32	II, 1, 32	headword on cited line							a better ear menas i did not think
Menas	Menas,	2.6.99	II, 6, 99	headword on cited line							give me your hand menas if our eyes had
Menecrates	Menecrates,	1.4.48	Ant. I, 4, 48	headword on cited line							menecrates and menas famous pirates
Menelaus	Menelaus,	1.4.48	Ant. I, 4, 48	headword not found near cited line							menecrates and menas famous pirates
Merchandize	Merchandize,	2.5.104	Ant. II, 5, 104	quotation on cited line, with differences			88%	merchandize	merchandise which thou hast brought from rome	the merchandize are all too dear for me,	the merchandise which thou hast brought from rome
Mere	Mere,	3.13.43	Ant. III, 13, 43	quotation on cited line						make our faith mere folly,	our faith mere folly yet he that can endure
Mered	Mered,	3.13.10	Ant. III, 13, 10	quotation on cited line, with differences			80%	mered	meered	he being the mered question,	the meered question twas a shame no less
Merely	Merely,	3.13.62	Ant. III, 13, 62	headword on cited line							but conquered merely to be sure of that
Merely	Merely,	3.7.9	Ant. III, 7, 9	quotation on cited line						the horse were merely lost,	the horse were merely lost the mares would bear
Merely	Merely,	3.7.9	Ant. III, 7, 9	headword on cited line	3.7.48		100%			give up yourself merely to chance,	the horse were merely lost the mares would bear
Merit1	Merit,	5.2.178	Ant. V, 2, 178	quotation on cited line						when we fall we answer others' merits in our name,	we answer others merits in our name
Merit1	Merit,	2.7.61	Ant. II, 7, 61	quotation on cited line						if for the sake of merit thou wilt hear me, rise from thy stool,	if for the sake of merit thou wilt hear me
Mesopotamia	Mesopotamia,	3.1.8	Ant. III, 1, 8	headword on cited line							mesopotamia and the shelters whither
Metal	Metal	1.2.147	Ant. I, 2, 147	quotation on cited line, with differences			93%	metal	mettle	I do think there is metal in death, which commits some loving act upon her,	moment i do think there is mettle in death
Method	Method,	1.3.7	Ant. I, 3, 7	quotation on cited line						you do not hold the method to enforce the like from him,	you do not hold the method to enforce
Midst1	Midst,	3.10.11	Ant. III, 10, 11	quotation on cited line, with differences			67%	in of	o	in the midst of the fight,	whom leprosy oertake i the midst o the fight
Midst1	Midst,	4.14.31	IV, 14, 31	quotation on cited line						then in the midst a tearing groan did break the name of Antony,	then in the midst a tearing groan did break
Midway1	Midway,	3.4.19	Ant. III, 4, 19	quotation on cited line						no midway 'twixt these extremes at all,	prays and destroys the prayer no midway
Might1	Might,	3.12.17	Ant. III, 12, 17	quotation on cited line						submits her to thy might	submits her to thy might and of thee craves
Mightily	Mightily,	1.3.25	Ant. I, 3, 25	headword on cited line							so mightily betrayed yet at the first
Million	Million	1.2.39	Ant. I, 2, 39	headword on cited line							and fertile every wish a million
Million	Million	4.14.18	IV, 14, 18	headword on cited line							a million more now lost she eros has
Mince	Mince,	1.2.109	Ant. I, 2, 109	quotation on cited line						speak to me home, mince not the general tongue,	speak to me home mince not the general tongue
Mingle1	Mingle,	1.5.59	Ant. I, 5, 59	quotation on cited line						O heavenly mingle	o heavenly mingle best thou sad or merry
Mingle1	Mingle,	4.8.37	IV, 8, 37	quotation on cited line, with differences			100%		with brazen din blast you the citys ear	trumpeters, make mingle with our rattling tabourines,	make mingle with our rattling tabourines
Mingle2	Mingle,	3.13.156	Ant. III, 13, 156	quotation on cited line						mingle eyes with one that ties his points,	to flatter csar would you mingle eyes
Mingle2	Mingle,	4.8.20	Ant. IV, 8, 20	quotation on cited line						though grey do something mingle with our younger brown,	do something mingle with our younger brown yet ha we
Mingle2	Mingle,	4.14.24	IV, 14, 24	quotation on cited line						her fortunes mingled with thine entirely,	my mistress loved thee and her fortunes mingled
Mirror	Mirror,	5.1.34	Ant. V, 1, 34	headword on cited line							when such a spacious mirrors set before him
Misdoubt2	Misdoubt,	3.7.63	Ant. III, 7, 63	quotation on cited line						do you misdoubt this sword?	trust not to rotten planks do you misdoubt
Misenum	Misenum	2.2.163	Ant. II, 2, 163	headword on cited line							about the mount misenum
Mislike2	Mislike,	3.13.147	Ant. III, 13, 147	quotation on cited line						if he mislike my speech and what is done,	into the abysm of hell if he mislike
Missive	Missive,	2.2.74	Ant. II, 2, 74	quotation on cited line						did gibe my missive out of audience,	did gibe my missive out of audience sir
Mistake	Mistake,	2.2.45	Ant. II, 2, 45	quotation on cited line						you do mistake your business,	you do mistake your business my brother never
Misthink	Misthink,	5.2.176	Ant. V, 2, 176	quotation on cited line, with differences			100%		the greatest	we are misthought for things that others do,	be it known that we the greatest are misthought
Mithridates	Mithridates,	3.6.73	Ant. III, 6, 73	headword on cited line							herod of jewry mithridates king
Mo	Mo	4.14.18	Ant. IV, 14, 18	quotation on cited line, with differences			67%	moe		a million moe,	a million more now lost she eros has
Modena	Modena,	1.4.57	Ant. I, 4, 57	headword on cited line							wast beaten from modena where thou slewst
Modern	Modern,	5.2.167	Ant. V, 2, 167	quotation on cited line						immoment toys, things of such dignity as we greet modern friends withal,	as we greet modern friends withal and say
Modest	Modest,	4.15.27	Ant. IV, 15, 27	headword on cited line							your wife octavia with her modest eyes
Moiety	Moiety,	5.1.19	Ant. V, 1, 19	headword on cited line							a moiety of the world he is dead csar
Moist2	Moist,	5.2.285	Ant. V, 2, 285	quotation on cited line						no more the juice of Egypt's grape shall moist this lip,	the juice of egypts grape shall moist this lip
Monster-like	Monster-like,	4.12.36	Ant. IV, 12, 36	quotation on cited line, with differences			86%	poorest	poorst	most monster-like be shown for poorest diminutives,	of all thy sex most monsterlike be shown
Mood	Mood,	3.13.196	Ant. III, 13, 196	quotation on cited line						in that mood the dove will peck the estridge,	is to be frighted out of fear and in that mood
Mood	Mood,	3.0	III Prol. 46	not a citation of this play							
Moody	Moody,	2.5.1	Ant. II, 5, 1	quotation on cited line						music, moody food of us that trade in love,	give me some music music moody food
Morsel	Morsel,	1.5.31	Ant. I, 5, 31	quotation on cited line						I was a morsel for a monarch,	a morsel for a monarch and great pompey
Morsel	Morsel,	3.13.116	III, 13, 116	quotation on cited line, with differences			91%	caesars	csars	I found you as a morsel cold upon dead Caesar's trencher,	i found you as a morsel cold upon
Motive	Motive,	2.2.96	Ant. II, 2, 96	quotation on cited line						myself, the ignorant m., do so far ask pardon,	for which myself the ignorant motive do
Mount1	Mount,	2.2.163	Ant. II, 2, 163	quotation on cited line						about the Mount Misenum,	about the mount misenum
Mount1	Mount,	2.4.6	Ant. II, 4, 6	headword on cited line							as i conceive the journey be at the mount
Mouth-made	Mouth-made,	1.3.30	Ant. I, 3, 30	quotation on cited line						mouth-made vows,	to be entangled with those mouthmade vows
Mud1	Mud,	2.7.30	Ant. II, 7, 30	headword on cited line							your mud by the operation of your sun so is your
Mud1	Mud,	5.2.58	V, 2, 58	headword on cited line							be gentle grave unto me rather on nilus mud
Mule	Mule,	4.6.24	Ant. IV, 6, 24	headword on cited line							unloading of his mules i give it you
Muleter	Muleter	3.7.36	Ant. III, 7, 36	headword on cited line							your mariners are muleters reapers people
Murmur2	Murmur,	1.5.25	Ant. I, 5, 25	quotation on cited line						murmuring 'Where's my serpent of old Nile'?	or murmuring wheres my serpent of old nile
Muse2	Muse,	3.13.83	Ant. III, 13, 83	quotation on cited line						when he hath mused of taking kingdoms in,	when he hath mused of taking kingdoms in
Muss	Muss,	3.13.91	Ant. III, 13, 91	quotation on cited line						when I cried Ho, like boys unto a m., kings would start forth,	like boys unto a muss kings would start forth
Muster1	Muster,	1.1.3	Ant. I, 1, 3	quotation on cited line, with differences			100%		goodly	his eyes, that o'er the files and musters of the war have glowed like plated Mars,	that oer the files and musters of the war
Mutual	Mutual,	1.1.37	Ant. I, 1, 37	quotation on cited line						when such a mutual pair and such a twain can do't,	is to do thus when such a mutual pair
Nag	Nag,	3.10.10	Ant. III, 10, 10	quotation on cited line, with differences			80%	you		you ribaudred nag of Egypt,	where death is sure yon ribaudred nag of egypt
Narcissus	Narcissus,	2.5.96	Ant. II, 5, 96	headword on cited line							hadst thou narcissus in thy face to me
Natural1	Natural,	1.4.2	Ant. I, 4, 2	quotation on cited line, with differences			67%	caesars		Caesar's natural vice,	it is not csars natural vice to hate
Natural1	Natural,	2.4.26	II, 4, 26	quotation not found; headword not found near cited line						natural luck,	(no such line)
Nearly	Nearly,	2.2.91	Ant. II, 2, 91	quotation on cited line						as nearly as I may, I'll play the penitent to you,	from mine own knowledge as nearly as i may
Necessary	Necessary,	5.2.50	Ant. V, 2, 50	headword on cited line							if idle talk will once be necessary
Neer-lust-wearied	Ne'er-lust-wearied	2.1.38	Ant. II, 1, 38	headword on cited line							the neerlustwearied antony i cannot hope
Neer-touched	Ne'er-touched,	3.12.31	Ant. III, 12, 31	quotation on cited line, with differences			spacing			the ne'er-touched vestal,	the neer touched vestal try thy cunning thyreus
Neer-yet-beaten	Ne'er-yet-beaten,	3.1.33	Ant. III, 1, 33	headword on cited line							the neeryetbeaten horse of parthia
Neglect2	Neglect,	2.2.89	Ant. II, 2, 89	quotation on cited line						neglected rather,	the which you both denied neglected rather
Neigh1	Neigh,	3.6.45	Ant. III, 6, 45	headword on cited line							the neighs of horse to tell of her approach
Neither	Neither,	3.2.50	Ant. III, 2, 50	headword on cited line							and neither way inclines
Neither	Neither,	5.2.51	Ant. V, 2, 51	headword on cited line							ill not sleep neither this mortal house ill ruin
Nereides	Nereides	2.2.211	Ant. II, 2, 211	headword on cited line							her gentlewomen like the nereides
Nerve	Nerve,	4.8.21	Ant. IV, 8, 21	quotation on cited line						a brain that nourishes our nerves, and can get goal for goal of youth,	a brain that nourishes our nerves and can
Nessus	Nessus,	4.12.43	Ant. IV, 12, 43	headword on cited line							the shirt of nessus is upon me teach me
New1	New,	3.4.4	Ant. III, 4, 4	quotation on cited line						new wars,	new wars gainst pompey made his will and read it
New1	New,	3.152.3	152, 3	not a citation of this play						new faith torn in vowing new hate after new love bearing,	
New1	New,	3.152.3	152, 3	not a citation of this play							
Newly	Newly,	1.3.49	Ant. I, 3, 49	quotation on cited line						the hated, grown to strength, are newly grown to love,	are newly grown to love the condemned pompey
Newly	Newly,	2.2.76	II, 2, 76	quotation on cited line						three kings I had newly feasted,	three kings i had newly feasted and did want
Next2	Next,	3.12.16	Ant. III, 12, 16	headword on cited line							next cleopatra does confess thy greatness
Nice	Nice,	3.13.180	Ant. III, 13, 180	quotation on cited line						when mine hours were nice and lucky,	were nice and lucky men did ransom lives
Nick3	Nick,	3.13.8	Ant. III, 13, 8	quotation on cited line						the itch of his affection should not then have nicked his captainship,	have nicked his captainship at such a point
Nile	Nile,	1.5.25	Ant. I, 5, 25	headword on cited line							or murmuring wheres my serpent of old nile
Nile	Nile,	2.5.78	II, 5, 78	headword on cited line							melt egypt into nile and kindly creatures
Nile	Nile,	2.7.20	II, 7, 20	headword on cited line							thus do they sir they take the flow o the nile
Nile	Nile,	3.13.166	III, 13, 166	headword on cited line							lie graveless till the flies and gnats of nile
Nile	Nile,	5.2.356	V, 2, 356	headword on cited line							upon the caves of nile most probable
Nineteen	Nineteen,	3.7.59	Ant. III, 7, 59	headword on cited line							our nineteen legions thou shalt hold by land
Ninth	Ninth,	2.5.21	Ant. II, 5, 21	headword on cited line							ere the ninth hour i drunk him to his bed
Nod2	Nod,	4.14.6	Ant. IV, 14, 6	quotation on cited line, with differences			100%		upont	trees that nod unto the world,	with trees upont that nod unto the world
Nod2	Nod,	1.5.47	Ant. I, 5, 47	quotation on cited line, with differences			67%	noded		so he noded,	say thou shall call her mistress so he nodded
Nod2	Nod,	3.6.66	Ant. III, 6, 66	quotation on cited line, with differences			83%	noded	nodded	Cleopatra hath noded him to her,	hath nodded him to her he hath given his empire
Noise2	Noise,	3.6.96	Ant. III, 6, 96	quotation on cited line						gives his potent regiment to a trull, that noises it against us,	that noises it against us is it so sir
None	None,	2.5.9	Ant. II, 5, 9	quotation on cited line						I'll none now,	the actor may plead pardon ill none now
None	None,	1.3.36	Ant. I, 3, 36	quotation on cited line						none our parts so poor, but was a race of heaven,	bliss in our brows bent none our parts so poor
Nonpareil	Nonpareil,	3.2.11	Ant. III, 2, 11	quotation on cited line, with differences			86%	caesar	csar	spake you of Caesar? how, the n.!	spake you of csar how the nonpareil
Noon	Noon,	1.4.20	Ant. I, 4, 20	headword on cited line							to reel the streets at noon and stand the buffet
Note2	Note,	1.5.53	Ant. I, 5, 53	headword on cited line	1.5.54		100%			note him, good Charmian,	o welldivided disposition note him
Note2	Note,	2.2.188	II, 2, 188	quotation on cited line, with differences			75%	noteing		which worthily deserved noteing,	worthily deserved noting
Note2	Note,	3.1.12	III, 1, 12	quotation on cited line						a lower place, note well, may make too great an act,	i have done enough a lower place note well
Note2	Note,	1.1.53	Ant. I, 1, 53	quotation on cited line, with differences			86%	the		and note the qualities of the people,	tonight well wander through the streets and note
Note2	Note,	3.13.21	Ant. III, 13, 21	quotation on cited line						he wears the rose of youth upon him, from which the world should note something particular,	of youth upon him from which the world should note
Notice	Notice,	1.2.184	Ant. I, 2, 184	quotation on cited line, with differences			67%	to		to have notice	have notice what we purpose i shall break
Novice	Novice,	4.12.14	Ant. IV, 12, 14	quotation on cited line						thou hast sold me to this novice	hast sold me to this novice and my heart
Number2	Number,	3.2.17	Ant. III, 2, 17	quotation on cited line, with differences			100%		think speak cast ho	scribes, bards, poets cannot . . . write, sing, number his love to Antony,	think speak cast write sing number ho
Oar1	Oar,	2.2.199	Ant II, 2, 199	headword on cited line							the winds were lovesick with them the oars were silver
Oblivion	Oblivion,	1.3.90	Ant. I, 3, 90	quotation on cited line						my oblivion is a very Antony, and I am all forgotten,	o my oblivion is a very antony
Observance	Observance,	3.3.25	Ant. III, 3, 25	quotation on cited line						or I have no observance	or i have no observance three in egypt
Obstruct	Obstruct,	3.6.61	Ant. III, 6, 61	headword on cited line							being an obstruct tween his lust and him
Occasion	Occasion,	1.2.141	Ant. I, 2, 141	quotation on cited line						under a compelling o., let women die,	under a compelling occasion let women
Occasion	Occasion,	2.6.140	Ant. II, 6, 140	quotation on cited line						he married but his occasion here,	occasion here
Octavia	Octavia,	2.2.121	Ant. II, 2, 121	headword on cited line							admired octavia great mark antony
Octavius	Octavius,	1.2.29	Ant. I, 2, 29	headword on cited line							to marry me with octavius csar and
Octavius	Octavius,	3.7.73	Ant. III, 7, 73	headword on cited line							marcus octavius marcus justeius
Odd	Odd,	4.2.14	Ant. IV, 2, 14	quotation on cited line						'tis one of those odd tricks which sorrow shoots out of the mind,	tis one of those odd tricks which sorrow shoots
Odd	Odd,	5.2.259	V, 2, 259	quotation on cited line, with differences			67%	worm is	worms	the worm is an odd worm,	odd worm
Oercount	O'ercount,	2.6.26	Ant. II, 6, 26	quotation on cited line, with differences			95%	knowest	knowst	at land, thou knowest how much we do o'ercount thee. At land, indeed, thou dost o'ercount me of my father's house,	how much we do oercount thee at land indeed
Oercount	O'ercount,	2.6.26	Ant. II, 6, 26	headword on cited line							how much we do oercount thee at land indeed
Oerflow	O'erflow,	1.2.49	Ant. I, 2, 49	quotation on cited line						the o'erflowing Nilus,	een as the oerflowing nilus pre sageth
Oerflow	O'erflow,	1.1.2	Ant. I, 1, 2	quotation on cited line, with differences			100%		of our generals	this dotage o'erflows the measure,	oerflows the measure those his goodly eyes
Oerpicture	O'erpicture,	2.2.205	Ant. II, 2, 205	quotation on cited line, with differences			90%	oerpictureing		o'erpictureing that Venus where we see the fancy outwork nature,	oerpicturing that venus where we see
Oerpower	O'erpower,	2.3.22	Ant. II, 3, 22	headword on cited line							becomes a fear as being oerpowered therefore
Oertake	O'ertake	3.10.11	Ant. III, 10, 11	quotation on cited line						whom leprosy o'ertake	whom leprosy oertake i the midst o the fight
Oertake	O'ertake	4.14.44	Ant. IV, 14, 44	quotation on cited line						I will o'ertake thee,	i will oertake thee cleopatra and
Oertake	O'ertake	5.2.103	V, 2, 103	quotation on cited line						would I might never o'ertake pursued success,	oertake pursued success but i do feel
Oertake	O'ertake	4.14.44	Ant. IV, 14, 44	headword on cited line							i will oertake thee cleopatra and
Oerthrow	O'erthrow,	4.15.14	Ant. IV, 15, 14	headword on cited line							not csars valor hath oerthrown antony
Off2	Off,	2.7.66	Ant. II, 7, 66	quotation on cited line						keep off them,	keep off them for you sink
Oily	Oily,	1.2.53	Ant. I, 2, 53	quotation on cited line						if an oily palm be not a fruitful prognostication,	nay if an oily palm be not a fruitful
Olive	Olive,	4.6.7	Ant. IV, 6, 7	headword on cited line							shall bear the olive freely antony
On2	On,	4.4.22	Ant. IV, 4, 22	headword on cited line							early thought be have on their riveted trim
On2	On,	3.1.37	Ant. III, 1, 37	headword on cited line							we shall appear before him on there pass along
On2	On,	1.2.100	Ant. I, 2, 100	headword on cited line							when it concerns the fool or coward on
On2	On,	2.2.86	II, 2, 86	headword on cited line							supposing that i lacked it but on csar
Once2	Once,	4.14.82	Ant. IV, 14, 82	quotation on cited line						do it at once	to do this when i bade thee do it at once
Once2	Once,	4.14.82	Ant. IV, 14, 82	headword on cited line							to do this when i bade thee do it at once
Once2	Once,	5.2.50	Ant. V, 2, 50	quotation on cited line						if idle talk will once be necessary, I'll not sleep neither,	if idle talk will once be necessary
Once2	Once,	2.2.34	Ant. II, 2, 34	quotation on cited line						more laughed at that I should once name you derogately,	once name you derogately when to sound your name
Once2	Once,	5.2.54	V, 2, 54	quotation on cited line						nor once be chastised with the sober eye of dull Octavia,	nor once be chastised with the sober eye
Onion	Onion,	1.2.176	Ant. I, 2, 176	headword on cited line							petticoat and indeed the tears live in an onion
Onion-eyed	Onion-eyed,	4.2.35	Ant. IV, 2, 35	headword on cited line							and i an ass am onioneyed for shame
Ooze1	Ooze,	2.7.25	Ant. II, 7, 25	headword on cited line							upon the slime and ooze scatters his grain
Operation	Operation,	2.7.30	Ant. II, 7, 30	headword on cited line							your mud by the operation of your sun so is your
Operation	Operation,	4.15.26	IV, 15, 26	headword on cited line							edge sting or operation i am safe
Oppose	Oppose,	3.13.169	Ant. III, 13, 169	headword on cited line							i will oppose his fate our force by land
Oppose	Oppose,	3.13.9	Ant. III, 13, 9	quotation on cited line						when half to half the world opposed,	when half to half the world opposed he being
Oppose	Oppose,	3.0	III Prol. 17	not a citation of this play							
Oppression	Oppression,	4.7.2	Ant. IV, 7, 2	quotation on cited line						our oppression exceeds what we expected,	csar himself has work and our oppression
Opulent	Opulent,	1.5.46	Ant. I, 5, 46	quotation on cited line						I will piece her opulent throne with kingdoms,	her opulent throne with kingdoms all the east
Orb	Orb,	3.13.146	Ant. III, 13, 146	quotation on cited line, with differences			100%		that were my former guides	my good stars have empty left their orbs,	have empty left their orbs and shot their fires
Orb	Orb,	5.2.85	Ant. V, 2, 85	quotation on cited line						when he meant to quail and shake the orb	but when he meant to quail and shake the orb
Ordinary2	Ordinary,	2.2.230	Ant. II, 2, 230	quotation on cited line						goes to the feast, and for his ordinary pays his heart for what his eyes eat only,	and for his ordinary pays his heart
Organ	Organ,	2.7.49	Ant. II, 7, 49	headword on cited line							is and moves with its own organs it lives by
Orient2	Orient,	1.5.41	Ant. I, 5, 41	headword on cited line							this orient pearl his speech sticks in my heart
Orodes	Orodes,	3.1.4	Ant. III, 1, 4	headword on cited line							before our army thy pacorus orodes
Ostentation	Ostentation,	3.6.52	Ant. III, 6, 52	quotation on cited line						prevented the ostentation of our love,	the ostentation of our love which left unshown
Outgo	Outgo,	3.2.61	Ant. III, 2, 61	quotation on cited line						the time shall not outgo my thinking on you,	outgo my thinking on you come sir come
Outlive	Outlive,	1.2.31	Ant. I, 2, 31	headword on cited line							you shall outlive the lady whom you serve
Outroar	Outroar,	3.13.127	Ant. III, 13, 127	headword on cited line							upon the hill of basan to outroar
Outstare	Outstare,	3.13.195	Ant. III, 13, 195	headword on cited line							now hell outstare the lightning to be furious
Outstrike	Outstrike,	4.6.36	Ant. IV, 6, 36	quotation on cited line						if swift thought break it not, a swifter mean shall outstrike thought,	shall outstrike thought but thought will dot i feel
Outwork	Outwork,	2.2.206	Ant. II, 2, 206	quotation on cited line						where we see the fancy outwork nature,	the fancy outwork nature on each side her
Overplus	Overplus,	3.7.51	Ant. III, 7, 51	quotation on cited line						of shipping will we burn,	our overplus of shipping will we burn
Overplus	Overplus,	4.6.22	IV, 6, 22	quotation on cited line						Antony hath after thee sent all thy treasure, with his bounty overplus	his bounty overplus the messenger
Overtop	Overtop	4.12.24	Ant. IV, 12, 24	quotation on cited line, with differences			75%	overtoped	overtopped	that overtoped them all,	that overtopped them all betrayed i am
Pace3	Pace,	2.2.64	Ant. II, 2, 64	quotation on cited line						which with a snaffle you may pace easy,	you may pace easy but not such a wife
Pack2	Pack,	4.14.19	Ant. IV, 14, 19	quotation on cited line, with differences			83%	caesar	eros	she has packed cards with Caesar,	packed cards with csar and falseplayed my glory
Pacorus	Pacorus,	3.1.4	Ant. III, 1, 4	headword on cited line							before our army thy pacorus orodes
Pageant1	Pageant,	4.14.8	Ant. IV, 14, 8	quotation on cited line						they are black vesper's pageants,	they are black vespers pageants ay my lord
Pain2	Pain,	5.2.244	Ant. V, 2, 244	quotation on cited line						that kills and pains not,	that kills and pains not
Palate1	Palate,	1.4.63	Ant. I, 4, 63	headword on cited line							which beasts would cough at thy palate then did deign
Palate2	Palate,	5.2.7	Ant. V, 2, 7	quotation on cited line, with differences			83%	dung		and never palates more the dung,	which sleeps and never palates more the dug
Pale2	Pale,	2.7.74	Ant. II, 7, 74	quotation on cited line, with differences			86%	enclips		whate'er the ocean pales or sky enclips,	whateer the ocean pales or sky inclips
Pall2	Pall,	2.7.88	Ant. II, 7, 88	quotation on cited line						I'll never follow thy palled fortunes more,	ill never follow thy palled fortunes more
Palter	Palter,	3.11.63	Ant. III, 11, 63	quotation on cited line, with differences			100%		to the young man send humble treaties	I must dodge and palter in the shifts of lowness,	and palter in the shifts of lowness who
Paltry	Paltry,	5.2.2	Ant. V, 2, 2	headword on cited line							a better life tis paltry to be csar
Pannel2	Pannel,	4.12.21	Ant. IV, 12, 21	headword not found near cited line							that spanieled me at heels to whom i gave
Pansa	Pansa,	1.4.58	Ant. I, 4, 58	headword on cited line							hirtius and pansa consuls at thy heel
Pant1	Pant,	4.8.16	Ant. IV, 8, 16	quotation on cited line, with differences			100%		thou attire and all through proof of harness	leap to my heart, and there ride on the pants triumphing,	ride on the pants triumphing lord of lords
Pant2	Pant,	2.2.235	Ant. II, 2, 235	quotation on cited line						having lost her breath, she spoke and panted,	and having lost her breath she spoke and panted
Paphlagonia	Paphlagonia,	3.6.71	Ant. III, 6, 71	headword on cited line							of paphlagonia the thracian king adallas
Paragon2	Paragon,	1.5.71	Ant. I, 5, 71	quotation on cited line, with differences			94%	caesar	csar	I will give thee bloody teeth, if thou with Caesar paragon again my man of men,	if thou with csar paragon again
Parcel1	Parcel,	3.13.32	Ant. III, 13, 32	quotation on cited line						men's judgments are a parcel of their fortunes,	a parcel of their fortunes and things outward
Parcel2	Parcel,	5.2.163	Ant. V, 2, 163	quotation on cited line						that mine own servant should parcel the sum of my disgraces by addition of his envy,	parcel the sum of my disgraces by
Partake	Partake	3.5.9	Ant. III, 5, 9	quotation on cited line						would not let him partake in the glory of the action,	rivality would not let him partake in the glory of the
Partaker	Partaker,	1.4.83	Ant. I, 4, 83	quotation on cited line						to let me be partaker	to let me be partaker doubt not sir
Parthian	Parthian,	3.1.7	Ant. III, 1, 7	headword on cited line							the fugitive parthians follow spur through media
Parthian	Parthian,	1.2.104	Ant. I, 2, 104	headword on cited line							this is stiff newshath with his parthian force
Parthian	Parthian,	3.1.6	III, 1, 6	headword on cited line							whilst yet with parthian blood thy sword is warm
Parthian	Parthian,	4.14.70	IV, 14, 70	headword on cited line							shall i do that which all the parthian darts
Particular1	Particular,	3.13.22	Ant. III, 13, 22	quotation on cited line						from which the world should note something particular	something particular his coin ships legions
Particular2	Particular,	1.2.57	Ant. I, 2, 57	quotation on cited line, with differences			100%		but how	your fortunes are alike. But how? give me particulars,	but how but how give me particulars
Particular2	Particular,	1.3.54	Ant. I, 3, 54	quotation on cited line, with differences			100%		and that which most with you should safe my going	my more particular is Fulvia's death,	by any desperate change my more particular
Particular2	Particular,	4.9.20	IV, 9, 20	quotation on cited line						forgive me in thine own p., but let the world rank me in register a master-leaver,	forgive me in thine own particular
Party	Party,	2.6.127	Ant. II, 6, 127	quotation on cited line, with differences			80%	partyes		the love of the partyes,	more in the marriage than the love of the parties
Party	Party,	5.2.246	Ant. V, 2, 246	quotation on cited line						I would not be the party that should desire you to touch him,	be the party that should desire you to touch him
Past3	Past,	5.2.97	Ant. V, 2, 97	quotation on cited line						past the size of dreaming,	its past the size of dreaming nature wants stuff
Past3	Past,	5.147.9	147, 9	not a citation of this play						now reason is past care,	
Patch2	Patch,	2.2.52	Ant. II, 2, 52	quotation on cited line						if you'll patch a quarrel, as matter whole you have not to make it with,	before did satisfy you if youll patch a quarrel
Patch2	Patch,	2.2.52	Ant. II, 2, 52	headword on cited line	2.2.56		100%			you patched up your excuses,	before did satisfy you if youll patch a quarrel
Pause1	Pause,	5.1.3	Ant. V, 1, 3	quotation on cited line						he mocks the pauses that he makes,	the pauses that he makes csar i shall
Pearl	Pearl,	1.5.41	Ant. I, 5, 41	headword on cited line							this orient pearl his speech sticks in my heart
Pearl	Pearl,	2.5.46	Ant. II, 5, 46	headword on cited line							rich pearls upon thee madam hes well well said
Peck3	Peck,	3.13.197	Ant. III, 13, 197	headword on cited line							the dove will peck the estridge and i see still
Peep2	Peep,	1.4.53	Ant. I, 4, 53	quotation on cited line, with differences			88%	taen		no vessel can peep forth but 'tis ta'en,	no vessel can peep forth but tis as soon
Peep2	Peep,	3.13.191	III, 13, 191	quotation on cited line						I'll force the wine peep through their scars,	the wine peep through their scars come on my queen
Peerless	Peerless,	1.1.40	Ant. I, 1, 40	headword on cited line							we stand up peerless excellent falsehood
Peerless	Peerless,	4.0	IV Prol. 40	not a citation of this play							
Pellet	Pellet,	3.13.165	Ant. III, 13, 165	headword on cited line							by the discandying of this pelleted storm
Peloponnesus	Peloponnesus,	3.10.31	Ant. III, 10, 31	headword on cited line							toward peloponnesus are they fled
Pendent	Pendent,	4.14.4	Ant. IV, 14, 4	quotation on cited line						a pendent rock,	a towered citadel a pendent rock
Penetrative	Penetrative,	4.14.75	Ant. IV, 14, 75	quotation on cited line						his face subdued to penetrative shame,	to penetrative shame whilst the wheeled seat
Perfect1	Perfect,	1.3.80	Ant. I, 3, 80	quotation on cited line, with differences			67%	like honour	life	let it look like perfect honour,	life perfect honor youll heat my blood no more
Perfume1	Pérfume	2.2.217	Ant. II, 2, 217	headword on cited line							a strange invisible perfume hits the sense
Perfume2	Perfúme	2.2.198	Ant. II, 2, 198	headword on cited line							purple the sails and so perfumed that
Period1	Period,	4.2.25	Ant. IV, 2, 25	quotation on cited line						may be it is the period of your duty,	may be it is the period of your duty
Period1	Period,	4.14.107	IV, 14, 107	quotation on cited line						time is at his period	and time is at his period alas and woe
Perjure2	Perjure,	3.12.30	Ant. III, 12, 30	quotation on cited line, with differences			spacing			want will perjure the ne'er-touched vestal,	in their best fortunes strong but want will perjure
Permit	Permit,	3.1.36	Ant. III, 1, 36	headword on cited line							the weight we must convey with s will permit
Persist	Persist,	5.1.30	Ant. V, 1, 30	quotation on cited line						to lament our most persisted deeds,	our most persisted deeds his taints and honors
Personal	Personal,	4.1.3	Ant. IV, 1, 3	quotation on cited line						dares me to personal combat,	he hath whipped with rods dares me to personal combat
Persuade	Persuade,	4.6.13	Ant. IV, 6, 13	headword on cited line							affairs of antony there did persuade
Pestilence	Pestilence,	3.10.9	Ant. III, 10, 9	headword on cited line							on our side like the tokened pestilence
Pestilence	Pestilence,	2.5.61	Ant. II, 5, 61	quotation on cited line						the most infectious pestilence upon thee!	the most infectious pestilence upon thee
Pestilent	Pestilent,	3.13.194	Ant. III, 13, 194	quotation on cited line						I'll make death love me, for I will contend even with his pestilent scythe,	even with his pestilent scythe
Petition2	Petition,	1.2.190	Ant. I, 2, 190	quotation on cited line, with differences			100%		too many contriving	the letters of our friends in Rome petition us at home,	petition us at home sextus pompeius
Petticoat	Petticoat,	1.2.176	Ant. I, 2, 176	headword on cited line							petticoat and indeed the tears live in an onion
Pharsalia	Pharsalia,	3.7.32	Ant. III, 7, 32	headword on cited line							ay and to wage this battle at pharsalia
Philadelphos	Philadelphos,	3.6.70	Ant. III, 6, 70	headword on cited line							of cappadocia philadelphos king
Philippan	Philippan,	2.5.23	Ant. II, 5, 23	quotation on cited line						his sword Philippan	i wore his sword philippan o from italy
Philippi	Philippi,	2.6.13	Ant. II, 6, 13	headword on cited line							who at philippi the good brutus ghosted
Philippi	Philippi,	3.2.56	III, 2, 56	headword on cited line							when at philippi he found brutus slain
Philippi	Philippi,	3.11.35	III, 11, 35	headword on cited line							yes my lord yes he at philippi kept
Phoenicia	Phoenicia,	3.6.16	Ant. III, 6, 16	headword on cited line							syria cilicia and phoenicia she
Phoenician	Phoenician,	3.7.65	Ant. III, 7, 65	headword on cited line							and the phoenicians go aducking we
Photinus	Photinus,	3.7.15	Ant. III, 7, 15	headword on cited line							that photinus an eunuch and your maids
Physician	Physician,	5.2.357	Ant. V, 2, 357	headword on cited line							that so she died for her physician tells me
Pickle	Pickle,	2.5.66	Ant. II, 5, 66	quotation on cited line						stewed in brine, smarting in lingering pickle	smarting in lingering pickle gracious madam
Piece2	Piece,	1.5.45	Ant. I, 5, 45	quotation on cited line						I will piece her opulent throne with kingdoms,	to mend the petty present i will piece
Pierce1	Pierce	2.5.12	Ant. II, 5, 12	headword on cited line							tawnyfinned fishes my bended hook shall pierce
Pillar	Pillar,	1.1.12	Ant. I, 1, 12	headword on cited line							the triple pillar of the world transformed
Pinch1	Pinch,	1.5.28	Ant. I, 5, 28	headword on cited line							that am with phoebus amorous pinches black
Pinch1	Pinch,	5.2.298	V, 2, 298	headword on cited line							the stroke of death is as a lovers pinch
Pinion1	Pinion,	3.12.4	Ant. III, 12, 4	quotation on cited line, with differences			86%	of	off	so poor a pinion of his wing,	he sends so poor a pinion off his wing
Pinion2	Pinion,	5.2.53	Ant. V, 2, 53	headword on cited line							will not wait pinioned at your masters court
Pink2	Pink,	2.7.121	Ant. II, 7, 121	quotation on cited line						plumpy Bacchus with pink eyne,	plumpy bacchus with pink eyne
Piteously	Piteously,	4.13.9	Ant. IV, 13, 9	quotation on cited line						say that the last I spoke was `Antony', and word it, prithee, piteously	and word it prithee piteously hence mardian
Pitifully	Pitifully,	2.7.18	Ant. II, 7, 18	quotation on cited line						which pitifully disaster the cheeks,	where eyes should be which pitifully disaster
Place2	Place,	2.7.116	Ant. II, 7, 116	quotation on cited line						the while I'll place you,	the while ill place you then the boy shall sing
Place2	Place,	5.2.238	Ant. V, 2, 238	headword on cited line						my resolution is placed,	my resolutions placed and i have nothing
Planet	Planet,	5.2.241	Ant. V, 2, 241	quotation on cited line						now the fleeting moon no planet is of mine,	no planet is of mine this is the man
Planks	Planks,	3.7.63	Ant. III, 7, 63	headword on cited line							trust not to rotten planks do you misdoubt
Plant1	Plant,	2.7.2	Ant. II, 7, 2	quotation on cited line						some o' their plants are ill-rooted already,	their plants are illrooted already the least wind
Plant2	Plant,	1.3.26	Ant. I, 3, 26	quotation on cited line						at the first I saw the treasons planted,	i saw the treasons planted cleopatra
Plant2	Plant,	4.6.9	Ant. IV, 6, 9	quotation on cited line						plant those that have revolted in the van,	plant those that have revolted in the van
Plate2	Plate,	1.1.4	Ant. I, 1, 4	quotation on cited line						like plated Mars,	have glowed like plated mars now bend now turn
Pleached	Pleached,	4.14.73	Ant. IV, 14, 73	quotation on cited line						with pleached arms,	thy master thus with pleached arms bending down
Pledge2	Pledge,	2.7.91	Ant. II, 7, 91	quotation on cited line, with differences			100%		bear him ashore	this health to Lepidus! I'll pledge it for him,	bear him ashore ill pledge it for him pompey
Plight1	Plight,	5.2.33	Ant. V, 2, 33	headword on cited line							have comfort for i know your plight is pitied
Plighter	Plighter,	3.13.126	Ant. III, 13, 126	quotation on cited line						your hand, this kingly seal and plighter of high hearts,	and plighter of high hearts o that i were
Plough2	Plough,	2.2.233	Ant. II, 2, 233	quotation on cited line						he ploughed her, and she cropped,	he ploughed her and she cropped i saw her once
Plough2	Plough,	4.12.38	IV, 12, 38	quotation on cited line, with differences			100%		patient prepared	let Octavia plough thy visage up with her nails,	patient octavia plough thy visage up
Plumpy	Plumpy,	2.7.121	Ant. II, 7, 121	quotation on cited line						plumpy Bacchus,	plumpy bacchus with pink eyne
Ply	Ply,	3.2.14	Ant. III, 2, 14	quotation on cited line, with differences			86%	plyed	plied	he plyed them both with excellent praises,	indeed he plied them both with excellent praises
Pocket2	Pocket,	2.2.73	Ant. II, 2, 73	quotation on cited line						you did pocket up my letters,	did pocket up my letters and with taunts
Poisonous	Poisonous,	4.9.13	Ant. IV, 9, 13	headword on cited line							the poisonous damp of night disponge upon me
Pole1	Pole,	4.15.65	Ant. IV, 15, 65	quotation on cited line, with differences			80%	fallen		the soldier's pole is fallen,	the soldiers pole is falln young boys and girls
Polemon	Polemon,	3.6.74	Ant. III, 6, 74	headword on cited line							of comagene polemon and amyntas
Pompeius	Pompeius,	1.2.190	Ant. I, 2, 190	quotation on cited line						Sextus Pompeius	petition us at home sextus pompeius
Pompeius	Pompeius,	1.3.45	I, 3, 45	headword on cited line							shines oer with civil swords sextus pompeius
Pompeius	Pompeius,	3.6.25	III, 6, 25	headword on cited line							sextus pompeius spoiled we had not rated him
Pont	Pont,	3.6.72	Ant. III, 6, 72	headword on cited line							king malchus of arabia king of pont
Poop1	Poop,	2.2.197	Ant. II, 2, 197	headword on cited line							burned on the water the poop was beaten gold
Populous	Populous,	3.6.50	Ant. III, 6, 50	quotation on cited line						the dust . . . raised by your populous troops,	raised by your populous troops but you are come
Possess	Possess,	2.7.107	Ant. II, 7, 107	quotation on cited line						be a child o' the time. Possess it, I'll make answer,	possess it ill make answer
Possess	Possess,	3.11.21	Ant. III, 11, 21	quotation on cited line						I will possess you of that ship and treasure,	i will possess you of that ship and treasure
Possess	Possess,	3.11.21	Ant. III, 11, 21	headword on cited line							i will possess you of that ship and treasure
Possess	Possess,	5.2.139	Ant. V, 2, 139	headword on cited line							i am possessed of tis exactly valued
Posture	Posture,	5.2.221	Ant. V, 2, 221	quotation on cited line						i' the posture of a whore,	i the posture of a whore o the good gods
Potent	Potent,	3.6.95	Ant. III, 6, 95	headword on cited line						(most potent in potting).	and gives his potent regiment to a trull
Pour	Pour,	2.5.34	Ant. II, 5, 34	headword on cited line							the gold i give thee will i melt and pour
Pour	Pour,	2.5.54	Ant. II, 5, 54	quotation on cited line						pour out the pack of matter to mine ear,	pour out the pack of matter to mine ear
Powder1	Powder,	4.9.17	Ant. IV, 9, 17	headword on cited line							which being dried with grief will break to powder
Powerful	Powerful,	1.1.22	Ant. I, 1, 22	quotation on cited line						his powerful mandate,	his powerful mandate to you do this or this
Practise	Practise,	2.2.39	Ant. II, 2, 39	quotation on cited line						if you there did practise on my state,	did practise on my state your being in egypt
Practise	Practise,	2.2.39	Ant. II, 2, 39	headword on cited line							did practise on my state your being in egypt
Precedence	Precedence	2.5.51	Ant. II, 5, 51	quotation on cited line						I do not like 'But yet', it does allay the good precedence	the good precedence fie upon but yet
Precedent1	Precedent	4.14.83	Ant. IV, 14, 83	quotation on cited line						thy precedent services,	or thy precedent services are all
Pregnant	Pregnant,	2.1.45	Ant. II, 1, 45	quotation on cited line						were't not that we stand up against them all, 'twere pregnant they should square between themselves,	twere pregnant they should square between themselves
Preparedly	Preparedly,	5.1.55	Ant. V, 1, 55	quotation on cited line						that she preparedly may frame herself to the way she's forced to,	that she preparedly may frame herself
Prescience	Prescience	1.2.20	Ant. I, 2, 20	quotation on cited line						vex not his prescience	vex not his prescience be attentive
Prescript1	Prescript,	3.8.5	Ant. III, 8, 5	quotation on cited line						do not exceed the prescript of this scroll,	the prescript of this scroll our fortune lies
President	President,	3.7.18	Ant. III, 7, 18	quotation on cited line						and as the president of my kingdom, will appear there for a man,	and as the president of my kingdom will
Prevail	Prevail,	4.5.2	Ant. IV, 5, 2	headword on cited line							would thou and those thy scars had once prevailed
Prevail	Prevail,	3.13.23	Ant. III, 13, 23	quotation on cited line						whose ministers would prevail under the service of a child,	may be a cowards whose ministers would prevail
Prey2	Prey,	3.13.199	Ant. III, 13, 199	headword on cited line							restores his heart when valor preys on reason
Primal	Primal,	1.4.41	Ant. I, 4, 41	quotation on cited line						it hath been taught us from the primal state,	it hath been taught us from the primal state
Principality	Principality,	3.13.19	Ant. III, 13, 19	quotation on cited line, with differences			90%	principalityes		he will fill thy wishes to the brim with principalityes,	with principalities that head my lord
Private1	Private,	3.12.15	Ant. III, 12, 15	headword on cited line							a private man in athens this for him
Private1	Private,	2.2.9	Ant. II, 2, 9	quotation on cited line						'tis not a time for private stomaching,	for private stomaching every time
Privy	Privy,	1.2.42	Ant. I, 2, 42	headword on cited line							privy to your wishes
Prize2	Prize,	5.2.183	Ant. V, 2, 183	quotation on cited line, with differences			92%	caesars		Caesar's no merchant, to make prize with you of things that merchants sold,	csars no merchant to make prize with you
Probable	Probable,	5.2.356	Ant. V, 2, 356	headword on cited line							upon the caves of nile most probable
Process	Process,	1.1.28	Ant. I, 1, 28	quotation on cited line						where's Fulvia's p.?	wheres fulvias process csars i would say both
Prognostication	Prognostication,	1.2.54	Ant. I, 2, 54	quotation on cited line						if an oily palm be not a fruitful prognostication	prognostication i cannot scratch mine ear
Project2	Project,	5.2.121	Ant. V, 2, 121	quotation on cited line						I cannot project mine own cause so well to make it clear,	i cannot project mine own cause so well
Promontory	Promontory,	4.14.5	Ant. IV, 14, 5	headword on cited line							a forked mountain or blue promontory
Prompt1	Prompt,	3.13.75	Ant. III, 13, 75	quotation on cited line, with differences			spacing			I am prompt to lay my crown at's feet,	i kiss his conquering hand tell him i am prompt
Property1	Property,	1.1.58	Ant. I, 1, 58	headword on cited line							he comes too short of that great property
Property2	Property,	5.2.83	Ant. V, 2, 83	quotation on cited line, with differences			89%	propertyed	propertied	his voice was propertyed as all the tuned spheres,	crested the world his voice was propertied
Proportion2	Proportion,	4.15.5	Ant. IV, 15, 5	quotation on cited line						our size of sorrow, proportioned to our cause, must be as great as that which makes it,	proportioned to our cause must be as great
Prorogue	Prorogue,	2.1.26	Ant. II, 1, 26	quotation on cited line, with differences			85%	honour dullness	honor	that sleep and feeding may prorogue his honour even till a Lethe'd dullness,	that sleep and feeding may prorogue his honor
Prosecution	Prosecution,	4.14.65	Ant. IV, 14, 65	quotation on cited line						when I should see behind me the inevitable prosecution of disgrace and horror,	the inevitable prosecution of
Prosperous	Prosperous,	4.6.6	Ant. IV, 6, 6	headword on cited line							prove this a prosperous day the threenooked world
Proud1	Proud,	3.13.142	Ant. III, 13, 142	headword on cited line							proud and disdainful harping on what i am
Proud1	Proud,	4.15.88	Ant. IV, 15, 88	headword on cited line							and make death proud to take us come away
Provide	Provide,	3.4.36	Ant. III, 4, 36	headword on cited line							can equally move with them provide your going
Provide	Provide,	5.2.195	V, 2, 195	headword on cited line						(provide your going).	i have spoke already and it is provided
Province	Province,	2.5.68	Ant. II, 5, 68	headword on cited line							say tis not so a province i will give thee
Province	Province,	3.10.8	III, 10, 8	headword on cited line							kingdoms and provinces how appears the fight
Public	Public,	5.1.20	Ant. V, 1, 20	quotation on cited line						a public minister of justice,	not by a public minister of justice
Public	Public,	2.2.234	Ant. II, 2, 234	headword on cited line							hop forty paces through the public street
Publicola	Publicola,	3.7.74	Ant. III, 7, 74	headword on cited line							publicola and clius are for sea
Purchase2	Purchase,	1.4.14	Ant. I, 4, 14	quotation on cited line						his faults . . . hereditary rather than purchased,	rather than purchased what he cannot change
Purchase2	Purchase,	5.2.148	Ant. V, 2, 148	headword on cited line							enough to purchase what you have made known
Purge2	Purge,	4.14.124	Ant. IV, 14, 124	quotation on cited line, with differences			80%	when saw	had disposed with csar and	when she saw that your rage would not be purged,	would not be purged she sent you word she was dead
Purge2	Purge,	1.3.53	Ant. I, 3, 53	quotation on cited line						quietness, grown sick of rest, would purge by any desperate change,	and quietness grown sick of rest would purge
Purple2	Purple,	2.2.198	Ant. II, 2, 198	quotation on cited line						purple the sails,	purple the sails and so perfumed that
Purse2	Purse,	2.2.192	Ant. II, 2, 192	quotation on cited line						she pursed up his heart,	pursed up his heart upon the river of cydnus
Puzzle	Puzzle,	3.7.11	Ant. III, 7, 11	quotation on cited line						your presence needs must puzzle Antony,	your presence needs must puzzle antony
Pyramid	Pyramid,	2.7.21	Ant. II, 7, 21	headword on cited line							by certain scales i the pyramid they know
Pyramis	Pyramis,	2.7.40	Ant. II, 7, 40	quotation on cited line						pyramises:	ptolemies pyramises are very goodly things without
Pyramis	Pyramis,	5.2.61	V, 2, 61	quotation on cited line						pyramides:	my countrys high pyramides my gibbet
Quail1	Quail,	2.3.37	Ant. II, 3, 37	headword on cited line							when it is all to nought and his quails ever
Quail2	Quail,	5.2.85	Ant. V, 2, 85	quotation on cited line						when he meant to quail and shake the orb,	but when he meant to quail and shake the orb
Quality	Quality,	1.1.54	Ant. I, 1, 54	quotation on cited line, with differences			80%	qualityes	qualities	note the qualityes of people,	the qualities of people come my queen
Quality	Quality,	1.2.198	I, 2, 198	quotation on cited line						whose q., going on, the sides o' the world may danger,	for the main soldier whose quality going on
Quality	Quality,	3.13.33	III, 13, 33	quotation on cited line						things outward do draw the inward quality after them, to suffer all alike,	do draw the inward quality after them
Quality	Quality,	5.1.63	V, 1, 63	quotation on cited line						give her what comforts the quality of her passion shall require,	the quality of her passion shall require
Queasy	Queasy,	3.6.20	Ant. III, 6, 20	quotation on cited line						queasy with his insolence,	who queasy with his insolence
Quicken	Quicken,	1.3.69	Ant. I, 3, 69	headword on cited line							that quickens nilus slime i go from hence
Quicken	Quicken,	4.15.39	Ant. IV, 15, 39	quotation on cited line						quicken with kissing,	quicken with kissing had my lips that power
Quicksand	Quicksand,	2.7.65	Ant. II, 7, 65	quotation on cited line						quicksands,	be jolly lords these quicksands lepidus
Quietness	Quietness,	1.3.53	Ant. I, 3, 53	headword on cited line							and quietness grown sick of rest would purge
Quietness	Quietness,	4.15.68	Ant. IV, 15, 68	headword on cited line							beneath the visiting moon o quietness lady
Quit	Quit,	3.13.65	Ant. III, 13, 65	headword on cited line							thy dearest quit thee shall i say to csar
Quit	Quit,	3.13.124	Ant. III, 13, 124	quotation on cited line						God quit you!	and say god quit you be familiar with
Quit	Quit,	3.13.124	Ant. III, 13, 124	headword on cited line	3.13.149-151		100%		or hang or torture as he shall like	whom he may at pleasure whip . . . to quit me,	and say god quit you be familiar with
Race1	Race,	3.13.107	Ant. III, 13, 107	quotation on cited line						the getting of a lawful race	forborne the getting of a lawful race
Race1	Race,	1.3.37	Ant. I, 3, 37	quotation on cited line						none our parts so poor but was a race of heaven,	but was a race of heaven they are so still
Rack1	Rack,	4.14.10	Ant. IV, 14, 10	quotation on cited line						the rack dislimns,	the rack dislimns and makes it indistinct
Rain2	Rain,	5.2.302	Ant. V, 2, 302	quotation on cited line						dissolve, thick cloud, and rain	dissolve thick cloud and rain that i may say
Rain2	Rain,	3.13.85	Ant. III, 13, 85	quotation on cited line						as it rained kisses,	as it rained kisses favors by jove that thunders
Ram2	Ram,	2.5.24	Ant. II, 5, 24	quotation on cited line						ram thou thy fruitful tidings in mine ears,	ram thou thy fruitful tidings in mine ears
Range1	Range,	3.13.5	Ant. III, 13, 5	quotation on cited line						that great face of war, whose several ranges frighted each other,	from that great face of war whose several ranges
Range2	Range,	1.1.34	Ant. I, 1, 34	quotation on cited line						the wide arch of the ranged empire fall,	of the ranged empire fall here is my space
Rank2	Rank,	5.2.212	Ant. V, 2, 212	quotation on cited line, with differences			spacing			their thick breaths, rank of gross diets,	rank of gross diet shall we be enclouded
Rank3	Rank,	4.9.21	Ant. IV, 9, 21	quotation on cited line						let the world rank me in register a master-leaver,	but let the world rank me in register
Rank3	Rank,	4.9.21	Ant. IV, 9, 21	headword on cited line						to rank our chosen truth with such a show as fool and fight is,	but let the world rank me in register
Rarely	Rarely,	4.4.11	Ant. IV, 4, 11	quotation on cited line						is not this buckled well? R., rarely	is not this buckled well rarely rarely
Rarely	Rarely,	5.2.158	V, 2, 158	quotation on cited line						slave, soulless villain, dog! O rarely base!	o rarely base good queen let us entreat you
Rashness	Rashness,	2.2.124	Ant. II, 2, 124	headword on cited line							were well deserved of rashness
Rashness	Rashness,	3.11.14	III, 11, 14	headword on cited line							reprove the brown for rashness and they them
Rate2	Rate,	3.6.25	Ant. III, 6, 25	quotation on cited line						we had not rated him his part o' the isle,	sextus pompeius spoiled we had not rated him
Rate2	Rate,	3.11.69	Ant. III, 11, 69	quotation on cited line						rates all that is won and lost,	fall not a tear i say one of them rates
Rate2	Rate,	1.4.31	Ant. I, 4, 31	headword on cited line							as we rate boys who being mature in knowledge
Rather	Rather,	2.2.23	Ant. II, 2, 23	quotation on cited line						the rather for I earnestly beseech,	the rather for i earnestly beseech
Rather	Rather,	2.2.89	Ant. II, 2, 89	quotation on cited line						neglected rather	the which you both denied neglected rather
Rather	Rather,	1.2.23	Ant. I, 2, 23	headword on cited line							i had rather heat my liver with drinking
Rather	Rather,	5.2.146	Ant. V, 2, 146	headword on cited line							i had rather seal my lips than to my peril
Rattle2	Rattle,	4.8.37	Ant. IV, 8, 37	quotation on cited line, with differences			67%	rattleing	rattling	our rattleing tabourines,	make mingle with our rattling tabourines
Rattle2	Rattle,	5.2.86	Ant. V, 2, 86	quotation on cited line, with differences			80%	rattleing	rattling	he was as rattleing thunder,	he was as rattling thunder for his bounty
Reach2	Reach,	4.9.30	Ant. IV, 9, 30	headword not found near cited line							the hand of death hath raught him hark the drums
Reach2	Reach,	4.9.30	Ant. IV, 9, 30	quotation on cited line						the hand of death hath raught him,	the hand of death hath raught him hark the drums
Reap	Reap,	5.2.88	Ant. V, 2, 88	headword on cited line							that grew the more by reaping his delights
Reaper	Reaper,	3.7.36	Ant. III, 7, 36	headword on cited line							your mariners are muleters reapers people
Rear2	Rear,	5.2.82	Ant. V, 2, 82	quotation on cited line						his reared arm crested the world,	his legs bestrid the ocean his reared arm
Rear2	Rear,	2.1.35	Ant. II, 1, 35	quotation on cited line						let us rear the higher our opinion,	is twice the other twain but let us rear
Rebound	Rebound,	5.2.104	Ant. V, 2, 104	quotation on cited line						I do feel, by the rebound of yours, a grief that smites my very heart at root,	by the rebound of yours a grief that smites
Rebukable	Rebukable,	4.4.30	Ant. IV, 4, 30	headword not found near cited line							this is a soldiers kiss rebukeable
Rebuke1	Rebuke,	3.7.26	Ant. III, 7, 26	quotation on cited line						a good rebuke	than by the negligent a good rebuke
Rebuke2	Rebuke,	5.1.27	Ant. V, 1, 27	quotation on cited line						the gods rebuke me, but it is tidings to wash the eyes of kings,	the gods rebuke me but it is tidings
Reckon	Reckon,	1.1.15	Ant. I, 1, 15	quotation on cited line						there's beggary in the love that can be reckoned,	theres beggary in the love that can be reckoned
Reckon	Reckon,	1.2.94	Shr. Ind. 2, 94.	not a citation of this play						you know no house, nor no such men as you have reckoned up,	
Reconciler	Reconciler,	3.4.30	Ant. III, 4, 30	headword on cited line							your reconciler wars twixt you twain would be
Record1	Record,	5.2.117	Ant. V, 2, 117	quotation on cited line						the record of what injuries you did us, though written in our flesh, we shall remember as things but done by chance,	the record of what injuries you did us
Record1	Record,	5.122.8	122, 8	not a citation of this play						thy record never can be missed,	
Record1	Record,	4.9.8	Ant. IV, 9, 8	quotation on cited line						when men revolted shall upon record bear hateful memory,	when men revolted shall upon record
Record1	Record,	4.14.99	IV, 14, 99	quotation on cited line, with differences			100%		by their brave instruction	have got upon me a nobleness in record	a nobleness in record but i will be
Record1	Record,	4.123.11	123, 11	not a citation of this play						records and what we see doth lie,	
Reed	Reed,	2.7.13	Ant. II, 7, 13	headword on cited line							great mens fellowship i had as lief have a reed
Reel	Reel,	1.4.20	Ant. I, 4, 20	quotation on cited line						to reel the streets at noon,	to reel the streets at noon and stand the buffet
Reels	Reels,	2.7.100	Ant. II, 7, 100	quotation on cited line						the third part, then, is drunk: would it were all, that it might go on wheels. Drink thou, increase the reels	drink thou increase the reels
Reference	Reference,	5.2.23	Ant. V, 2, 23	quotation on cited line						make your full reference freely to my lord,	make your full reference freely to my lord
Register1	Register,	4.9.21	Ant. IV, 9, 21	quotation on cited line						let the world rank me in register a master-leaver,	but let the world rank me in register
Rely	Rely,	5.2.133	Ant. V, 2, 133	quotation on cited line						you rely	if thereon you rely ill take my leave
Remarkable	Remarkable,	4.15.67	Ant. IV, 15, 67	quotation on cited line						there is nothing left remarkable beneath the visiting moon,	and there is nothing left remarkable
Remove1	Remove,	1.2.203	Ant. I, 2, 203	quotation on cited line, with differences			100%		to such whose place is under us	our pleasure requires our quick remove from hence,	our quick remove from hence
Rend	Rend,	2.2.19	Ant. II, 2, 19	quotation on cited line						let not a leaner action rend us,	a leaner action rend us whats amiss
Renege	Renege	1.1.8	Ant. I, 1, 8	quotation on cited line						his captain's heart . . . reneges all temper,	the buckles on his breast reneges all temper
Renew	Renew,	1.111.8	111, 8	not a citation of this play						wish I were renewed,	
Renown1	Renown,	3.1.19	Ant. III, 1, 19	headword on cited line							for quick accumulation of renown
Repay	Repay,	3.11.71	Ant. III, 11, 71	headword on cited line							even this repays me we sent our schoolmaster
Report1	Report,	1.4.39	Ant. I, 4, 39	quotation on cited line						men's reports give him much wronged,	the discontents repair and mens reports
Report1	Report,	2.3.5	II, 3, 5	quotation on cited line						read not my blemishes in the world's report	read not my blemishes in the worlds report
Report1	Report,	2.5.57	Ant. II, 5, 57	quotation on cited line						I made no such report	free madam no i made no such report
Report1	Report,	5.2.256	V, 2, 256	quotation on cited line, with differences			spacing			she makes a very good report o'the worm,	report o the worm but he that will believe all
Report1	Report,	1.4.35	Ant. I, 4, 35	quotation on cited line, with differences			100%		most noble csar	every hour shalt thou have report how 'tis abroad,	most noble csar shalt thou have report how
Report1	Report,	2.2.47	II, 2, 47	quotation on cited line						and have my learning from some true reports, that drew their swords with you,	and have my learning from some true reports
Report1	Report,	2.2.189	Ant. II, 2, 189	quotation on cited line						if report be square to her,	shes a most triumphant lady if report
Report1	Report,	2.2.159	Ant. II, 2, 159	headword on cited line							lest my remembrance suffer ill report
Reporter	Reporter,	2.2.193	Ant. II, 2, 193	quotation on cited line						there she appeared indeed, or my reporter devised well for her,	there she appeared indeed or my
Reproof	Reproof,	2.2.123	Ant. II, 2, 123	headword on cited line							if cleopatra heard you your reproof
Reprove	Reprove,	3.11.14	Ant. III, 11, 14	headword on cited line							reprove the brown for rashness and they them
Rescue1	Rescue,	3.11.48	Ant. III, 11, 48	quotation on cited line						death will seize her, but your comfort makes the rescue	your comfort makes the rescue
Reserve	Reserve,	5.2.143	Ant. V, 2, 143	quotation on cited line						I have reserved to myself nothing,	upon his peril that i have reserved
Reserve	Reserve,	5.2.143	Ant. V, 2, 143	headword on cited line	5.2.165		100%			that I some lady trifles have reserved,	upon his peril that i have reserved
Reserve	Reserve,	5.2.143	Ant. V, 2, 143	headword on cited line							upon his peril that i have reserved
Return1	Return,	3.6.60	Ant. III, 6, 60	headword on cited line							his pardon for return which soon he granted
Revenger	Revenger,	2.6.11	Ant. II, 6, 11	headword on cited line							wherefore my father should revengers want
Revenger	Revenger,	3.1.3	III, 1, 3	headword on cited line							make me revenger bear the kings sons body
Revolt1	Revolt,	4.9.19	Ant. IV, 9, 19	headword on cited line							nobler than my revolt is infamous
Revolt2	Revolt,	1.4.52	Ant. I, 4, 52	headword on cited line							lack blood to think on t and flush youth revolt
Revolt2	Revolt,	4.5.4	Ant. IV, 5, 4	quotation on cited line						the kings that have revolted,	the kings that have revolted and the soldier
Revolt2	Revolt,	4.6.9	IV, 6, 9	quotation on cited line						plant those that have revolted in the van,	plant those that have revolted in the van
Revolt2	Revolt,	4.6.9	IV, 6, 9	headword on cited line							plant those that have revolted in the van
Revolt2	Revolt,	4.9.8	IV, 9, 8	headword on cited line							when men revolted shall upon record
Revolution	Revolution,	1.2.129	Ant. I, 2, 129	quotation on cited line						the present pleasure, by revolution lowering, does become the opposite of itself,	by revolution lowering does become
Rheum	Rheum,	3.2.57	Ant. III, 2, 57	quotation on cited line, with differences			100%		indeed	that year he was troubled with a rheum	that year indeed he was troubled with a rheum
Rhymer	Rhymer,	5.2.215	Ant. V, 2, 215	quotation on cited line						scald rhymers ballad us out o' tune,	will catch at us like strumpets and scald rhymers
Ribaudred	Ribaudred,	3.10.10	Ant. III, 10, 10	quotation on cited line						yon ribaudred nag of Egypt,	where death is sure yon ribaudred nag of egypt
Richly	Richly,	4.14.37	Ant. IV, 14, 37	headword on cited line							does pay thy labor richly go off pluck off
Rid	Rid,	2.6.36	Ant. II, 6, 36	headword on cited line							rid all the sea of pirates then to send
Rid	Rid,	5.2.42	V, 2, 42	headword on cited line							that rids our dogs of languish cleopatra
Rift1	Rift,	3.4.32	Ant. III, 4, 32	headword on cited line							should solder up the rift
Rig	Rig,	2.6.20	Ant. II, 6, 20	headword on cited line							hath made me rig my navy at whose burthen
Rig	Rig,	3.5.20	III, 5, 20	headword on cited line							that murdered pompey our great navys rigged
Riggish	Riggish,	2.2.245	Ant. II, 2, 245	quotation on cited line						the holy priests bless her when she is riggish	bless her when she is riggish
Right2	Right,	4.12.28	Ant. IV, 12, 28	quotation on cited line						like a right gipsy,	like a right gipsy hath at fast and loose
Rightly	Rightly,	4.2.11	Ant. IV, 2, 11	quotation on cited line						thou hast been rightly honest,	thou hast been rightly honest so hast thou
Rightly	Rightly,	1.4.77	Ant. I, 4, 77	quotation on cited line, with differences			100%		csar	to-morrow I shall be furnished to inform you rightly	i shall be furnished to inform you rightly
Rioting	Rioting,	2.2.72	Ant. II, 2, 72	headword on cited line							when rioting in alexandria you
Riotous	Riotous,	1.3.29	Ant. I, 3, 29	quotation on cited line						riotous madness, to be entangled with those mouth-made vows,	who have been false to fulvia riotous madness
Ripen	Ripen,	2.7.103	Ant. II, 7, 103	headword on cited line							it ripens towards it strike the vessels ho
Rivality	Rivality,	3.5.8	Ant. III, 5, 8	quotation on cited line, with differences			93%	caesar		Caesar, having made use of him in the wars 'gainst Pompey, presently denied him rivality	wars gainst pompey presently denied him
Rive	Rive,	4.13.5	Ant. IV, 13, 5	quotation on cited line						the soul and body rive not more in parting than greatness going off,	the soul and body rive not more in parting
Rivet2	Rivet,	4.4.22	Ant. IV, 4, 22	quotation on cited line, with differences			100%		sir early thought be	a thousand have on their riveted trim,	early thought be have on their riveted trim
Roast2	Roast,	2.2.183	Ant. II, 2, 183	headword on cited line							eight wildboars roasted whole at a
Robe	Robe,	1.2.171	Ant. I, 2, 171	quotation on cited line						when old robes are worn out,	when old robes are worn out there are members
Robe	Robe,	5.2.283	Ant. V, 2, 283	headword on cited line							give me my robe put on my crown i have
Roll1	Roll,	5.2.181	Ant. V, 2, 181	headword on cited line							put we i the roll of conquest still be t yours
Rot2	Rot,	1.4.47	Ant. I, 4, 47	quotation on cited line, with differences			94%	a	the lackeying the varying tide	like to a vagabond flag upon a stream, goes to and back to rot itself with motion,	to rot itself with motion csar i bring thee word
Rot2	Rot,	3.7.63	Ant. III, 7, 63	headword on cited line							trust not to rotten planks do you misdoubt
Rot2	Rot,	3.7.16	Ant. III, 7, 16	quotation on cited line						their tongues rot	manage this war sink rome and their tongues rot
Round1	Round,	3.3.32	Ant. III, 3, 32	quotation on cited line						her face . . . is't long or r.?	bearst thou her face in mind ist long or round
Round1	Round,	3.3.32	Ant. III, 3, 32	headword on cited line							bearst thou her face in mind ist long or round
Round1	Round,	5.1.15	Ant. V, 1, 15	quotation on cited line						the round world,	a greater crack the round world
Rout2	Rout,	3.1.9	Ant. III, 1, 9	headword on cited line							the routed fly so thy grand captain antony
Rudder	Rudder,	3.10.3	Ant. III, 10, 3	headword on cited line							with all their sixty fly and turn the rudder
Rudder	Rudder,	3.11.57	III, 11, 57	headword on cited line							my heart was to thy rudder tied by the strings
Rude	Rude,	1.4.64	Ant. I, 4, 64	quotation on cited line						the roughest berry on the rudest hedge,	the roughest berry on the rudest hedge
Rude	Rude,	1.78.14	78, 14	not a citation of this play						my rude ignorance,	
Ruffian1	Ruffian,	4.1.4	Ant. IV, 1, 4	headword on cited line							csar to antony let the old ruffian know
Ruin1	Ruin,	3.10.19	Ant. III, 10, 19	quotation on cited line						the noble ruin of her magic,	the noble ruin of her magic antony
Runner	Runner,	4.7.14	Ant. IV, 7, 14	quotation on cited line						'tis sport to maul a runner	tis sport to maul a runner i will reward thee
Rural	Rural,	5.2.233	Ant. V, 2, 233	quotation on cited line						here is a rural fellow,	wherefores this noise here is a rural fellow
Rush1	Rush,	3.5.18	Ant. III, 5, 18	quotation on cited line						spurns the rush that lies before him,	the rush that lies before him cries fool lepidus
Safe2	Safe,	4.6.26	Ant. IV, 6, 26	quotation on cited line						best you safed the bringer out of the host,	i tell you true best you safed the bringer
Safe2	Safe,	1.3.55	Ant. I, 3, 55	quotation on cited line						that which most with you should safe my going, is Fulvia's death,	and that which most with you should safe my going
Sardinia	Sardinia,	2.6.35	Ant. II, 6, 35	headword on cited line							of sicily sardinia and i must
Saucy	Saucy,	4.14.25	Ant. IV, 14, 25	headword on cited line							with thine entirely hence saucy eunuch peace
Saucy	Saucy,	5.2.214	V, 2, 214	headword on cited line							nay tis most certain iras saucy lictors
Saucy	Saucy,	3.13.98	Ant. III, 13, 98	quotation on cited line						so saucy with the hand of she here,	so saucy with the hand of she here whats her name
Savage	Savage,	3.13.128	Ant. III, 13, 128	quotation on cited line						I have savage cause,	the horned herd for i have savage cause
Savage	Savage,	1.4.61	Ant. I, 4, 61	headword on cited line							than savages could suffer thou didst drink
Scale1	Scale,	2.7.21	Ant. II, 7, 21	quotation on cited line, with differences			92%	in	i	they take the flow o' the Nile by certain scales in the pyramid,	by certain scales i the pyramid they know
Scaled	Scaled,	2.5.95	Ant. II, 5, 95	headword on cited line							a cistern for scaled snakes go get thee hence
Scant3	Scant,	4.2.21	Ant. IV, 2, 21	quotation on cited line						scant not my cups,	scant not my cups and make as much of me
Scantly	Scantly,	3.4.6	Ant. III, 4, 6	quotation on cited line						spoke scantly of me,	spoke scantly of me when perforce he could not
Scar1	Scar,	3.13.191	Ant. III, 13, 191	headword on cited line							the wine peep through their scars come on my queen
Scar1	Scar,	4.5.2	IV, 5, 2	headword on cited line							would thou and those thy scars had once prevailed
Scar1	Scar,	3.13.58	Ant. III, 13, 58	quotation on cited line, with differences			88%	honour	honor therefore	the scars upon your honour he does pity,	the scars upon your honor therefore he
Scarce-bearded	Scarce-bearded,	1.1.21	Ant. I, 1, 21	headword on cited line							if the scarcebearded csar have not sent
Schoolmaster	Schoolmaster,	3.11.71	Ant. III, 11, 71	headword on cited line						(the injuries that they themselves procure must be their schoolmasters).	even this repays me we sent our schoolmaster
Schoolmaster	Schoolmaster,	3.12.2	III, 12, 2	headword on cited line							know you him csar tis his schoolmaster
Score2	Score,	4.7.12	Ant. IV, 7, 12	quotation on cited line						let us score their backs,	for a fair victory let us score their backs
Scotch1	Scotch,	4.7.10	Ant. IV, 7, 10	quotation on cited line						I have yet room for six scotches more,	room for six scotches more
Scourge2	Scourge,	2.6.22	Ant. II, 6, 22	headword on cited line							to scourge the ingratitude that despiteful rome
Scribe	Scribe,	3.2.16	Ant. III, 2, 16	quotation on cited line, with differences			100%		ho	hearts, tongues, figures, scribes, bards, poets, cannot think, speak, cast, write, sing, number his love to Antony,	ho hearts tongues figures scribes bards poets cannot
Scroll	Scroll,	3.8.5	Ant. III, 8, 5	quotation on cited line						do not exceed the prescript of this scroll	the prescript of this scroll our fortune lies
Scrupulous	Scrupulous,	1.3.48	Ant. I, 3, 48	quotation on cited line						equality of two domestic powers breed scrupulous faction,	breed scrupulous faction the hated grown to strength
Scuffle	Scuffle,	1.1.7	Ant. I, 1, 7	quotation on cited line						in the scuffles of great fights,	which in the scuffles of great fights hath burst
Scutcheon	Scutcheon,	5.2.135	Ant. V, 2, 135	headword on cited line							your scutcheons and your signs of conquest shall
Scythe1	Scythe,	3.13.194	Ant. III, 13, 194	headword on cited line							even with his pestilent scythe
Sea-like	Sea-like,	3.13.171	Ant III, 13, 171	quotation on cited line						our severed navy too have knit again and fleet, threatening most sea-like	have knit again and fleet threatening most sealike
Sea-side	Sea-side,	3.11.20	Ant. III, 11, 20	headword on cited line							which leaves itself to the seaside straightway
Season1	Season,	5.1.49	Ant. V, 1, 49	quotation on cited line						I will tell you at some meeter season	but i will tell you at some meeter season
Sea-wing	Sea-wing,	3.10.20	Ant. III, 10, 20	headword on cited line							claps on his seawing and like a doting mallard
Secrecy	Secrecy,	1.2.9	Ant. I, 2, 9	quotation on cited line						in nature's infinite book of secrecy a little I can read,	in natures infinite book of secrecy
Secret2	Secret,	4.15.81	Ant. IV, 15, 81	quotation on cited line						to rush into the secret house of death,	to rush into the secret house of death
Seedsman	Seedsman,	2.7.24	Ant. II, 7, 24	headword on cited line							the more it promises as it ebbs the seedsman
Seel	Seel,	3.13.112	Ant. III, 13, 112	quotation on cited line						the wise gods seel our eyes,	o misery ont the wise gods seel our eyes
Self1	Self	5.62.12	62, 12	not a citation of this play						self so self-loving were iniquity,	
Self2	Self,	5.1.21	Ant. V, 1, 21	quotation on cited line, with differences			88%	honour he	honor it with the courage which the heart did lend it	that self hand which writ his honour in the acts he did, hath . . . splitted the heart,	nor by a hired knife but that self hand
Semblable	Semblable,	3.4.3	Ant. III, 4, 3	quotation on cited line						that and thousands more of semblable import,	of semblable import but he hath waged
Separation	Separation,	1.3.102	Ant. I, 3, 102	headword on cited line							our separation so abides and flies
Serious	Serious,	1.2.124	Ant. I, 2, 124	quotation on cited line						what else more serious importeth thee to know,	her length of sickness with what else more serious
Settle	Settle,	2.2.246	Ant. II, 2, 246	quotation on cited line						if beauty, wisdom, modesty, can settle the heart of Antony,	if beauty wisdom modesty can settle
Sevenfold	Sevenfold,	4.14.38	Ant. IV, 14, 38	quotation on cited line						the sevenfold shield of Ajax,	the sevenfold shield of ajax cannot keep
Sever	Sever,	3.13.170	Ant. III, 13, 170	headword on cited line							hath nobly held our severed navy too
Sex	Sex,	4.12.36	Ant. IV, 12, 36	headword on cited line							of all thy sex most monsterlike be shown
Sex	Sex,	5.2.124	V, 2, 124	headword on cited line							have often shamed our sex cleopatra know
Shackle	Shackle,	5.2.6	Ant. V, 2, 6	quotation on cited line						which shackles accidents and bolts up change,	which shackles accidents and bolts up change
Shape2	Shape,	2.7.47	Ant. II, 7, 47	quotation on cited line, with differences			100%		sir	it is shaped like itself,	it is shaped sir like itself and it is as
Shards	Shards,	3.2.20	Ant. III, 2, 20	quotation on cited line						they are his shards and he their beetle,	they are his shards and he their beetle so
Sharpen	Sharpen,	2.1.25	Ant. II, 1, 25	quotation on cited line						sharpen with cloyless sauce his appetite,	sharpen with cloyless sauce his appetite
Sharpness	Sharpness,	3.3.38	Ant. III, 3, 38	quotation on cited line						thou must not take my former sharpness ill,	thou must not take my former sharpness ill
Shave	Shave	2.2.8	Ant. II, 2, 8	quotation on cited line, with differences			83%	shave it		were I the wearer of Antonius' beard, I would not shave it,	i would not shavet today tis not a time
Sheet2	Sheet,	1.4.65	Ant. I, 4, 65	quotation on cited line						when snow the pasture sheets,	yea like the stag when snow the pasture sheets
Shelter1	Shelter,	3.1.8	Ant. III, 1, 8	headword on cited line							mesopotamia and the shelters whither
Shield1	Shield,	4.13.2	Ant. IV, 13, 2	headword on cited line							than telamon for his shield the boar of thessaly
Shield1	Shield,	4.14.38	IV, 14, 38	headword on cited line							the sevenfold shield of ajax cannot keep
Shift1	Shift,	3.11.63	Ant. III, 11, 63	quotation on cited line						dodge and palter in the shifts of lowness,	and palter in the shifts of lowness who
Shift2	Shift,	5.2.152	Ant. V, 2, 152	quotation on cited line						should we shift estates,	and should we shift estates yours would be mine
Shiny	Shiny,	4.9.3	Ant. IV, 9, 3	quotation on cited line						the night is shiny	is shiny and they say we shall embattle
Shipping	Shipping,	3.6.27	Ant. III, 6, 27	quotation on cited line						he lent me some shipping	some shipping unrestored lastly he frets
Shipping	Shipping,	3.7.51	III, 7, 51	quotation on cited line						our overplus of shipping	our overplus of shipping will we burn
Shove	Shove,	1.2.131	Ant. I, 2, 131	quotation on cited line						the hand could pluck her back that shoved her on,	the hand could pluck her back that shoved her on
Shower1	Shower,	1.2.156	Ant. I, 2, 156	headword on cited line							if it be she makes a shower of rain as well
Shower1	Shower,	1.1.125	Shr. Ind. 1, 125.	not a citation of this play							
Shower1	Shower,	3.2.44	Ant. III, 2, 44	headword on cited line							and these the showers to bring it on be cheerful
Shower1	Shower,	2.5.45	Ant. II, 5, 45	quotation on cited line						a shower of gold,	ill set thee in a shower of gold and hail
Show-place	Show-place:	3.6.12	Ant. III, 6, 12	quotation on cited line						the common show-place where they exercise,	i the common showplace where they exercise
Shrewdness	Shrewdness,	2.2.69	Ant. II, 2, 69	headword on cited line							shrewdness of policy too i grieving grant
Shrill-tongued	Shrill-tongued,	1.1.32	Ant. I, 1, 32	quotation on cited line						when shrill-tongued Fulvia scolds,	when shrilltongued fulvia scolds the messengers
Shrill-tongued	Shrill-tongued,	3.3.15	Ant. III, 3, 15	quotation on cited line						is she shrill-tongued or low?	didst hear her speak is she shrilltongued or low
Sicken	Sicken,	3.10.17	Ant. III, 10, 17	quotation on cited line						mine eyes did sicken at the sight,	mine eyes did sicken at the sight and could not
Sickly2	Sickly,	3.4.7	Ant. III, 4, 7	quotation on cited line						cold and sickly he vented them,	but pay me terms of honor cold and sickly
Sign2	Sign,	4.3.14	Ant. IV, 3, 14	quotation on cited line						it signs well, does it not?	it signs well does it not no peace i say
Silvered	Silvered,	3.6.3	Ant. III, 6, 3	headword on cited line							i the marketplace on a tribunal silvered
Silvius	Silvius,	2.1.18	Ant. II, 1, 18	headword on cited line							where have you this tis false from silvius sir
Sink2	Sink,	2.7.66	Ant. II, 7, 66	headword on cited line							keep off them for you sink
Sink2	Sink,	3.10.26	III, 10, 26	headword on cited line							and sinks most lamentably had our general
Sink2	Sink,	3.13.64	III, 13, 64	headword on cited line							that we must leave thee to thy sinking for
Sink2	Sink,	3.45.8	45, 8	not a citation of this play						my life sinks down to death,	
Sink2	Sink,	3.10.26	Ant. III, 10, 26	headword on cited line							and sinks most lamentably had our general
Sink2	Sink,	3.7.16	Ant. III, 7, 16	quotation on cited line						sink Rome!	manage this war sink rome and their tongues rot
Sixty	Sixty,	3.7.50	Ant. III, 7, 50	headword on cited line							i have sixty sails csar none better
Sixty	Sixty,	3.10.3	III, 10, 3	headword on cited line							with all their sixty fly and turn the rudder
Size1	Size,	4.15.4	Ant. IV, 15, 4	quotation on cited line						our size of sorrow, proportioned to our cause, must be as great as that which makes it,	but comforts we despise our size of sorrow
Size1	Size,	5.2.97	V, 2, 97	quotation on cited line						it's past the size of dreaming,	its past the size of dreaming nature wants stuff
Slackness	Slackness,	3.7.28	Ant. III, 7, 28	headword on cited line							to taunt at slackness canidius we
Sleeper	Sleeper,	4.9.31	Ant. IV, 9, 31	headword on cited line							demurely wake the sleepers let us bear him
Slime	Slime,	1.3.69	Ant. I, 3, 69	headword on cited line							that quickens nilus slime i go from hence
Slime	Slime,	2.7.25	II, 7, 25	headword on cited line							upon the slime and ooze scatters his grain
Slime	Slime,	5.2.355	V, 2, 355	headword on cited line							have slime upon them such as the aspic leaves
Slimy	Slimy,	2.5.13	Ant. II, 5, 13	quotation on cited line						slimy jaws,	their slimy jaws and as i draw them up
Slippery	Slippery,	1.2.192	Ant. I, 2, 192	quotation on cited line						our slippery people,	the empire of the sea our slippery people
Smart3	Smart,	2.5.66	Ant. II, 5, 66	headword on cited line							smarting in lingering pickle gracious madam
Smell2	Smell,	1.4.21	Ant. I, 4, 21	quotation on cited line						knaves that smell of sweat,	with knaves that smell of sweat say this becomes him
Smite	Smite	3.13.162	Ant. III, 13, 162	quotation on cited line, with differences			75%	caesarion	csarion	the next Caesarion smite	dissolve my life the next csarion smite
Smite	Smite	5.2.104	V, 2, 104	quotation on cited line						a grief that smites my very heart at root,	by the rebound of yours a grief that smites
Smite	Smite	5.2.171	Ant. V, 2, 171	quotation on cited line						it smites me beneath the fall I have,	with one that i have bred the gods it smites me
Smooth1	Smooth,	1.3.100	Ant. I, 3, 100	quotation on cited line						smooth success be strewed before your feet,	sit laurel victory and smooth success
Snaffle	Snaffle,	2.2.63	Ant. II, 2, 63	headword on cited line							the third o the world is yours which with a snaffle
Snatch2	Snatch,	4.7.13	Ant. IV, 7, 13	quotation on cited line						snatch 'em up, as we take hares behind,	and snatch em up as we take hares behind
Sober	Sober,	5.2.54	Ant. V, 2, 54	quotation on cited line						chastised with the sober eye of dull Octavia,	nor once be chastised with the sober eye
Soberly	Soberly,	1.5.48	Ant. I, 5, 48	headword on cited line							and soberly did mount an armgaunt steed
Soften	Soften,	2.1.21	Ant. II, 1, 21	headword on cited line							salt cleopatra soften thy waned lip
Solder	Solder,	3.4.32	Ant. III, 4, 32	quotation on cited line						as if the world should cleave, and that slain men should solder up the rift,	should solder up the rift
Soldiership	Soldiership,	2.1.34	Ant. II, 1, 34	headword on cited line							for such a petty war his soldiership
Soldiership	Soldiership,	3.7.42	III, 7, 42	headword off by 1	3.7.43	1					most worthy sir you therein throw away
Solemn	Solemn,	5.2.367	Ant. V, 2, 367	quotation on cited line						in solemn show,	in solemn show attend this funeral
Something-settled	Something-settled,	4.8.20	Ant. IV, 8, 20	headword not found near cited line							do something mingle with our younger brown yet ha we
Soothsay	Soothsay,	1.2.52	Ant. I, 2, 52	headword on cited line							soothsay
Sore3	Sore,	2.5.4	Ant. II, 5, 4	quotation on cited line						my arm is sore	my arm is sore best play with mardian
Sorely	Sorely,	4.6.19	Ant. IV, 6, 19	quotation on cited line						I do accuse myself so sorely	of which i do accuse myself so sorely
Sossius	Sossius,	3.1.17	Ant. III, 1, 17	headword on cited line							more in their officer than person sossius
Sottish	Sottish,	4.15.79	Ant. IV, 15, 79	headword not found near cited line							patience is scottish and impatience does
Soulless	Soulless,	5.2.157	Ant. V, 2, 157	quotation on cited line						slave, soulless villain, dog! O rarely base!	though they had wings slave soulless villain dog
Sour1	Sour,	2.2.24	Ant. II, 2, 24	quotation on cited line, with differences			100%		you	touch the sourest points with sweetest terms,	touch you the sourest points with sweetest terms
Source	Source,	3.13.160	Ant. III, 13, 160	headword on cited line							and poison it in the source and the first stone
Space	Space,	1.1.34	Ant. I, 1, 34	quotation on cited line						here is my space	of the ranged empire fall here is my space
Space	Space,	2.3.23	II, 3, 23	quotation on cited line						make space enough between you,	make space enough between you speak this no more
Space	Space,	2.1.31	Ant. II, 1, 31	quotation on cited line						'tis a space for further travel,	a space for further travel i could have given less matter
Spacious	Spacious,	5.1.34	Ant. V, 1, 34	headword on cited line						(spacious in the possession of dirt).	when such a spacious mirrors set before him
Spaniel2	Spaniel,	4.12.21	Ant. IV, 12, 21	quotation on cited line						the hearts that spanieled me at heels,	that spanieled me at heels to whom i gave
Speed2	Speed,	2.3.35	Ant. II, 3, 35	headword on cited line							under his chance if we draw lots he speeds
Spell1	Spell,	4.12.30	Ant. IV, 12, 30	headword on cited line							what eros eros ah thou spell avaunt
Spoil2	Spoil,	3.6.25	Ant. III, 6, 25	quotation on cited line, with differences			spacing			having in Sicily Sextus Pompeius spoiled, we had not rated him his part o'the isle,	sextus pompeius spoiled we had not rated him
Sprightly	Sprightly	4.7.15	Ant. IV, 7, 15	quotation on cited line, with differences			67%	sprightly	spritely	thy sprightly comfort,	once for thy spritely comfort and tenfold
Sprightly	Sprightly	4.14.52	IV, 14, 52	quotation on cited line						we'll . . . with our sprightly port make the ghosts gaze,	and with our sprightly port make the ghosts gaze
Spur2	Spur,	3.1.7	Ant. III, 1, 7	headword on cited line							the fugitive parthians follow spur through media
Spy1	Spy,	3.7.78	Ant. III, 7, 78	headword on cited line							beguiled all spies whos his lieutenant hear you
Squadron	Squadron,	3.9.1	Ant. III, 9, 1	headword on cited line							set we our squadrons on yond side o the hill
Square1	Square,	2.3.6	Ant. II, 3, 6	quotation on cited line						I have not kept my s., but that to come shall all be done by the rule,	i have not kept my square but that to come
Square1	Square,	3.11.40	Ant. III, 11, 40	quotation on cited line, with differences			100%		had	no practice in the brave squares of war,	in the brave squares of war yet now no matter
Square2	Square,	2.2.190	Ant. II, 2, 190	quotation on cited line						if report be square to her,	be square to her
Square3	Square,	2.1.45	Ant. II, 1, 45	quotation on cited line						'twere pregnant they should square between themselves,	twere pregnant they should square between themselves
Square3	Square,	3.13.41	III, 13, 41	quotation on cited line						mine honesty and I begin to square	mine honesty and i begin to square
Squeak	Squeak,	5.2.220	Ant. V, 2, 220	headword on cited line							some squeaking cleopatra boy my greatness
Stablishment	Stablishment,	3.6.9	Ant. III, 6, 9	quotation on cited line						unto her he gave the stablishment of Egypt,	he gave the stablishment of egypt made her
Stag	Stag,	1.4.65	Ant. I, 4, 65	headword on cited line							yea like the stag when snow the pasture sheets
Stage2	Stage,	3.13.30	Ant. III, 13, 30	quotation on cited line						be staged to the show against a sworder,	unstate his happiness and be staged to the show
Stage2	Stage,	5.2.217	V, 2, 217	quotation on cited line, with differences			100%		extemporally	the quick comedians will stage us,	extemporally will stage us and present
Stale1	Stale,	1.4.62	Ant. I, 4, 62	quotation on cited line						thou didst drink the stale of horses,	the stale of horses and the gilded puddle
Stale3	Stale,	2.2.240	Ant. II, 2, 240	quotation on cited line						age cannot wither her, nor custom stale her infinite variety,	age cannot wither her nor custom stale
Stall2	Stall,	5.1.39	Ant. V, 1, 39	quotation on cited line						we could not stall together in the whole world,	or look on thine we could not stall together
Stanch1	Stanch,	2.2.117	Ant. II, 2, 117	quotation on cited line						what hoop should hold us stanch	what hoop should hold us stanch from edge to edge
Stark2	Stark,	5.2.59	Ant. V, 2, 59	headword on cited line							lay me stark naked and let the waterflies
Start1	Start,	4.12.7	Ant. IV, 12, 7	quotation on cited line						by starts, his fretted fortunes give him hope and fear,	is valiant and dejected and by starts
Start1	Start,	4.12.7	Ant. IV, 12, 7	headword on cited line							is valiant and dejected and by starts
Start2	Start,	3.13.91	Ant. III, 13, 91	quotation on cited line						kings would start forth,	like boys unto a muss kings would start forth
Station	Station,	3.3.22	Ant. III, 3, 22	quotation on cited line						her motion and her station are as one,	her motion and her station are as one
Steep3	Steep,	2.7.113	Ant. II, 7, 113	quotation on cited line, with differences			100%		soft and delicate	steeped our sense in Lethe,	till that the conquering wine hath steeped our sense
Steer2	Steer,	2.2.214	Ant. II, 2, 214	quotation on cited line						at the helm a seeming mermaid steers,	a seeming mermaid steers the silken tackle
Steer2	Steer,	5.1.32	Ant. V, 1, 32	quotation on cited line						a rarer spirit never did steer humanity,	did steer humanity but you gods will give us
Stewed	Stewed,	2.5.65	Ant. II, 5, 65	quotation on cited line						whipped with wire, and stewed in brine,	thou shalt be whipped with wire and stewed in brine
Stick2	Stick,	1.5.41	Ant. I, 5, 41	quotation on cited line						his speech sticks in my heart,	this orient pearl his speech sticks in my heart
Stick2	Stick,	5.2.79	Ant. V, 2, 79	quotation on cited line						stuck a sun and moon,	his face was as the heavens and therein stuck
Stiff	Stiff,	1.2.104	Ant. I, 2, 104	quotation on cited line, with differences			spacing			this is stiff news,	this is stiff newshath with his parthian force
Still1	Still,	2.6.131	Ant. II, 6, 131	headword on cited line							is of a holy cold and still conversation
Still1	Still,	4.11.1	IV, 11, 1	headword on cited line							but being charged we will be still by land
Still1	Still,	4.15.28	IV, 15, 28	headword on cited line							and still conclusion shall acquire no honor
Still1	Still,	1.2.114	Ant. I, 2, 114	headword on cited line							when our quick minds lie still and our ills told us
Still1	Still,	5.2.299	V, 2, 299	headword on cited line							which hurts and is desired dost thou lie still
Stir1	Stir,	1.4.82	Ant. I, 4, 82	quotation on cited line, with differences			100%		meantime	what you shall know of stirs abroad,	of stirs abroad i shall beseech you sir
Stomach2	Stomach,	3.4.12	Ant. III, 4, 12	quotation on cited line						believe not all; or, if you must believe, stomach not all,	stomach not all a more unhappy lady
Stomach2	Stomach,	2.2.9	II, 2, 9	quotation on cited line						'tis not a time for private stomaching,	for private stomaching every time
Stoop3	Stoop,	2.2.98	Ant. II, 2, 98	headword on cited line							to stoop in such a case tis noble spoken
Store1	Store,	4.1.15	Ant. IV, 1, 15	headword on cited line							and feast the army we have store to dot
Straightway	Straightway,	3.11.20	Ant. III, 11, 20	headword on cited line							which leaves itself to the seaside straightway
Strangler	Strangler,	2.6.130	Ant. II, 6, 130	quotation on cited line						the band that seems to tie their friendship together will be the very strangler of their amity,	will be the very strangler of their amity octavia
Stray2	Stray,	4.14.47	Ant. IV, 14, 47	headword on cited line							lie down and stray no farther now all labor
Stream1	Stream,	1.4.45	Ant. I, 4, 45	quotation on cited line						a vagabond flag upon the stream	like to a vagabond flag upon the stream
Stretch	Stretch,	1.1.46	Ant. I, 1, 46	quotation on cited line						there's not a minute of our lives should stretch without some pleasure now,	theres not a minute of our lives should stretch
String1	String,	3.11.57	Ant. III, 11, 57	headword on cited line							my heart was to thy rudder tied by the strings
Stripe	Stripe,	3.13.152	Ant. III, 13, 152	headword on cited line							hence with thy stripes begone
Strongly	Strongly,	1.2.188	Ant. I, 2, 188	quotation on cited line						do strongly speak to us,	do strongly speak to us but the letters too
Strong-winged	Strong-winged,	4.15.35	Ant. IV, 15, 35	headword on cited line							the strongwinged mercury should fetch thee up
Stroy	Stroy,	3.11.54	Ant. III, 11, 54	quotation on cited line, with differences			88%	dishonour		what I have left behind stroyed in dishonour,	stroyed in dishonor o my lord my lord
Strut	Strut,	3.13.114	Ant. III, 13, 114	headword on cited line							adore our errors laugh ats while we strut
Studied	Studied,	2.6.48	Ant. II, 6, 48	quotation on cited line, with differences			100%		pompey	I have heard it, and am well studied for a liberal thanks which I do owe you,	and am well studied for a liberal thanks
Sty1	Sty,	4.15.62	Ant. IV, 15, 62	headword on cited line							no better than a sty o see my women
Subdue	Subdue,	3.13.36	Ant. III, 13, 36	quotation on cited line						thou hast subdued his judgment too,	answer his emptiness csar thou hast subdued
Subdue	Subdue,	4.12.47	IV, 12, 47	quotation off by 1	4.12.45-46	-1	100%		that grasped the heaviest club	with those hands . . . subdue my worthiest self,	to the young roman boy she hath sold me and i fall
Subdue	Subdue,	4.14.74	Ant. IV, 14, 74	quotation on cited line						his face subdued to penetrative shame,	his corrigible neck his face subdued
Submerged	Submerged,	2.5.94	Ant. II, 5, 94	quotation on cited line						so half my Egypt were submerged and made a cistern for scaled snakes,	so half my egypt were submerged and made
Submit	Submit,	3.12.17	Ant. III, 12, 17	headword on cited line							submits her to thy might and of thee craves
Subscribe	Subscribe,	4.5.14	Ant. IV, 5, 14	quotation on cited line						write to him; I will subscribe	i will subscribe gentle adieus and greetings
Suck2	Suck,	5.2.313	Ant. V, 2, 313	quotation on cited line						my baby at my breast, that sucks the nurse asleep,	that sucks the nurse asleep o break o break
Sudden	Sudden,	1.3.5	Ant. I, 3, 5	quotation on cited line						report that I am sudden sick,	that i am sudden sick quick and return
Sudden	Sudden,	1.2.86	Ant. I, 2, 86	headword on cited line							he was disposed to mirth but on the sudden
Sudden	Sudden,	5.2.347	V, 2, 347	headword on cited line							and on the sudden dropped o noble weakness
Sullen	Sullen,	1.3.13	Ant. I, 3, 13	quotation on cited line						I am sick and sullen	but here comes antony i am sick and sullen
Superfluous	Superfluous,	3.12.5	Ant. III, 12, 5	quotation on cited line						which had superfluous kings for messengers,	which had superfluous kings for messengers
Supply2	Supply,	3.6.54	Ant. III, 6, 54	quotation on cited line						supplying every stage with an augmented greeting,	by sea and land supplying every stage
Suppose2	Suppose,	2.2.86	Ant. II, 2, 86	quotation on cited line, with differences			80%	supposeing		supposeing that I lacked it,	supposing that i lacked it but on csar
Surfeit1	Surfeit,	1.4.27	Ant. I, 4, 27	quotation on cited line						full surfeits,	full surfeits and the dryness of his bones
Surfeiter	Surfeiter,	2.1.33	Ant. II, 1, 33	quotation on cited line						this amorous surfeiter	this amorous surfeiter would have donned his helm
Surprise2	Surprise,	5.2.35	Ant. V, 2, 35	quotation on cited line						how easily she may be surprised,	you see how easily she may be surprised
Sustain	Sustain,	3.11.45	Ant. III, 11, 45	quotation on cited line, with differences			67%	me	him	sustain me, O!	well then sustain him o
Sustain	Sustain,	1.3.17	Ant. I, 3, 17	quotation on cited line						the sides of nature will not sustain it,	will not sustain it now my dearest queen
Swallow1	Swallow,	4.12.4	Ant. IV, 12, 4	headword off by 1	4.12.3	-1					in cleopatras sails their nests the augurers
Swallow2	Swallow,	5.2.348	Ant. V, 2, 348	headword on cited line							if they had swallowed poison twould appear
Swan	Swan,	3.2.48	Ant. III, 2, 48	headword on cited line							her heart inform her tonguethe swans downfeather
Sway2	Sway,	2.2.151	Ant. II, 2, 151	quotation on cited line						sway our great designs,	and sway our great designs there is my hand
Sweep2	Sweep,	3.11.17	Ant. III, 11, 17	quotation on cited line						some friends that will sweep your way for you,	sweep your way for you pray you look not sad
Sweet2	Sweet,	4.12.22	Ant. IV, 12, 22	quotation on cited line, with differences			83%	caesar		melt their sweets on blossoming Caesar,	their wishes do discandy melt their sweets
Swell1	Swell,	3.2.49	Ant. III, 2, 49	quotation on cited line, with differences			spacing			the swan's down-feather, that stands upon the swell at full of tide,	that stands upon the swell at full of tide
Swerve	Swerve,	3.11.50	Ant. III, 11, 50	quotation on cited line, with differences			88%	swerveing		I have offended reputation, a most unnoble swerveing,	a most unnoble swerving sir the queen
Sworder	Sworder,	3.13.31	Ant. III, 13, 31	quotation on cited line						and be staged to the show against a sworder	against a sworder i see mens judgments are
Synod	Synod,	3.10.5	Ant. III, 10, 5	quotation on cited line						gods and goddesses, all the whole synod of them,	all the whole synod of them whats thy passion
Tabourines	Tabourines,	4.8.37	Ant. IV, 8, 37	quotation on cited line, with differences			86%	tabouriness	with brazen din blast you the citys ear	trumpeters, make mingle with our rattling tabouriness,	make mingle with our rattling tabourines
Taint1	Taint,	5.1.30	Ant. V, 1, 30	quotation on cited line, with differences			88%	honours	honors	his taints and honours waged equal with him,	our most persisted deeds his taints and honors
Tarentum	Tarentum,	3.7.22	Ant. III, 7, 22	headword on cited line							that from tarentum and brundusium
Targe	Targe,	2.6.39	Ant. II, 6, 39	headword on cited line							our targes undinted
Tart2	Tart,	2.5.38	Ant. II, 5, 38	quotation on cited line, with differences			89%	favour	favor	so tart a favour to trumpet such good tidings,	be free and healthful so tart a favor
Taunt1	Taunt,	2.2.73	Ant. II, 2, 73	headword on cited line							did pocket up my letters and with taunts
Taurus	Taurus,	3.7.79	Ant. III, 7, 79	headword on cited line							they say one taurus well i know the man
Taurus	Taurus,	3.8.1	III, 8, 1	headword on cited line							taurus
Tawny	Tawny,	1.1.6	Ant. I, 1, 6	quotation on cited line						turn . . . their view upon a tawny front,	upon a tawny front his captains heart
Tawny-finned	Tawny-finned	2.5.12	Ant. II, 5, 12	quotation on cited line						I will betray tawny-finned fishes,	tawnyfinned fishes my bended hook shall pierce
Tear2	Tear,	4.14.31	Ant. IV, 14, 31	quotation on cited line						a tearing groan did break the name of Antony,	then in the midst a tearing groan did break
Tear2	Tear,	4.14.31	Ant. IV, 14, 31	headword on cited line							then in the midst a tearing groan did break
Telamon	Telamon,	4.13.2	Ant. IV, 13, 2	quotation on cited line						he is more mad than Telamon for his shield,	than telamon for his shield the boar of thessaly
Teller	Teller,	1.2.99	Ant. I, 2, 99	quotation on cited line						the nature of bad news infects the teller	the nature of bad news infects the teller
Temper1	Temper,	1.1.8	Ant. I, 1, 8	quotation on cited line						his captain's heart . . . reneges all temper	the buckles on his breast reneges all temper
Temperance	Temperance,	5.2.48	Ant. V, 2, 48	quotation on cited line						O t., lady,	worthy many babes and beggars o temperance lady
Temperance	Temperance,	3.13.121	Ant. III, 13, 121	quotation on cited line						though you can guess what temperance should be, you know not what it is,	though you can guess what temperance should be
Tend	Tend,	4.2.24	Ant. IV, 2, 24	quotation on cited line						tend me to-night,	to make his followers weep tend me tonight
Tend	Tend,	4.2.24	Ant. IV, 2, 24	headword on cited line							to make his followers weep tend me tonight
Tend	Tend,	2.2.212	Ant. II, 2, 212	quotation on cited line, with differences			spacing			her gentlewomen . . . tended her i'the eyes,	so many mermaids tended her i the eyes
Tenfold	Tenfold,	4.7.15	Ant. IV, 7, 15	quotation on cited line, with differences			89%	valour	once for thy spritely comfort and	I will reward thee . . . tenfold for thy good valour,	once for thy spritely comfort and tenfold
Termagant	Termagant,	1.5.48	Ant. I, 5, 48	headword not found near cited line							and soberly did mount an armgaunt steed
Terrene	Terrene,	3.13.153	Ant. III, 13, 153	quotation on cited line						our terrene moon is now eclipsed,	have you done yet alack our terrene moon
Terrible	Terrible,	4.15.3	Ant. IV, 15, 3	headword on cited line							all strange and terrible events are welcome
Thankful	Thankful,	1.2.167	Ant. I, 2, 167	headword on cited line							why sir give the gods a thankful
That1	That,	3.13.19	Ant. III, 13, 19	quotation on cited line						head, my lord?	with principalities that head my lord
That1	That,	4.12.46	Ant. IV, 12, 46	quotation on cited line						teach me, Alcides, thy rage, . . . and with those hands that grasped the heaviest club, subdue my worthiest self,	subdue my worthiest self the witch shall die
That1	That,	2.3.6	Ant. II, 3, 6	quotation on cited line						that to come,	i have not kept my square but that to come
That1	That,	2.3.19	Ant. II, 3, 19	quotation on cited line, with differences			88%	that	thats	thy demon, that thy spirit which keeps thee,	thy demon thats thy spirit which keeps thee is
That1	That,	3.5.19	III, 5, 19	quotation on cited line						threats the throat of that his officer that murdered Pompey,	and threats the throat of that his officer
That1	That,	4.14.79	IV, 14, 79	quotation on cited line						draw that thy honest sword,	draw that thy honest sword which thou hast worn
That1	That,	3.13.177	Ant. III, 13, 177	quotation on cited line						that's my brave lord,	thats my brave lord
That1	That,	3.11.12	Ant. III, 11, 12	quotation on cited line						followed that I blush to look upon,	i followed that i blush to look upon
That1	That,	5.2.338	V, 2, 338	quotation on cited line						that you did fear is done,	that you did fear is done bravest at the last
Theme	Theme,	2.2.44	Ant. II, 2, 44	quotation on cited line						their contestation was theme for you; you were the word of war,	was theme for you you were the word of war
Thereabouts	Thereabouts,	3.10.29	Ant. III, 10, 29	quotation on cited line						he has given example for our flight, most grossly, by his own. Ay, are you t.? why, then, good night indeed,	most grossly by his own ay are you thereabouts
Thereon	Thereon,	5.2.133	Ant. V, 2, 133	quotation on cited line						if thereon you rely,	if thereon you rely ill take my leave
Thereto	Thereto,	5.2.198	Ant. V, 2, 198	headword on cited line							madam as thereto sworn by your command
Thessaly	Thessaly,	4.13.2	Ant. IV, 13, 2	quotation on cited line						the boar of Thessaly was never so embossed,	than telamon for his shield the boar of thessaly
Thetis	Thetis,	3.7.61	Ant. III, 7, 61	headword on cited line							away my thetis how now worthy soldier
Thicken	Thicken,	2.3.27	Ant. II, 3, 27	quotation on cited line						thy lustre thickens, when he shines by,	he beats thee gainst the odds thy lustre thickens
Thing	Thing,	5.1.14	Ant. V, 1, 14	quotation on cited line						the breaking of so great a thing should make a greater crack,	the breaking of so great a thing should make
Though1	Though,	3.13.4	Ant. III, 13, 4	headword on cited line							lord of his reason what though you fled
Thracian	Thracian,	3.6.71	Ant. III, 6, 71	quotation on cited line						the Thracian king Adallas,	of paphlagonia the thracian king adallas
Three-nooked	Three-nooked,	4.6.6	Ant. IV, 6, 6	quotation on cited line, with differences			88%	word	world	the three-nooked word shall bear the olive freely,	prove this a prosperous day the threenooked world
Thrive	Thrive	1.3.51	Ant. I, 3, 51	quotation on cited line						thrived,	into the hearts of such as have not thrived
Thrive	Thrive	1.3.51	Ant. I, 3, 51	quotation on cited line						such as have not thrived upon the present state,	into the hearts of such as have not thrived
Thrive	Thrive	1.4.76	Ant. I, 4, 76	quotation on cited line						Pompey thrives in our idleness,	thrives in our idleness tomorrow csar
Thrive	Thrive	4.3.10	Ant. IV, 3, 10	headword on cited line							our navy thrive i have an absolute hope
Thrive	Thrive	4.4.9	IV, 4, 9	headword on cited line							we shall thrive now seest thou my good fellow
Throe2	Throe,	3.7.81	Ant. III, 7, 81	quotation on cited line, with differences			92%	labour	labor	with news the time's with labour, and throes forth each minute some,	with news the times with labor and throes forth
Throne2	Throne,	1.3.28	Ant. I, 3, 28	headword on cited line							though you in swearing shake the throned gods
Through1	Through,	3.3.6	Ant. III, 3, 6	headword on cited line							through whom i might command it come thou near
Thunder2	Thunder,	3.13.85	Ant. III, 13, 85	headword on cited line							as it rained kisses favors by jove that thunders
Thunderbolt	Thunderbolt,	2.5.77	Ant. II, 5, 77	headword on cited line							some innocents scape not the thunderbolt
Thyreus	Thyreus	3.12.31	Ant. III, 12, 31	headword on cited line							the neer touched vestal try thy cunning thyreus
Thyreus	Thyreus	3.13.73	III, 13, 73	headword on cited line							my name is thyreus most kind messenger
Tiber	Tiber,	1.1.33	Ant. I, 1, 33	quotation on cited line						let Rome in Tiber melt,	let rome in tiber melt and the wide arch
Tight	Tight,	4.4.15	Ant. IV, 4, 15	quotation on cited line						my queen's a squire more tight at this than thou,	more tight at this than thou dispatch o love
Timely2	Timely,	2.6.52	Ant. II, 6, 52	quotation on cited line, with differences			86%	timelyer	timelier	called me timelyer than my purpose hither,	that called me timelier than my purpose hither
Tinct	Tinct,	1.5.37	Ant. I, 5, 37	quotation on cited line						that great medicine hath with his tinct gilded thee,	with his tinct gilded thee
Tippling	Tippling,	1.4.19	Ant. I, 4, 19	quotation on cited line						to sit and keep the turn of tippling with a slave,	and keep the turn of tippling with a slave
Tire1	Tire,	2.5.22	Ant. II, 5, 22	quotation on cited line						put my tires and mantles on him,	then put my tires and mantles on him whilst
Tissue	Tissue,	2.2.204	Ant. II, 2, 204	quotation on cited line, with differences			spacing			cloth of gold, of tissue	in her pavilion clothofgold of tissue
To1	To,	1.4.46	Ant. I, 4, 46	quotation on cited line						goes to and back, lackeying the varying tide,	goes to and back lackeying the varying tide
Toil1	Toil,	5.2.351	Ant. V, 2, 351	headword on cited line							in her strong toil of grace here on her breast
Tokened	Tokened,	3.10.9	Ant. III, 10, 9	quotation on cited line						the tokened pestilence, where death is sure,	on our side like the tokened pestilence
Top1	Top,	5.1.43	Ant. V, 1, 43	quotation on cited line						my competitor in top of all design,	in top of all design my mate in empire
Touch1	Touch,	2.2.215	Ant. II, 2, 215	headword on cited line							swell with the touches of those flowersoft hands
Touch1	Touch,	1.2.187	Ant. I, 2, 187	quotation on cited line						the death of Fulvia, with more urgent touches, do strongly speak to us,	the death of fulvia with more urgent touches
Tow	Tow,	3.11.58	Ant. III, 11, 58	headword on cited line							and thou shouldst tow me after oer my spirit
Toward2	Toward,	2.6.75	Ant. II, 6, 75	quotation on cited line						four feasts are toward	four feasts are toward let me shake thy hand
Toward3	Toward,	3.10.31	Ant. III, 10, 31	headword on cited line							toward peloponnesus are they fled
Toward3	Toward,	3.13.158	Ant. III, 13, 158	quotation on cited line						cold-hearted toward me,	coldhearted toward me ah dear if i be so
Towards2	Towards,	2.7.103	Ant. II, 7, 103	quotation on cited line						it ripens towards it,	it ripens towards it strike the vessels ho
Towards2	Towards,	5.2.127	Ant. V, 2, 127	quotation on cited line						our intents, which towards you are most gentle,	which towards you are most gentle you shall find
Towered	Towered,	4.14.4	Ant. IV, 14, 4	quotation on cited line						a towered citadel,	a towered citadel a pendent rock
Toy1	Toy,	5.2.166	Ant. V, 2, 166	headword on cited line							immoment toys things of such dignity
Toy1	Toy,	5.2.166	Ant. V, 2, 166	quotation on cited line						some lady trifles, . . . immoment toys,	immoment toys things of such dignity
Trade2	Trade,	2.5.2	Ant. II, 5, 2	quotation on cited line						music, moody food of us that trade in love,	of us that trade in love the music ho
Traduce	Traduce,	3.7.14	Ant. III, 7, 14	quotation on cited line						he is already traduced for levity,	traduced for levity and tis said in rome
Trail1	Trail,	5.2.354	Ant. V, 2, 354	quotation on cited line						this is an aspic's t., and these fig-leaves have slime upon them,	this is an aspics trail and these figleaves
Transform	Transform,	1.1.12	Ant. I, 1, 12	headword on cited line							the triple pillar of the world transformed
Transform	Transform,	4.2.36	Ant. IV, 2, 36	headword on cited line							transform us not to women ho ho ho
Transmigrate	Transmigrate,	2.7.51	Ant. II, 7, 51	quotation on cited line						the elements once out of it, it transmigrates,	out of it it transmigrates
Transmutation	Transmutation,	2.2.21	Shr. Ind. 2, 21	not a citation of this play						by education a card-maker, by transmutation a bear-herd,	
Travail1	Travail	1.2.161	Ant. I, 2, 161	headword on cited line							blest withal would have discredited your travel
Travail1	Travail	2.1.31	II, 1, 31	headword on cited line							a space for further travel i could have given less matter
Treasurer	Treasurer,	5.2.142	Ant. V, 2, 142	headword on cited line							this is my treasurer let him speak my lord
Treaty	Treaty,	2.6.85	Ant. II, 6, 85	quotation on cited line, with differences			100%		pompey	thy father would ne'er have made this treaty	neer have made this treaty you and i have
Treaty	Treaty,	3.11.62	Ant. III, 11, 62	quotation on cited line, with differences			89%	treatyes		I must to the young man send humble treatyes,	to the young man send humble treaties dodge
Treble-sinewed	Treble-sinewed,	3.13.178	Ant. III, 13, 178	quotation on cited line						I will be t., hearted, breathed,	i will be treblesinewed hearted breathed
Tremblingly	Tremblingly,	5.2.346	Ant. V, 2, 346	quotation on cited line						tremblingly she stood and on the sudden dropped,	on her dead mistress tremblingly she stood
Trencher	Trencher,	3.13.117	Ant. III, 13, 117	quotation on cited line, with differences			91%	caesars	csars	I found you as a morsel cold upon dead Caesar's trencher	dead csars trencher nay you were a fragment
Tribunal	Tribunal,	3.6.3	Ant. III, 6, 3	quotation on cited line, with differences			spacing			i'the market-place, on a tribunal silvered, Cleopatra and himself in chairs of gold were publicly enthroned,	i the marketplace on a tribunal silvered
Tributary2	Tributary,	3.13.96	Ant. III, 13, 96	headword on cited line							whip him weret twenty of the greatest tributaries
Trick1	Trick,	5.2.75	Ant. V, 2, 75	quotation on cited line						you laugh when boys or women tell their dreams; is't not your t.?	ist not your trick i understand not madam
Trick1	Trick,	4.2.14	Ant. IV, 2, 14	quotation on cited line						'tis one of those odd tricks which sorrow shoots out of the mind,	tis one of those odd tricks which sorrow shoots
Trim1	Trim,	4.4.22	Ant. IV, 4, 22	quotation on cited line						a thousand . . . have on their riveted trim	early thought be have on their riveted trim
Triple	Triple,	1.1.12	Ant. I, 1, 12	quotation on cited line						you shall see in him the triple pillar of the world transformed into a strumpet's fool,	the triple pillar of the world transformed
Triple-turned	Triple-turned,	4.12.13	Ant. IV, 12, 13	quotation on cited line						triple-turned whore,	like friends long lost tripleturned whore tis thou
Triumph2	Triumph,	4.8.16	Ant. IV, 8, 16	headword on cited line							ride on the pants triumphing lord of lords
Triumph2	Triumph,	4.15.15	Ant. IV, 15, 15	quotation on cited line						hath triumphed on itself,	but antonys hath triumphed on itself
Triumph2	Triumph,	4.8.16	Ant. IV, 8, 16	quotation on cited line						and there ride on the pants triumphing,	ride on the pants triumphing lord of lords
Triumphant	Triumphant,	3.1.10	Ant. III, 1, 10	quotation on cited line						on triumphant chariots,	shall set thee on triumphant chariots and
Triumphant	Triumphant,	2.2.189	Ant. II, 2, 189	quotation on cited line						a most triumphant lady,	shes a most triumphant lady if report
Triumpherate	Triumpherate	3.6.28	Ant. III, 6, 28	headword not found near cited line							that lepidus of the triumvirate
Trivial	Trivial,	2.2.21	Ant. II, 2, 21	quotation on cited line						when we debate our trivial difference loud,	our trivial difference loud we do commit
Trull	Trull,	3.6.95	Ant. III, 6, 95	headword on cited line							and gives his potent regiment to a trull
Trumpet2	Trumpet,	2.5.39	Ant. II, 5, 39	quotation on cited line, with differences			89%	favour	favor	so tart a favour to trumpet such good tidings,	to trumpet such good tidings if not well
Trumpeter	Trumpeter,	4.8.35	Ant. IV, 8, 35	headword on cited line							which promises royal peril trumpeters
Trust1	Trust,	4.6.18	Ant. IV, 6, 18	quotation on cited line, with differences			83%	honourable	honorable	have entertainment, but no honourable trust	no honorable trust i have done ill
Trust1	Trust,	5.2.154	Ant. V, 2, 154	quotation on cited line						O slave, of no more trust than love that's hired,	even make me wild o slave of no more trust
Tug	Tug,	3.13.102	Ant. III, 13, 102	quotation on cited line						tug him away,	mark antony tug him away being whipped
Tumble	Tumble,	1.4.17	Ant. I, 4, 17	quotation on cited line						it is not amiss to tumble on the bed of Ptolemy,	amiss to tumble on the bed of ptolemy
Tuned	Tuned,	5.2.84	Ant. V, 2, 84	quotation on cited line						his voice was propertied as all the tuned spheres,	as all the tuned spheres and that to friends
Turpitude	Turpitude,	4.6.33	Ant. IV, 6, 33	quotation on cited line						my turpitude thou dost so crown with gold,	my better service when my turpitude
Unarm	Unarm,	4.14.35	Ant. IV, 14, 35	quotation on cited line						u., Eros,	unarm eros the long days task is done
Unbewailed	Unbewailed,	3.6.85	Ant. III, 6, 85	headword on cited line							hold unbewailed their way welcome to rome
Unbuckle	Unbuckle,	4.4.12	Ant. IV, 4, 12	quotation on cited line						he that unbuckles this, till we do please to daff't for our repose, shall hear a storm,	he that unbuckles this till we do please
Uncaught	Uncaught,	4.8.18	Ant. IV, 8, 18	headword on cited line							the worlds great snare uncaught my nightingale
Uncuckolded	Uncuckolded,	1.2.76	Ant. I, 2, 76	headword on cited line							sorrow to behold a foul knave uncuckolded
Uncurbable	Uncurbable,	2.2.67	Ant. II, 2, 67	headword on cited line							so much uncurbable her garboils csar
Undinted	Undinted,	2.6.39	Ant. II, 6, 39	quotation on cited line						bear back our targes undinted	our targes undinted
Undone	Undone,	3.1.14	Ant. III, 1, 14	headword on cited line							better to leave undone than by our deed
Unequal	Unequal,	2.5.101	Ant. II, 5, 101	quotation on cited line						to punish me for what you make me do seems much unequal	seems much unequal hes married to octavia
Unexecuted	Unexecuted,	3.7.45	Ant. III, 7, 45	quotation on cited line						leave unexecuted your own renowned knowledge,	of warmarked footmen leave unexecuted
Unhacked	Unhacked,	2.6.38	Ant. II, 6, 38	quotation on cited line						to part with unhacked edges,	to part with unhacked edges and bear back
Unhair	Unhair,	2.5.64	Ant. II, 5, 64	quotation on cited line						I'll unhair thy head,	like balls before me ill unhair thy head
Unheard	Unheard,	3.12.24	Ant. III, 12, 24	quotation on cited line						she shall not sue unheard	she shall not sue unheard so to them both
Unity	Unity,	2.6.124	Ant. II, 6, 124	quotation on cited line						to divine of this unity	if i were bound to divine of this unity
Universal	Universal,	3.13.72	Ant. III, 13, 72	quotation on cited line						the universal landlord,	the universal landlord whats your name
Universal	Universal,	4.6.5	IV, 6, 5	quotation on cited line						universal peace,	the time of universal peace is near
Unlike	Unlike,	1.5.35	Ant. I, 5, 35	headword on cited line							how much unlike art thou mark antony
Unload	Unload,	4.6.24	Ant. IV, 6, 24	headword on cited line							unloading of his mules i give it you
Unloved	Unloved,	3.6.53	Ant. III, 6, 53	quotation on cited line						the ostentation of our love, which, left unshown, is often left unloved	is often left unloved we should have met you
Unmatchable	Unmatchable,	2.3.20	Ant. II, 3, 20	headword on cited line							noble courageous high unmatchable
Unnoble	Unnoble,	3.11.50	Ant. III, 11, 50	headword on cited line							a most unnoble swerving sir the queen
Unparalleled	Unparalleled,	5.2.319	Ant. V, 2, 319	headword on cited line							a lass unparalleled downy windows close
Unpeople	Unpeople,	1.5.78	Ant. I, 5, 78	headword on cited line							or ill unpeople egypt
Unpitied	Unpitied,	1.3.98	Ant. I, 3, 98	headword on cited line							therefore be deaf to my unpitied folly
Unpolicied	Unpolicied,	5.2.311	Ant. V, 2, 311	headword on cited line							unpolicied o eastern star peace peace
Unpolished	Unpolished,	5.2.311	Ant. V, 2, 311	headword not found near cited line							unpolicied o eastern star peace peace
Unpressed	Unpressed,	3.13.106	Ant. III, 13, 106	quotation on cited line						have I my pillow left unpressed in Rome,	have i my pillow left unpressed in rome
Unpurposed	Unpurposed,	4.14.84	Ant. IV, 14, 84	quotation on cited line						or thy precedent services are all but accidents unpurposed	but accidents unpurposed draw and come
Unqualitied	Unqualitied	3.11.44	Ant. III, 11, 44	quotation on cited line						he is unqualitied with very shame,	he is unqualitied with very shame
Unreconciliable	Unreconciliable,	5.1.47	Ant. V, 1, 47	quotation on cited line						that our stars unreconciliable should divide our equalness to this,	unreconciliable should divide
Unregistered	Unregistered,	3.13.119	Ant. III, 13, 119	headword on cited line							unregistered in vulgar fame you have
Unrestored	Unrestored,	3.6.27	Ant. III, 6, 27	headword on cited line							some shipping unrestored lastly he frets
Unseminared	Unseminared,	1.5.11	Ant. I, 5, 11	headword on cited line							that being unseminared thy freer thoughts
Unshown	Unshown,	3.6.52	Ant. III, 6, 52	headword on cited line							the ostentation of our love which left unshown
Unslipping	Unslipping,	2.2.129	Ant. II, 2, 129	quotation on cited line						to knit your hearts with an unslipping knot,	with an unslipping knot take antony
Unstate	Unstate,	3.13.30	Ant. III, 13, 30	quotation on cited line, with differences			80%	caesar		Caesar will unstate his happiness,	unstate his happiness and be staged to the show
Untie	Untie,	5.2.308	Ant. V, 2, 308	quotation on cited line, with differences			100%		intrinsicate	this knot of life at once untie	of life at once untie poor venomous fool
Uplift	Uplift,	5.2.211	Ant. V, 2, 211	quotation on cited line						slaves . . . shall uplift us to the view,	uplift us to the view in their thick breaths
Upon1	Upon,	4.10.5	Ant. IV, 10, 5	headword on cited line	4.10.6		100%			stay with us,	upon the hills adjoining to the city
Upon1	Upon,	2.6.54	Ant. II, 6, 54	quotation on cited line						since I saw you last, there is a change upon you,	there is a change upon you well i know not
Upon1	Upon,	3.13.21	III, 13, 21	quotation on cited line						he wears the rose of youth upon him,	of youth upon him from which the world should note
Upon1	Upon,	4.15.7	Ant. IV, 15, 7	quotation on cited line						his death's upon him, but not dead,	his deaths upon him but not dead
Upon1	Upon,	2.1.50	Ant. II, 1, 50	headword off by 1	2.1.51	1					bet as our gods will havet it only stands
Upon1	Upon,	1.3.52	Ant. I, 3, 52	quotation on cited line						such as have not thrived upon the present state,	upon the present state whose numbers threaten
Upon1	Upon,	1.1.6	Ant. I, 1, 6	quotation on cited line, with differences			100%		and devotion	turn the office of their view upon a tawny front,	upon a tawny front his captains heart
Upon1	Upon,	2.4.9	Ant. II, 4, 9	quotation on cited line						you'll win two days upon me,	youll win two days upon me sir good success
Upon1	Upon,	4.14.98	IV, 14, 98	quotation on cited line, with differences			100%		by their brave instruction	have got upon me a nobleness in record,	have by their brave instruction got upon me
Upon1	Upon,	1.2.148	Ant. I, 2, 148	quotation on cited line						there is mettle in death, which commits some loving act upon her,	which commits some loving act upon her she
Upon1	Upon,	4.15.29	IV, 15, 29	quotation on cited line						demuring upon me,	demuring upon me but come come antony
Upon1	Upon,	5.2.188	V, 2, 188	quotation on cited line						our care and pity is so much upon you,	our care and pity is so much upon you
Upon1	Upon,	1.3.23	Ant. I, 3, 23	quotation on cited line						I have no power upon you,	i have no power upon you hers you are
Upon1	Upon,	3.11.9	Ant. III, 11, 9	quotation on cited line						I have myself resolved upon a course which has no need of you,	i have myself resolved upon a course
Uprise	Uprise,	4.12.18	Ant. IV, 12, 18	headword on cited line							o sun thy uprise shall i see no more
Urge	Urge,	2.2.46	Ant. II, 2, 46	quotation on cited line						my brother never did urge me in his act,	did urge me in his act i did inquire it
Urge	Urge,	3.13.151	III, 13, 151	quotation on cited line						whom he may at pleasure whip . . . to quit me: urge it thou,	as he shall like to quit me urge it thou
Urgent	Urgent,	1.2.187	Ant. I, 2, 187	quotation on cited line						with more urgent touches,	the death of fulvia with more urgent touches
Use1	Use,	3.5.7	Ant. III, 5, 7	quotation on cited line						having made use of him,	csar having made use of him in the
Use1	Use,	5.2.15	V, 2, 15	quotation on cited line						have no use for trusting,	that have no use for trusting if your master
Use1	Use,	1.3.44	Ant. I, 3, 44	quotation on cited line						my full heart remains in use with you,	remains in use with you our italy
Use1	Use,	1.6.5	6, 5	not a citation of this play						that use is not forbidden usury which happies those that pay the willing loan,	
Useful	Useful,	4.14.80	Ant. IV, 14, 80	quotation on cited line						which thou hast worn most useful for thy country,	most useful for thy country o sir pardon me
Usher1	Usher,	3.6.44	Ant. III, 6, 44	headword on cited line							should have an army for an usher and
Utterly	Utterly,	2.2.238	Ant. II, 2, 238	headword on cited line							now antony must leave her utterly
Vacancy	Vacancy,	2.2.221	Ant. II, 2, 221	quotation on cited line						whistling to the air, which, but for v., had gone to gaze on Cleopatra too and made a gap in nature,	whistling to the air which but for vacancy
Vacancy	Vacancy,	1.4.26	Ant. I, 4, 26	quotation on cited line						if he filled his vacancy with his voluptuousness,	his vacancy with his voluptuousness
Vagabond2	Vagabond,	1.4.45	Ant. I, 4, 45	quotation on cited line						a vagabond flag upon the stream,	like to a vagabond flag upon the stream
Vale	Vale,	4.11.3	Ant. IV, 11, 3	headword on cited line							is forth to man his galleys to the vales
Valiantly	Valiantly,	4.15.58	Ant. IV, 15, 58	headword on cited line							valiantly vanquished now my spirit is going
Value2	Value,	5.2.139	Ant. V, 2, 139	headword on cited line							i am possessed of tis exactly valued
Van	Van,	4.6.9	Ant. IV, 6, 9	headword on cited line							plant those that have revolted in the van
Vanish	Vanish,	4.12.32	Ant. IV, 12, 32	headword on cited line							vanish or i shall give thee thy deserving
Vanish	Vanish,	5.2.300	V, 2, 300	headword on cited line							if thus thou vanishest thou tellst the world
Vantage1	Vantage,	3.7.34	Ant III, 7, 34	quotation on cited line						these offers, which serve not for his v., he shakes off,	which serve not for his vantage he shakes off
Vantage1	Vantage,	3.10.12	III, 10, 12	quotation on cited line						when vantage like a pair of twins appeared,	when vantage like a pair of twins appeared
Variance	Variance,	2.6.138	Ant. II, 6, 138	quotation on cited line, with differences			100%		immediate	shall prove the author of their variance	immediate author of their variance antony will
Variety	Variety,	2.2.241	Ant. II, 2, 241	quotation on cited line						age cannot wither her, nor custom stale her infinite variety	her infinite variety other women cloy
Varletry	Varletry,	5.2.56	Ant. V, 2, 56	quotation on cited line						the shouting varletry of censuring Rome,	and show me to the shouting varletry
Vary2	Vary,	1.4.46	Ant. I, 4, 46	quotation on cited line						lackeying the varying tide,	goes to and back lackeying the varying tide
Vary2	Vary,	4.15.11	IV, 15, 11	quotation on cited line, with differences			88%	of	o	darkling stand the varying shore of the world,	the varying shore o the world o antony
Vassal	Vassal,	5.2.29	Ant. V, 2, 29	headword on cited line							i am his fortunes vassal and i send him
Vassal	Vassal,	2.6.57	Ant. II, 6, 57	headword on cited line						(waiting vassals).	to make my heart her vassal well met here
Venomous	Venomous,	5.2.308	Ant. V, 2, 308	headword on cited line							of life at once untie poor venomous fool
Vent1	Vent,	5.2.352	Ant. V, 2, 352	quotation on cited line						here, on her breast, there is a vent of blood,	there is a vent of blood and something blown
Very1	Very,	2.2.58	Ant. II, 2, 58	quotation on cited line						you could not lack . . . very necessity of this thought,	very necessity of this thought that i
Very1	Very,	4.14.48	Ant. IV, 14, 48	quotation on cited line						very force entangles itself with strength,	mars what it does yea very force entangles
Vesper	Vesper,	4.14.8	Ant. IV, 14, 8	quotation on cited line, with differences			67%	s	vespers	black --'s pageants,	they are black vespers pageants ay my lord
Vestal	Vestal,	3.12.31	Ant. III, 12, 31	headword on cited line							the neer touched vestal try thy cunning thyreus
Vex	Vex,	1.2.20	Ant. I, 2, 20	headword on cited line							vex not his prescience be attentive
Viand	Viand,	3.11.73	Ant. III, 11, 73	headword on cited line							some wine within there and our viands fortune knows
Viciousness	Viciousness,	3.13.111	Ant. III, 13, 111	headword on cited line							but when we in our viciousness grow hard
Vie	Vie,	5.2.98	Ant. V, 2, 98	quotation on cited line						nature wants stuff to vie strange forms with fancy,	to vie strange forms with fancy yet to imagine
View1	View,	2.2.170	Ant. II, 2, 170	quotation on cited line						invite you to my sister's view	and do invite you to my sisters view
View1	View,	5.2.211	Ant. V, 2, 211	quotation on cited line						shall uplift us to the view	uplift us to the view in their thick breaths
View1	View,	1.1.5	Ant. I, 1, 5	quotation on cited line						turn the office and devotion of their view upon a tawny front,	the office and devotion of their view
View1	View,	3.10.18	III, 10, 18	quotation on cited line						could not endure a further view	endure a further view she once being loofed
Violate	Violate,	3.10.24	Ant. III, 10, 24	quotation on cited line, with differences			89%	honour	honor	experience, manhood, honour, ne'er before did violate so itself,	did violate so itself alack alack
Violence	Violence,	1.5.60	Ant. I, 5, 60	quotation on cited line						be'st thou sad or merry, the violence of either thee becomes,	the violence of either thee becomes
Visible	Visible,	4.14.14	Ant. IV, 14, 14	headword on cited line							yet cannot hold this visible shape my knave
Volley2	Volley,	2.7.118	Ant. II, 7, 118	quotation on cited line						the holding every man shall bear as loud as his strong sides can volley	as his strong sides can volley
Voluptuousness	Voluptuousness,	1.4.26	Ant. I, 4, 26	headword on cited line							his vacancy with his voluptuousness
Vulgar1	Vulgar,	3.13.119	Ant. III, 13, 119	quotation on cited line						unregistered in vulgar fame,	unregistered in vulgar fame you have
Wage	Wage,	3.7.32	Ant. III, 7, 32	quotation on cited line						dared him . . . to wage this battle at Pharsalia,	ay and to wage this battle at pharsalia
Wage	Wage,	3.4.3	Ant. III, 4, 3	quotation on cited line						he hath waged new wars 'gainst Pompey,	of semblable import but he hath waged
Wage	Wage,	5.1.31	Ant. V, 1, 31	quotation on cited line, with differences			88%	honours	honors	his taints and honours waged equal with him,	waged equal with him a rarer spirit never
Wager2	Wager,	2.5.16	Ant. II, 5, 16	headword on cited line							you wagered on your angling when your diver
Wan2	Wan,	2.1.21	Ant. II, 1, 21	headword on cited line							salt cleopatra soften thy waned lip
Wane2	Wane,	2.1.21	Ant. II, 1, 21	headword on cited line							salt cleopatra soften thy waned lip
War-marked	War-marked,	3.7.45	Ant. III, 7, 45	quotation on cited line						your army, which doth most consist of war-marked footmen,	of warmarked footmen leave unexecuted
Warmth	Warmth,	5.2.294	Ant. V, 2, 294	headword on cited line							come then and take the last warmth of my lips
Wassail	Wassail,	1.4.56	Ant. I, 4, 56	quotation on cited line						leave thy lascivious wassails,	leave thy lascivious wassails when thou once
Waste1	Waste,	1.30.4	30, 4	not a citation of this play						with old woes new wail my dear time's waste	
Waste1	Waste,	4.1.16	Ant. IV, 1, 16	quotation on cited line						they have earned the waste	and they have earned the waste poor antony
Waste3	Waste,	1.4.4	Ant. I, 4, 4	quotation on cited line						wastes the lamps of night in revel,	this is the news he fishes drinks and wastes
Watchman	Watchman,	4.3.17	Ant. IV, 3, 17	headword off by 1	4.3.18	1					now leaves him
Water2	Water,	1.2.177	Ant. I, 2, 177	quotation on cited line						the tears live in an onion that should water this sorrow,	that should water this sorrow
Waterfly	Waterfly,	5.2.59	Ant. V, 2, 59	headword on cited line							lay me stark naked and let the waterflies
Water-thieves	Water-thieves,	2.6.97	Ant. II, 6, 97	headword not found near cited line							and you by land
Wearer	Wearer,	2.2.7	Ant. II, 2, 7	quotation on cited line						were I the wearer of Antonius' beard,	were i the wearer of antonius beard
Weet	Weet,	1.1.39	Ant. I, 1, 39	quotation on cited line						I bind, on pain of punishment, the world to weet we stand up peerless,	on pain of punishment the world to weet
Weight	Weight,	4.15.34	Ant. IV, 15, 34	headword on cited line							that makes the weight had i great junos power
Weight	Weight,	5.2.102	V, 2, 102	headword on cited line							as answering to the weight would i might never
Weight	Weight,	1.4.25	Ant. I, 4, 25	headword on cited line							so great weight in his lightness if he filled
Weight	Weight,	1.5.21	I, 5, 21	headword on cited line							o happy horse to bear the weight of antony
Weight	Weight,	3.1.36	III, 1, 36	headword on cited line							the weight we must convey with s will permit
Weight	Weight,	1.2.71	Ant. I, 2, 71	quotation on cited line						of more weight	thou deny me a matter of more weight good
Well-paid	Well-paid,	3.1.32	Ant. III, 1, 32	quotation on cited line, with differences			67%	w	banners and his wellpaid	his w, ranks,	how with his banners and his wellpaid ranks
Wharf	Wharf,	2.2.218	Ant. II, 2, 218	quotation on cited line						from the barge a strange invisible perfume hits the sense of the adjacent wharfs,	of the adjacent wharfs the city cast
Whateer	Whate'er	2.7.74	Ant. II, 7, 74	headword on cited line							whateer the ocean pales or sky inclips
Whateer	Whate'er	4.4.29	IV, 4, 29	headword on cited line							fare thee well dame whateer becomes of me
Whatsomeer	Whatsome'er,	2.6.102	Ant. II, 6, 102	headword not found near cited line							all mens faces are true what someer
Wheat	Wheat,	2.6.37	Ant. II, 6, 37	headword on cited line						(white w.).	measures of wheat to rome this greed upon
Wheeled	Wheeled,	4.14.75	Ant. IV, 14, 75	quotation on cited line, with differences			83%	caesar		the wheeled seat of fortunate Caesar,	to penetrative shame whilst the wheeled seat
Whine	Whine,	3.13.101	Ant. III, 13, 101	headword on cited line							and whine aloud for mercy take him hence
Whistle2	Whistle,	2.2.221	Ant. II, 2, 221	headword on cited line							whistling to the air which but for vacancy
Wholly	Wholly,	1.2.182	Ant. I, 2, 182	headword on cited line							cleopatras which wholly depends on your abode
Wide1	Wide,	1.1.33	Ant. I, 1, 33	quotation on cited line						the wide arch of the ranged empire,	let rome in tiber melt and the wide arch
Widow2	Widow,	1.2.27	Ant. I, 2, 27	quotation on cited line						let me be married to three kings in a forenoon and widow them all,	widow them all let me have a child at fifty to
Window	Window,	5.2.319	Ant. V, 2, 319	quotation on cited line						downy windows, close,	a lass unparalleled downy windows close
Windowed	Windowed,	4.14.72	Ant. IV, 14, 72	quotation on cited line						wouldst thou be windowed in great Rome and see thy master thus with pleached arms?	wouldst thou be windowed in great rome and see
Wipe2	Wipe,	2.2.81	Ant. II, 2, 81	headword on cited line							out of our question wipe him you have broken
Wire	Wire,	2.5.65	Ant. II, 5, 65	quotation on cited line						whipped with wire	thou shalt be whipped with wire and stewed in brine
Wisher	Wisher,	4.15.37	Ant. IV, 15, 37	headword on cited line							wishes were ever fools o come come come
Withhold	Withhold	3.6.79	Ant. III, 6, 79	headword on cited line							your letters did withhold our breaking forth
Withhold	Withhold	4.14.69	IV, 14, 69	headword on cited line							put color in thy cheek the gods withhold me
Womanly	Womanly,	1.4.7	Ant. I, 4, 7	quotation on cited line						nor the queen of Ptolemy more womanly than he,	more womanly than he hardly gave audience or
Word	Word,	4.13.9	Ant. IV, 13, 9	quotation on cited line, with differences			100%		prithee	say that the last I spoke was 'Antony', and word it piteously,	and word it prithee piteously hence mardian
Word	Word,	5.2.191	Ant. V, 2, 191	quotation on cited line						he words me, girls, he words me, that I should not be noble to myself,	he words me girls he words me that i should not
Workman	Workman,	4.4.18	Ant. IV, 4, 18	headword on cited line							a workman int good morrow to thee welcome
Worky-day	Worky-day,	1.2.55	Ant. I, 2, 55	quotation on cited line						a worky-day fortune,	prithee tell her but a workyday fortune
World-sharers	World-sharers,	2.7.76	Ant. II, 7, 76	headword on cited line							these three worldsharers these competitors
Worthily	Worthily,	2.2.102	Ant. II, 2, 102	headword on cited line							speaks to atone you worthily spoken mecnas
Worthily	Worthily,	2.2.188	Ant. II, 2, 188	headword on cited line							worthily deserved noting
Wot	Wot,	1.5.22	Ant. I, 5, 22	quotation on cited line, with differences			spacing			--'st thou whom thou movest?	do bravely horse for wotst thou whom thou movest
Wrangle	Wrangle,	1.1.48	Ant. I, 1, 48	headword on cited line							hear the ambassadors fie wrangling queen
Wrangle	Wrangle,	2.2.106	II, 2, 106	headword on cited line							have time to wrangle in when you have nothing
Wrinkled	Wrinkled,	1.5.29	Ant. I, 5, 29	headword on cited line							and wrinkled deep in time broadfronted csar
Wrinkled	Wrinkled,	3.11.37	III, 11, 37	headword on cited line							the lean and wrinkled cassius and twas i
Wrong2	Wrong,	3.6.80	Ant. III, 6, 80	quotation on cited line						how you were wrong led,	till we perceived both how you were wrong led
Yare	Yare,	3.7.39	Ant. III, 7, 39	quotation on cited line						their ships are y., yours heavy,	their ships are yare yours heavy no disgrace
Yare	Yare,	3.13.131	III, 13, 131	quotation on cited line						a haltered neck which does the hangman thank for being yare about him,	for being yare about him is he whipped
Yare	Yare,	5.2.286	V, 2, 286	quotation on cited line						y., y., good Iras, quick,	yare yare good iras quick methinks i hear
Yarely	Yarely,	2.2.216	Ant. II, 2, 216	quotation on cited line						those flower-soft hands, that yarely frame the office,	that yarely frame the office from the barge
