# schmidt_smoke.py; sources: shakespeare.lr.globe.xml sha256 35b91fd984c085f8; citations.tsv sha256 938621e58f06cb03; citation_quotes.tsv sha256 572cbe3671e850c1
key	headword	cited	display	verdict	found_at	offset	match	missing	extra	quote	our_line
A7	A,	1.4.138	Lr. I, 4, 138	quotation on cited line, with differences			spacing			leave thy drink and thy whore, and keep in a door,	and keep inadoor
Abate	Abate,	2.4.161	Lr. II, 4, 161	quotation on cited line						she hath abated me of half my train,	she hath abated me of half my train
Abatement	Abatement,	1.4.64	Lr. I, 4, 64	headword on cited line							as you were wont theres a great abatement of
Abjure	Abjure,	2.4.211	Lr. II, 4, 211	headword on cited line							no rather i abjure all roofs and choose
Able2	Able,	4.6.172	Lr. IV, 6, 172	quotation on cited line, with differences			90%	them		none does offend, none, I say, none; I'll able them,	none does offend none i say none ill able em
Abode1	Abode,	1.1.136	Lr. I, 1, 136	headword on cited line							by you to be sustained shall our abode
Abominable	Abominable,	1.2.83	Lr. I, 2, 83	prose row break	1.2.84	1					sirrah seek him ill apprehend him
Above1	Above,	4.2.78	Lr. IV, 2, 78	headword on cited line							hath plucked him after this shows you are above
Accent	Accent,	1.4.1	Lr. I, 4, 1	headword on cited line							if but as well i other accents borrow
Accent	Accent,	2.2.117	Lr. II, 2, 117	quotation on cited line						beguiled you in a plain accent	flatterer he that beguiled you in a plain accent
Accommodate	Accommodate,	4.6.81	Lr. IV, 6, 81	quotation on cited line						the safer sense will ne'er accommodate his master thus,	the safer sense will neer accommodate
Accuser	Accuser,	4.6.174	Lr. IV, 6, 174	headword on cited line							to seal the accusers lips get thee glass eyes
Acheron	Acheron,	3.6.8	Lr. III, 6, 8	headword not found near cited line							is an angler in the lake of darkness pray
Acknowledge	Acknowledge,	1.1.10	Lr. I, 1, 10	headword on cited line							charge i have so often blushed to acknowledge
Acknowledge	Acknowledge,	4.7.4	Lr. IV, 7, 4	headword on cited line							to be acknowledged madam is oerpaid
Acknowledge	Acknowledge,	1.1.216	Lr. I, 1, 216	headword on cited line							almost to acknowledge hers this is most strange
Acre	Acre,	4.4	Lr. IV, 4, 7	not a Lear citation						searchevery acre in the high-grown field,	
Action-taking	Action-taking,	2.2.18	Lr. II, 2, 18	headword on cited line							knave a lilylivered actiontaking knave a
Address	Address,	1.1.193	Lr. I, 1, 193	quotation on cited line						we first address towards you,	we first address towards you who with this king
Admirable	Admirable,	1.2.137	Lr. I, 2, 137	quotation on cited line						an admirable evasion,	thrusting on an admirable evasion of
Ado	Ado,	4.5.2	Lr. IV, 5, 2	headword on cited line							himself in person there madam with much ado
Adoor	Adoor;	1.4.138	Lr. I, 4, 138	quotation on cited line, with differences			spacing			keep in adoor,	and keep inadoor
Adopt	Adopt,	1.1.206	Lr. I, 1, 206	quotation on cited line, with differences			spacing			new adopted to our hate,	unfriended newadopted to our hate
Adulterer	Adulterer,	1.2.135	Lr. I, 2, 135	headword on cited line							adulterers by an enforced obedience of planetary
Adultery	Adultery,	4.6.112	Lr. IV, 6, 112	headword on cited line							adultery
Affected	Affected,	2.1.100	Lr. II, 1, 100	quotation on cited line						no marvel, then, though he were ill affected	no marvel then though he were ill affected
Affectionate	Affectionate,	4.6.276	Lr. IV, 6, 276	headword on cited line							affectionate servant
Affirm	Affirm,	2.2.84	Lr. II, 2, 84	quotation on cited line						renege, affirm	renege affirm and turn their halcyon beaks
Ago	Ago,	2.2.31	Lr. II, 2, 31	headword on cited line							to deny thou knowest me is it two days ago
Ague-proof	Ague-proof,	4.6.107	Lr. IV, 6, 107	headword on cited line							thing tis a lie i am not agueproof
A-height	A-height,	4.6.58	Lr. IV, 6, 58	quotation on cited line						look up a-height	look up aheight the shrillgorged lark so far
Aidant	Aidant,	4.4.17	Lr. IV, 4, 17	quotation on cited line						be aidant and remediate in the good man's distress,	spring with my tears be aidant and remediate
Alarum2	Alarum,	2.1.55	Lr. II, 1, 55	quotation on cited line, with differences			80%	d encounter	alarumed bold in the quarrels right	he saw my best --'d spirits roused to the encounter,	but when he saw my best alarumed spirits
Alate	Alate,	1.4.208	Lr. I, 4, 208	quotation on cited line, with differences			89%	alate	of late	methinks you are too much alate i' the frown,	frontlet on methinks you are too much of late
Albany	Albany:	1.1.2	Lr. I, 1, 2	headword on cited line							the duke of albany than cornwall
Alce	Al'ce,	3.2.112	Shr. Ind. 2, 112.	not a Lear citation						Alice:	
Alight	Alight,	3.4.127	Lr. III, 4, 127	quotation on cited line						bid her a., and her troth plight,	bid her alight
Allay1	Allay,	1.2.179	Lr. I, 2, 179	quotation on cited line						the heat of his displeasure . . . would scarcely allay	person it would scarcely allay
All-licensed	All-licensed,	1.4.220	Lr. I, 4, 220	quotation on cited line						this your all-licensed fool,	not only sir this your alllicensed fool
Allot	Allot,	1.1.176	Lr. I, 1, 176	quotation on cited line						five days we do allot thee,	five days we do allot thee for provision
Allowance	Allowance,	1.4.228	Lr. I, 4, 228	quotation on cited line						you protect this course, and put it on by your allowance	by your allowance which if you should the fault
Allowance	Allowance,	2.2.112	Lr. II, 2, 112	quotation on cited line						under the allowance of your great aspect,	under the allowance of your great aspect
All-shaking	All-shaking,	3.2.6	Lr. III, 2, 6	quotation on cited line						all-shaking thunder,	singe my white head and thou allshaking thunder
Alms	Alms,	1.1.281	Lr. I, 1, 281	quotation on cited line						received you at fortune's alms	at fortunes alms you have obedience scanted
Alteration	Alteration,	5.1.3	Lr. V, 1, 3	headword on cited line							to change the course hes full of alteration
Altitude	Altitude,	4.6.53	Lr. IV, 6, 53	quotation on cited line						ten masts at each make not the altitude	ten masts at each make not the altitude
Amongst	Amongst	4.2.76	Lr. IV, 2, 76	quotation on cited line						and amongst them fell'd him dead,	flew on him and amongst them felled him dead
Amorous	Amorous,	1.1.48	Lr. I, 1, 48	quotation on cited line						their amorous sojourn,	long in our court have made their amorous sojourn
Ample	Ample,	1.1.82	Lr. I, 1, 82	quotation on cited line						this ample third of our fair kingdom,	remain this ample third of our fair kingdom
Ample	Ample,	4.3.14	IV, 3, 14	quotation on cited line						an ample tear,	and now and then an ample tear trilled down
Amplify	Amplify,	5.3.206	Lr. V, 3, 206	quotation on cited line						to amplify too much,	to amplify too much would make much more
Anatomize	Anatomize	3.6.80	Lr. III, 6, 80	headword on cited line							then let them anatomize regan see
Anatomize	Anatomize	3.6.80	Lr. III, 6, 80	quotation on cited line						let them anatomize Regan,	then let them anatomize regan see
Anchor3	Anchor,	4.6.18	Lr. IV, 6, 18	headword on cited line							appear like mice and yond tall anchoring bark
Angler	Angler,	3.6.8	Lr. III, 6, 8	headword on cited line							is an angler in the lake of darkness pray
Anguish	Anguish,	4.6.6	Lr. IV, 6, 6	quotation on cited line						your other senses grow imperfect by your eyes' anguish	by your eyes anguish so may it be indeed
Anguish	Anguish,	4.4.15	Lr. IV, 4, 15	quotation on cited line, with differences			100%		provoke in him are many simples operative whose power will	to close the eye of anguish	will close the eye of anguish all blest secrets
Answer1	Answer,	4.2.6	Lr. IV, 2, 6	headword on cited line							his answer was the worse of gloucesters treachery
Answer1	Answer,	4.2.14	Lr. IV, 2, 14	quotation on cited line, with differences			90%	that	which	he'll not feel wrongs that tie him to an answer	which tie him to an answer our wishes on the way
Answered	Answered,	3.7.43	Lr. III, 7, 43	quotation on cited line, with differences			67%	answered		be simple answered	be simple answerer for we know the truth
Answerer	Answerer,	3.7.43	Lr. III, 7, 43	quotation on cited line						be simple a., for we know the truth,	be simple answerer for we know the truth
Ant	Ant,	2.4.68	Lr. II, 4, 68	headword on cited line							well set thee to school to an ant to
Antipathy	Antipathy,	2.2.93	Lr. II, 2, 93	quotation on cited line						no contraries hold more antipathy	no contraries hold more antipathy
Apace	Apace,	4.7.94	Lr. IV, 7, 94	headword on cited line							apace
Apace	Apace,	3.7.97	Lr. III, 7, 97	quotation on cited line						I bleed apace	upon the dunghill regan i bleed apace
Apish	Apish,	1.4.184	Lr. I, 4, 184	quotation on cited line						their manners are so apish	their manners are so apish
Apollo	Apollo,	1.1.162	Lr. I, 1, 162	headword on cited line							now by apollo now by apollo king
Appertain	Appertain,	1.1.287	Lr. I, 1, 287	quotation on cited line						what most nearly appertains to us both,	what most nearly appertains to us both i think
Appetite	Appetite,	1.1.120	Lr. I, 1, 120	headword on cited line							to gorge his appetite shall to my bosom
Appetite	Appetite,	4.6.125	Lr. IV, 6, 125	headword on cited line							with a more riotous appetite
Apple	Apple,	1.5.16	Lr. I, 5, 16	headword on cited line							crabs like an apple yet i can tell what i can tell
Apply	Apply,	3.7.107	Lr. III, 7, 107	headword on cited line							to apply to his bleeding face now heaven help him
Apply	Apply,	5.3.298	Lr. V, 3, 298	quotation on cited line, with differences			91%	ied		what comfort to this great decay may come shall be --ied,	shall be applied for us we will resign
Apprehension	Apprehension,	3.5.20	Lr. III, 5, 20	quotation on cited line, with differences			75%	may be	be may	that he may be ready for our apprehension	he ready for our apprehension
Apt	Apt,	2.4.309	Lr. II, 4, 309	headword on cited line							and what they may incense him to being apt
Apt	Apt,	4.2.65	IV, 2, 65	headword on cited line							they are apt enough to dislocate and tear
Arbitrement	Arbitrement,	4.7.95	Lr. IV, 7, 95	headword on cited line							the arbitrement is like to be bloody
Arch3	Arch,	2.1.61	Lr. II, 1, 61	quotation on cited line						my worthy arch and patron,	my worthy arch and patron comes tonight
Aright	Aright,	1.4.260	Lr. I, 4, 260	headword on cited line							to understand my purposes aright
Aright	Aright,	4.3.55	IV, 3, 55	headword on cited line							when i am known aright you shall not grieve
Aroint	Aroint,	3.4.129	Lr. III, 4, 129	quotation on cited line						aroint thee, witch, aroint thee!	and aroint thee witch aroint thee
Array1	Array,	4.7.20	Lr. IV, 7, 20	quotation on cited line						is he arrayed?	i the sway of your own will is he arrayed
Array2	Array,	3.4.85	Lr. III, 4, 85	quotation on cited line						proud array	sweet heart on proud array toms acold
Arrest2	Arrest,	5.3.83	Lr. V, 3, 83	headword off by 1	5.3.82	-1					on capital treason and in thine attaint
Aspct	Aspéct,	2.2.112	Lr. II, 2, 112	quotation on cited line						under the allowance of your great aspéct	under the allowance of your great aspect
A-squint	A-squint,	5.3.72	Lr. V, 3, 72	quotation on cited line, with differences			100%		but	look'd a-squint	that eye that told you so looked but asquint
Assault1	Assault,	2.2.156	Lr. II, 2, 156	headword on cited line							to have her gentleman abused assaulted
Assqy2	Assáy,	1.2.47	Lr. I, 2, 47	headword not found near cited line							he wrote this but as an essay or taste of my virtue
Assqy2	Assáy,	1.2.47	Lr. I, 2, 47	quotation on cited line, with differences			92%	e	essay	he wrote this but as an e. or taste of my virtue,	he wrote this but as an essay or taste of my virtue
Assume	Assume,	5.3.187	Lr. V, 3, 187	quotation on cited line						to assume a semblance that very dogs disdained,	into a madmans rags to assume a semblance
Assurance	Assurance,	3.1.41	Lr. III, 1, 41	quotation on cited line						and from some knowledge and assurance offer this office to you,	and from some knowledge and assurance offer
Assurance	Assurance,	1.2.99	Lr. I, 2, 99	quotation on cited line						by an auricular assurance have your satisfaction,	and by an auricular assurance have your
Astronomical	Astronomical,	1.2.165	Lr. I, 2, 165	quotation on cited line						how long have you been a sectary a.?	astronomical
At	At,	2.2.164	Lr. II, 2, 164	headword on cited line							a good mans fortune may grow out at heels
At	At,	2.4.10	Lr. II, 4, 10	quotation on cited line						overlusty at legs,	a mans overlusty at legs then he wears wooden
At	At,	1.2.64	Lr. I, 2, 64	quotation on cited line						thrown in at the casement,	the cunning of it i found it thrown in at the
At	At,	4.1.27	Lr. IV, 1, 27	quotation on cited line						I am at the worst,	o gods who ist can say i am at the worst
Attaint2	Attaint,	5.3.83	Lr. V, 3, 83	quotation on cited line						I arrest thee on capital treason, and in thine attaint this gilded serpent,	on capital treason and in thine attaint
Attask	Attask,	1.4.366	Lr. I, 4, 366	quotation on cited line						: you are much more attasked for want of wisdom than praised for harmful mildness,	you are much more attasked for want of wisdom
Attempt1	Attempt,	2.2.129	Lr. II, 2, 129	quotation on cited line						for him attempting who was selfsubdued,	for him attempting who was selfsubdued
Attire2	Àttire,	3.6.85	Lr. III, 6, 85	headword on cited line							you will say they are persian attire but let them
A-twain	A-twain,	2.2.80	Lr. II, 2, 80	quotation on cited line						bite the holy cords a-twain	like rats oft bite the holy cords atwain
Auricular	Auricular,	1.2.99	Lr. I, 2, 99	quotation on cited line, with differences			88%	a	auricular	and by an a assurance have your satisfaction,	and by an auricular assurance have your
Auspicious	Auspicious,	2.1.42	Lr. II, 1, 42	quotation on cited line						conjuring the moon to stand auspicious mistress,	to stand auspicious mistress but where is he
Autumn	Autumn,	4.6.201	Lr. IV, 6, 201	headword on cited line							ay and laying autumns dust good sir
Avaunt	Avaunt,	3.6.68	Lr. III, 6, 68	headword on cited line							avaunt you curs
Avert	Avert,	1.1.214	Lr. I, 1, 214	quotation on cited line						to avert your liking a more worthier way than on a wretch,	to avert your liking a more worthier way
Avouch1	Avouch,	5.1.44	Lr. V, 1, 44	quotation on cited line, with differences			83%	avouched	vouched	will prove what is avouched there,	what is vouched there if you miscarry
Avouch1	Avouch,	2.4.240	Lr. II, 4, 240	quotation on cited line						is this well spoken? I dare avouch it,	i dare avouch it sir what fifty followers
Away	Away,	2.2.146	Lr. II, 2, 146	headword on cited line							our sister speaks of come bring away the stocks
A-work	A-work,	3.5.8	Lr. III, 5, 8	headword on cited line							death but a provoking merit set awork by a
Badness	Badness,	3.5.9	Lr. III, 5, 9	headword on cited line							reproveable badness in himself
Badness	Badness,	4.6.259	IV, 6, 259	headword on cited line							as badness would desire what is he dead
Bag	Bag,	2.4.50	Lr. II, 4, 50	headword on cited line							but fathers that bear bags
Ballow1	Ballow,	4.6.247	Lr. IV, 6, 247	quotation on cited line						whether your costard or my ballow be the harder,	costard or my ballow be the harder chill be
Balm1	Balm,	1.1.218	Lr. I, 1, 218	headword on cited line							the argument of your praise balm of your age
Balm2	Balm,	3.6.105	Lr. III, 6, 105	quotation on cited line, with differences			89%	sinews		this rest might yet have balmed thy broken sinews,	this rest might yet have balmed thy broken senses
Ban1	Ban,	2.3.19	Lr. II, 3, 19	quotation on cited line						sometime with lunatic bans, sometime with prayers, enforce their charity,	sometime with lunatic bans sometime with prayers
Ban1	Ban,	5.3.87	Lr. V, 3, 87	quotation on cited line						I, her husband, contradict your bans,	and i her husband contradict your bans
Bandy	Bandy,	1.4.92	Lr. I, 4, 92	quotation on cited line						do you bandy looks with me?	do you bandy looks with me you
Bandy	Bandy,	2.4.178	II, 4, 178	quotation on cited line						to bandy hasty words,	to bandy hasty words to scant my sizes
Bar3	Bar,	2.1.82	Lr. II, 1, 82	quotation on cited line						all ports I'll bar	all ports ill bar the villain shall not scape
Bar3	Bar,	3.4.155	III, 4, 155	quotation on cited line						to bar my doors,	though their injunction be to bar my doors
Bar3	Bar,	5.3.85	Lr. V, 3, 85	quotation on cited line, with differences			100%		fair sister	for your claim, I bar it in the interest of my wife,	i bar it in the interest of my wife
Barber-monger	Barber-monger,	2.2.36	Lr. II, 2, 36	quotation on cited line						you whoreson cullionly barber-monger	whoreson cullionly barbermonger draw
Bare2	Bare,	2.3.15	Lr. II, 3, 15	headword on cited line							strike in their numbed and mortified bare arms
Bare2	Bare,	3.4.112	III, 4, 112	headword on cited line							unaccommodated man is no more but such a poor bare
Bare2	Bare,	3.7.59	III, 7, 59	headword on cited line							the sea with such a storm as his bare head
Bare-gnawn	Bare-gnawn,	5.3.122	Lr. V, 3, 122	quotation on cited line						my name is lost, by treason's tooth bare-gnawn and canker-bit,	by treasons tooth baregnawn and cankerbit
Bare-headed	Bare-headed,	3.2.60	Lr. III, 2, 60	headword on cited line							more sinned against than sinning alack bareheaded
Bark4	Bark,	3.6.66	Lr. III, 6, 66	headword on cited line							tray blanch and sweetheart see they bark at me
Bark4	Bark,	4.6.158	IV, 6, 158	headword on cited line							thief thou hast seen a farmers dog bark at a
Bastard2	Bastard,	1.2.6	Lr. I, 2, 6	headword on cited line							lag of a brother why bastard wherefore base
Bastardize	Bastardize,	1.2.144	Lr. I, 2, 144	quotation on cited line, with differences			88%	bastardizeing	in the firmament	had the maidenliest star twinkled on my bastardizeing,	in the firmament twinkled on my bastardizing
Bat	Bat,	4.6.247	Lr. IV, 6, 247	quotation on cited line, with differences			89%	bat	ballow	whether your costard or my bat be the harder,	costard or my ballow be the harder chill be
Bay5	Bay,	3.4.57	Lr. III, 4, 57	quotation on cited line						to ride on a bay trotting-horse,	to ride on a bay trottinghorse over fourinched
Beacon	Beacon,	2.2.170	Lr. II, 2, 170	quotation on cited line						approach, thou beacon to this under globe,	approach thou beacon to this under globe
Beak	Beak,	2.2.84	Lr. II, 2, 84	quotation on cited line						turn their halcyon beaks with every gale,	renege affirm and turn their halcyon beaks
Beastly	Beastly,	2.2.75	Lr. II, 2, 75	headword on cited line							you beastly knave know you no reverence
Bedlam	Bedlam,	1.2.148	Lr. I, 2, 148	headword on cited line							sigh like tom o bedlam o these eclipses do
Bedlam	Bedlam,	2.3.14	Lr. II, 3, 14	quotation on cited line						Bedlam beggars,	of bedlam beggars who with roaring voices
Bedlam	Bedlam,	3.7.103	Lr. III, 7, 103	quotation on cited line						get the Bedlam to lead him,	lets follow the old earl and get the bedlam
Beetle1	Beetle,	4.6.14	Lr. IV, 6, 14	headword on cited line							show scarce so gross as beetles half way down
Beggarly	Beggarly,	2.2.16	Lr. II, 2, 16	headword on cited line							meats a base proud shallow beggarly
Beggar-man	Beggar-man:	4.1.31	Lr. IV, 1, 31	headword on cited line							fellow where goest is it a beggarman
Behalf	Behalf.	4.2.20	Lr. IV, 2, 20	quotation on cited line						(in your own b.).	if you dare venture in your own behalf
Behaviour	Behaviour,	1.2.130	Lr. I, 2, 130	quotation on cited line						when we are sick in fortune, often the surfeit of our own behaviour	the surfeit of our own behaviour we make guilty
Behind	Behind.	2.2.126	Lr. II, 2, 126	quotation on cited line						tripped me behind	tripped me behind being down insulted railed
Behoove2	Behoove	4.3.26	Lr. IV, 3, 26	quotation not found; headword not found near cited line						to become	if all could so become it made she no verbal question
Bellow	Bellow,	5.3.212	Lr. V, 3, 212	headword on cited line							he fastened on my neck and bellowed out
Bellyful	Bellyful,	3.2.14	Lr. III, 2, 14	quotation on cited line						rumble thy bellyful	rumble thy bellyful spit fire spout rain
Belly-pinched	Belly-pinched,	3.1.13	Lr. III, 1, 13	quotation on cited line						the belly-pinched wolf,	the lion and the bellypinched wolf
Below2	Below,	5.3.137	Lr. V, 3, 137	quotation on cited line, with differences			100%		descent and	to the dust below thy foot,	to the descent and dust below thy foot
Bemad	Bemad,	3.1.38	Lr. III, 1, 38	headword on cited line						bemading sorrow,	of how unnatural and bemadding sorrow
Bemeet	Bemeet,	5.1.20	Lr. V, 1, 20	quotation on cited line						our very loving sister, well bemet!	our very loving sister well bemet
Bemonster	Bemonster,	4.2.63	Lr. IV, 2, 63	quotation on cited line						bemonster not thy feature,	bemonster not thy feature weret my fitness
Bench2	Bench,	3.6.40	Lr. III, 6, 40	quotation on cited line						bench by his side,	bench by his side you are o the commission
Beneath	Beneath.	4.6.129	Lr. IV, 6, 129	quotation on cited line						beneath is all the fiends,'	beneath is all the fiends
Beneath	Beneath.	4.6.26	Lr. IV, 6, 26	quotation on cited line						beneath the moon,	of the extreme verge for all beneath the moon
Beneath	Beneath.	5.3.137	V, 3, 137	quotation on cited line, with differences			80%	beneath	descent and below	the dust beneath thy foot,	to the descent and dust below thy foot
Benediction	Benediction,	4.3.45	Lr. IV, 3, 45	headword on cited line							that stripped her from his benediction turned her
Benediction	Benediction,	4.7.58	IV, 7, 58	headword on cited line							and hold your hands in benediction oer me
Benediction	Benediction,	2.2.168	Lr. II, 2, 168	quotation on cited line, with differences			90%	thou		thou out of heaven's benediction comest to the warm sun,	that out of heavens benediction comest
Benefit1	Benefit,	1.4.308	Lr. I, 4, 308	headword on cited line							turn all her mothers pains and benefits
Benefit1	Benefit,	4.6.61	IV, 6, 61	headword on cited line							is wretchedness deprived that benefit
Benefit2	Benefit,	4.2.45	Lr. IV, 2, 45	quotation on cited line						a man, a prince, by him so benefited,	a man a prince by him so benefited
Benison	Benison,	1.1.268	Lr. I, 1, 268	headword on cited line							without our grace our love our benison
Benison	Benison,	4.6.229	IV, 6, 229	headword on cited line							the bounty and the benison of heaven
Benison	Benison,	2.0	II Prol. 10	not a Lear citation							
Besort1	Besort,	1.4.272	Lr. I, 4, 272	quotation on cited line						such men as may besort your age,	to be such men as may besort your age
Bespeak	Bespeak.	5.3.89	Lr. V, 3, 89	headword on cited line							my lady is bespoke an interlude
Bespeak	Bespeak.	5.3.89	Lr. V, 3, 89	quotation on cited line						my lady is bespoke,	my lady is bespoke an interlude
Bessy	Bessy,	3.6.27	Lr. III, 6, 27	quotation on cited line						come o'er the bourn, B., to me,	come oer the bourn bessy to me
Bestir	Bestir,	2.2.58	Lr. II, 2, 58	quotation on cited line, with differences			83%	bestired	bestirred	you have so bestired your valour,	no marvel you have so bestirred your
Bethink	Bethink	1.2.174	Lr. I, 2, 174	quotation on cited line						bethink yourself wherein you may have offended him,	bethink yourself wherein you may have
Bethought	Bethought,	2.3.6	Lr. II, 3, 6	quotation on cited line						and am bethought to take the basest and most poorest shape,	i will preserve myself and am bethought
Better4	Better,	1.4.369	Lr. I, 4, 369	quotation on cited line						striving to b., oft we mar what's well,	striving to better oft we mar whats well
Better4	Better,	1.91.8	91, 8	not a Lear citation						all these I better in one general best,	
Better-spoken	Better-spoken,	4.6.10	Lr. IV, 6, 10	headword on cited line							but in my garments methinks youre better spoken
Better-spoken	Better-spoken,	4.6.10	Lr. IV, 6, 10	headword on cited line							but in my garments methinks youre better spoken
Beware	Beware,	3.4.146	Lr. III, 4, 146	headword on cited line							beware my follower peace smulkin peace thou fiend
Beware	Beware,	3.6.9	III, 6, 9	headword on cited line							innocent and beware the foul fiend
Beweep	Beweep,	1.4.324	Lr. I, 4, 324	headword on cited line							beweep this cause again ill pluck ye out
Bewray	Bewray,	2.1.109	Lr. II, 1, 109	headword on cited line							he did bewray his practice and received
Bewray	Bewray,	3.6.118	III, 6, 118	headword on cited line							mark the high noises and thyself bewray
Beyond1	Beyond,	1.1.58	Lr. I, 1, 58	headword on cited line							beyond what can be valued rich or rare
Bias1	Bias,	1.2.120	Lr. I, 2, 120	quotation on cited line, with differences			100%		prediction theres son against the king	the father falls from bias of nature,	son against father the king falls from bias of
Biding	Biding,	4.6.228	Lr. IV, 6, 228	quotation on cited line						I'll lead you to some biding	ill lead you to some biding hearty thanks
Big	Big,	4.6.16	Lr. IV, 6, 16	quotation on cited line, with differences			86%	biger	bigger	he seems no biger than his head,	methinks he seems no bigger than his head
Big	Big,	5.3.208	Lr. V, 3, 208	quotation on cited line						whilst I was big in clamour,	whilst i was big in clamour came there in a man
Bile	Bile	2.4.226	Lr. II, 4, 226	headword not found near cited line							which i must needs call mine thou art a boil
Bill2	Bill,	4.6.92	Lr. IV, 6, 92	headword on cited line							brown bills o well flown bird i the clout i
Bitch	Bitch,	2.2.24	Lr. II, 2, 24	quotation on cited line						the son and heir of a mongrel bitch	a mongrel bitch one whom i will beat into
Bite	Bite,	1.4.236	Lr. I, 4, 236	headword on cited line							that it had it head bit off by it young
Bite	Bite,	4.7.37	IV, 7, 37	headword on cited line							though he had bit me should have stood that night
Bite	Bite,	3.6.70	Lr. III, 6, 70	headword on cited line							tooth that poisons if it bite
Bite	Bite,	3.6.18	Lr. III, 6, 18	headword on cited line							the foul fiend bites my back
Bite	Bite,	4.7.37	IV, 7, 37	headword on cited line							though he had bit me should have stood that night
Bite	Bite,	1.4.236	Lr. I, 4, 236	headword on cited line						to bite off,	that it had it head bit off by it young
Bite	Bite,	2.2.80	II, 2, 80	quotation on cited line						atwain,	like rats oft bite the holy cords atwain
Bite	Bite,	5.3.276	Lr. V, 3, 276	headword on cited line							i have seen the day with my good biting falchion
Bitter	Bitter,	1.4.150	Lr. I, 4, 150	quotation on cited line						a bitter fool,	a bitter fool
Bitter	Bitter,	1.2.49	Lr. I, 2, 49	quotation on cited line						makes the world bitter to the best of our times,	age makes the world bitter to the best of our
Black2	Black,	2.132.3	132, 3	not a Lear citation						have put on black	
Blame1	Blame,	2.4.147	Lr. II, 4, 147	headword on cited line							as clears her from all blame
Blame1	Blame,	2.4.293	Lr. II, 4, 293	quotation on cited line						'tis his own blame	tis his own blame hath put himself from rest
Blame1	Blame,	5.3.254	V, 3, 254	quotation on cited line						to lay the blame upon her own despair,	to lay the blame upon her own despair
Blame2	Blame,	5.58.14	58, 14	not a Lear citation							
Blame2	Blame,	5.70.1	70, 1	not a Lear citation							
Blame2	Blame,	5.103.5	103, 5	not a Lear citation							
Blame2	Blame,	1.2.44	Lr. I, 2, 44	headword on cited line							are to blame
Blame2	Blame,	1.2.44	Lr. I, 2, 44	headword on cited line							are to blame
Blank1	Blank,	1.1.161	Lr. I, 1, 161	quotation on cited line						let me still remain the true blank of thine eye,	the true blank of thine eye
Blanket1	Blanket,	3.4.67	Lr. III, 4, 67	headword on cited line							nay he reserved a blanket else we had
Blanket2	Blanket,	2.3.10	Lr. II, 3, 10	quotation on cited line						blanket my loins,	blanket my loins elf all my hair in knots
Blast2	Blast,	2.4.170	Lr. II, 4, 170	headword on cited line							to fall and blast her pride
Bleak	Bleak,	2.4.303	Lr. II, 4, 303	headword on cited line							alack the night comes on and the bleak winds
Blindman	Blindman:	2.4.71	Lr. II, 4, 71	headword on cited line							but blind men and theres not a nose among
Blister2	Blister,	2.4.170	Lr. II, 4, 170	headword not found near cited line							to fall and blast her pride
Blot1	Blot,	1.1.230	Lr. I, 1, 230	headword on cited line							it is no vicious blot murder or foulness
Bluntly	Bluntly,	1.4.36	Lr. I, 4, 36	quotation on cited line						deliver a plain message b.,	message bluntly that which ordinary men are
Bluntness	Bluntness,	2.2.102	Lr. II, 2, 102	quotation on cited line						who, having been praised for b., doth affect a saucy roughness,	who having been praised for bluntness doth affect
Boarish	Boarish,	3.7.58	Lr. III, 7, 58	quotation on cited line						boarish fangs,	in his anointed flesh stick boarish fangs
Boast1	Boast,	3.6.62	Lr. III, 6, 62	quotation on cited line, with differences			100%		now	the patience that you so oft have boasted to retain,	that you so oft have boasted to retain
Boast1	Boast,	3.7.19	III, 7, 19	headword on cited line							are gone with him towards dover where they boast
Boast1	Boast,	3.86.11	86, 11	not a Lear citation							
Boast1	Boast,	3.91.12	91, 12	not a Lear citation							
Bobtail	Bobtail,	3.6.73	Lr. III, 6, 73	quotation on cited line, with differences			75%	tike	tyke	bobtail tike or trundle-tail,	or bobtail tyke or trundletail
Bog	Bog,	3.4.54	Lr. III, 4, 54	headword on cited line							oer bog and quagmire that hath laid knives
Bold2	Bold,	5.1.26	Lr. V, 1, 26	quotation on cited line						it toucheth us, as France invades our land, not bolds the king,	not bolds the king with others whom i fear
Bolt1	Bolt,	2.4.179	Lr. II, 4, 179	quotation on cited line						to oppose the bolt against my coming in,	and in conclusion to oppose the bolt
Bondage	Bondage,	1.2.52	Lr. I, 2, 52	headword on cited line							fond bondage in the oppression of aged tyranny
Boot2	Boot,	5.3.301	Lr. V, 3, 301	headword on cited line							with boot and such addition as your honors
Boot2	Boot,	4.6.230	Lr. IV, 6, 230	headword on cited line							to boot and boot a proclaimed prize most happy
Bopeep	Bopeep,	1.4.193	Lr. I, 4, 193	quotation on cited line						that such a king should play bopeep	that such a king should play bopeep
Border2	Border,	4.2.33	Lr. IV, 2, 33	quotation on cited line, with differences			92%	its	it	that nature, which contemns its origin, cannot be bordered certain in itself,	cannot be bordered certain in itself
Bosomed	Bosomed,	5.1.13	Lr. V, 1, 13	quotation on cited line						you have been conjunct and bosomed with her,	and bosomed with her as far as we call hers
Bourn	Bourn,	4.6.57	Lr. IV, 6, 57	quotation on cited line						from the dread summit of this chalky bourn	from the dread summit of this chalky bourn
Bourn	Bourn,	3.6.27	Lr. III, 6, 27	quotation on cited line						come o'er the b., Bessy, to me,	come oer the bourn bessy to me
Bove	'Bove,	3.1.6	Lr. III, 1, 6	headword on cited line							or swell the curled waters bove the main
Bow2	Bow,	1.1.150	Lr. I, 1, 150	headword on cited line							when power to flattery bows to plainness honours bound
Bow2	Bow,	3.6.116	Lr. III, 6, 116	quotation on cited line						that which makes me bend makes the king bow	when that which makes me bend makes the king bow
Brach	Brach,	3.6.72	Lr. III, 6, 72	quotation on cited line						hound or spaniel, brach or lym,	hound or spaniel brach or lym
Brach	Brach,	1.4.125	Lr. I, 4, 125	quotation on cited line, with differences			95%	lady	lady	dog must to kennel; he must be whipped out, when the lady brach may stand by the fire and stink,	be whipped out when lady the brach may stand
Brand1	Brand,	5.3.22	Lr. V, 3, 22	headword on cited line							he that parts us shall bring a brand from heaven
Brand1	Brand,	5.154.2	154, 2	not a Lear citation						his heart-inflaming brand	
Brand2	Brand,	1.2.9	Lr. I, 2, 9	headword on cited line							as honest madams issue why brand they us
Bravely	Bravely,	4.6.202	Lr. IV, 6, 202	headword on cited line							i will die bravely like a bridegroom what
Braze	Braze,	1.1.11	Lr. I, 1, 11	quotation on cited line						I have so often blushed to acknowledge him, that now I am brazed to it,	him that now i am brazed to it
Brazen-faced	Brazen-faced,	2.2.30	Lr. II, 2, 30	headword on cited line							what a brazenfaced varlet art thou
Breathless	Breathless,	2.4.31	Lr. II, 4, 31	headword on cited line							stewed in his haste half breathless panting forth
Breech1	Breech,	1.4.190	Lr. I, 4, 190	headword on cited line							breeches
Breeding	Breeding,	1.1.9	Lr. I, 1, 9	headword on cited line							his breeding sir hath been at my
Breeding	Breeding,	3.1.40	Lr. III, 1, 40	headword on cited line							i am a gentleman of blood and breeding
Breeding	Breeding,	5.3.143	V, 3, 143	headword on cited line							and that thy tongue some say of breeding breathes
Brewer	Brewer,	3.2.82	Lr. III, 2, 82	quotation on cited line						brewers mar their malt with water,	when brewers mar their malt with water
Briefness	Briefness,	2.1.20	Lr. II, 1, 20	quotation on cited line						briefness and fortune, work!	which i must act briefness and fortune work
Brim	Brim,	4.1.78	Lr. IV, 1, 78	headword on cited line							bring me but to the very brim of it
British	British,	3.4.189	Lr. III, 4, 189	headword on cited line							i smell the blood of a british man
British	British,	4.4.21	IV, 4, 21	headword on cited line							the british powers are marching hitherward
British	British,	4.6.256	IV, 6, 256	headword on cited line							upon the british party o untimely death
Broil1	Broil,	5.1.30	Lr. V, 1, 30	headword on cited line							for these domestic and particular broils
Brow	Brow,	4.2.52	Lr. IV, 2, 52	quotation on cited line						who hast not in thy brows an eye discerning thine honour,	who hast not in thy brows an eye discerning
Brown	Brown,	4.6.92	Lr. IV, 6, 92	headword on cited line							brown bills o well flown bird i the clout i
Bruise1	Bruise,	5.3.148	Lr. V, 3, 148	quotation on cited line						they yet glance by and scarcely bruise	which for they yet glance by and scarcely bruise
Brutish	Brutish,	1.2.82	Lr. I, 2, 82	quotation on cited line						unnatural, detested, brutish villain,	detested brutish villain worse than brutish go
Building	Building,	4.2.85	Lr. IV, 2, 85	headword off by 1	4.2.86	1					but being widow and my gloucester with her
Buoy1	Buoy,	4.6.19	Lr. IV, 6, 19	headword on cited line							diminished to her cock her cock a buoy
Buoy2	Buoy,	3.7.60	Lr. III, 7, 60	quotation on cited line, with differences			92%	stars	as his bare head in hellblack night endured and quenched	the sea, with such a storm, would have buoyed up . . . the stars,	in hellblack night endured would have buoyed up
Burn	Burn	4.6.40	Lr. IV, 6, 40	headword on cited line							burn itself out if edgar live o bless him
Burn	Burn	3.2.84	Lr. III, 2, 84	quotation on cited line						no heretics burned but wenches' suitors,	no heretics burned but wenches suitors
Burn	Burn	4.6.40	Lr. IV, 6, 40	quotation on cited line						my snuff and loathed part of nature should burn itself out,	burn itself out if edgar live o bless him
Burr-dock	Burr-dock,	4.4.4	Lr. IV, 4, 4	headword not found near cited line							with burdocks hemlock nettles cuckoo flowers
Burst1	Burst,	3.2.46	Lr. III, 2, 46	quotation on cited line						bursts of horrid thunder,	such sheets of fire such bursts of horrid thunder
Busy2	Busy,	1.2.155	Lr. I, 2, 155	quotation on cited line						do you busy yourself about that?	do you busy yourself about that
Butter2	Butter,	2.4.127	Lr. II, 4, 127	quotation on cited line						buttered his hay,	brother that in pure kindness to his horse buttered
Butterfly	Butterfly,	5.3.13	Lr. V, 3, 13	headword on cited line							at gilded butterflies and hear poor rogues
Button1	Button,	5.3.309	Lr. V, 3, 309	quotation on cited line						undo this button	pray you undo this button thank you sir
Buzz2	Buzz,	1.4.348	Lr. I, 4, 348	quotation on cited line						on every dream, each b., each fancy,	each buzz each fancy each complaint dislike
By3	By,	3.2.61	Lr. III, 2, 61	headword on cited line							gracious my lord hard by here is a hovel
By3	By,	1.2.168	Lr. I, 2, 168	headword on cited line							why the night gone by
Cackle	Cackle,	2.2.90	Lr. II, 2, 90	headword on cited line							ild drive ye cackling home to camelot
Cadent	Cadent,	1.4.307	Lr. I, 4, 307	quotation on cited line						with cadent tears fret channels in her cheeks,	with cadent tears fret channels in her cheeks
Cage	Cage,	5.3.9	Lr. V, 3, 9	headword on cited line							we two alone will sing like birds i the cage
Caius	Caius,	5.3.283	Lr. V, 3, 283	headword on cited line							your servant kent where is your servant caius
Call2	Call,	5.3.119	Lr. V, 3, 119	quotation on cited line, with differences			89%	of	o	why he appears upon this call of the trumpet,	upon this call o the trumpet what are you
Camelot	Camelot,	2.2.90	Lr. II, 2, 90	quotation on cited line						goose, if I had you upon Sarum plain, I'ld drive ye cackling home to C.,	ild drive ye cackling home to camelot
Canker-bit	Canker-bit,	5.3.122	Lr. V, 3, 122	quotation on cited line						my name is lost, by treason's tooth bare-gnawn and canker-bit	by treasons tooth baregnawn and cankerbit
Capable	Capable,	2.1.87	Lr. II, 1, 87	quotation on cited line						and of my land . . . I'll work the means to make thee capable	to make thee capable
Capital	Capital,	5.3.83	Lr. V, 3, 83	headword on cited line							on capital treason and in thine attaint
Carbonado2	Carbonado,	2.2.41	Lr. II, 2, 41	quotation on cited line						I'll so carbonado your shanks,	rogue or ill so carbonado your shanks draw
Carbuncle	Carbuncle,	2.4.227	Lr. II, 4, 227	quotation on cited line						a plague-sore, an embossed carbuncle	a plaguesore an embossed carbuncle
Care1	Care,	3.4.33	Lr. III, 4, 33	quotation on cited line						I have ta'en too little care of this,	too little care of this take physic pomp
Careful	Careful,	3.3.21	Lr. III, 3, 21	headword on cited line							toward edmund pray you be careful
Carefully	Carefully,	1.2.125	Lr. I, 2, 125	prose row break	1.2.126	1					edmund it shall lose thee nothing do it
Carp2	Carp,	1.4.222	Lr. I, 4, 222	quotation on cited line						do hourly carp and quarrel,	do hourly carp and quarrel breaking forth
Cart1	Cart,	1.4.244	Lr. I, 4, 244	quotation on cited line						may not an ass know when the cart draws the horse?	may not an ass know when the cart
Cart1	Cart,	5.3.38	V, 3, 38	quotation on cited line						I cannot draw a cart	i cannot draw a cart nor eat dried oats
Case1	Case,	4.6.150	Lr. IV, 6, 150	headword on cited line							your eyes are in a heavy case your purse in a
Case1	Case,	3.2.85	Lr. III, 2, 85	quotation on cited line						when every case in law is right,	when every case in law is right
Case2	Case,	1.5.34	Lr. I, 5, 34	headword on cited line							without a case
Case2	Case,	4.6.147	Lr. IV, 6, 147	quotation on cited line						Read. What, with the case of eyes?	what with the case of eyes
Case2	Case,	4.6.147	Lr. IV, 6, 147	headword on cited line							what with the case of eyes
Casion	'Casion,	4.6.240	Lr. IV, 6, 240	headword on cited line							casion
Cast1	Cast,	1.4.332	Lr. I, 4, 332	quotation on cited line						the shape which thou dost think I have cast off for ever,	i have cast off for ever thou shalt i warrant thee
Cast1	Cast,	5.3.5	Lr. V, 3, 5	headword on cited line							for thee oppressed king am i cast down
Cast1	Cast,	4.6.12	Lr. IV, 6, 12	quotation on cited line						to cast one's eyes so low,	and dizzy tis to cast ones eyes so low
Cast1	Cast,	1.1.294	Lr. I, 1, 294	quotation on cited line, with differences			90%	judgment	judgement	with what poor judgment he hath now cast her off,	what poor judgement he hath now cast her off
Cast1	Cast,	1.1.256	Lr. I, 1, 256	quotation on cited line, with differences			88%	bet		be't lawful I take up what's cast away,	be it lawful i take up whats cast away
Casualty	Casualty,	4.3.46	Lr. IV, 3, 46	quotation on cited line, with differences			80%	casualtyies		turned her to foreign casualtyies,	to foreign casualties gave her dear rights
Cataract	Cataract,	3.2.2	Lr. III, 2, 2	quotation on cited line						you cataracts and hurricanoes, spout till you have drenched our steeples,	you cataracts and hurricanoes spout
Catastrophe	Catastrophe,	1.2.146	Lr. I, 2, 146	quotation on cited line						and pat he comes like the catastrophe of the old comedy,	and pat he comes like the catastrophe of the old
Caution	Caution,	2.1.104	Lr. II, 1, 104	quotation on cited line, with differences			100%		to sojourn at my house	I have this present evening from my sister been well informed of them, and with such cautions, that if they come, I'll not be there,	been well informed of them and with such cautions
Cease2	Cease,	5.3.264	Lr. V, 3, 264	quotation on cited line						is this the promised end? or image of that horror? Fall, and c.!	or image of that horror fall and cease
Censure1	Censure,	1.4.229	Lr. I, 4, 229	quotation on cited line						the fault would not scape censure	would not scape censure nor the redresses sleep
Censure2	Censure,	3.5.3	Lr. III, 5, 3	quotation on cited line, with differences			100%		my lord that nature thus gives way to loyalty	how I may be censured, something fears me to think of,	how my lord i may be censured that
Censure2	Censure,	5.3.3	Lr. V, 3, 3	quotation on cited line, with differences			92%	pleasures	pleasure	until their greater pleasures first be known that are to censure them,	that are to censure them we are not the first
Century	Century,	4.4.6	Lr. IV, 4, 6	headword on cited line							in our sustaining corn a century send forth
Ceremonious	Ceremonious,	1.4.63	Lr. I, 4, 63	quotation on cited line						not entertained with that ceremonious affection as you were wont,	not entertained with that ceremonious affection
Chafe2	Chafe,	4.6.21	Lr. IV, 6, 21	quotation on cited line						the murmuring surge that on the unnumbered idle pebbles chafes,	that on the unnumbered idle pebbles chafes
Chalky	Chalky,	4.6.57	Lr. IV, 6, 57	quotation on cited line						this chalky bourn,	from the dread summit of this chalky bourn
Chamber-door	Chamber-door:	2.4.119	Lr. II, 4, 119	headword on cited line							or at their chamberdoor ill beat the drum
Chamber-maid	Chamber-maid,	4.1.65	Lr. IV, 1, 65	headword on cited line							since possesses chambermaids and
Champaign1	Chámpaign	1.1.65	Lr. I, 1, 65	quotation on cited line, with differences			71%	forests champaigns	forest champains	with shadowy forests and with chámpaigns riched,	with shadowy forest and with champains riched
Champion1	Champion,	5.1.43	Lr. V, 1, 43	quotation on cited line						I can produce a champion that will prove . . .,	i can produce a champion that will prove
Chance1	Chance,	1.1.259	Lr. I, 1, 259	quotation on cited line, with differences			100%		king	thy dowerless daughter, thrown to my chance	thy dowerless daughter king thrown to my chance
Chance1	Chance,	5.3.266	V, 3, 266	quotation on cited line, with differences			93%	doth	does	she lives! if it be so, it is a chance which doth redeem all sorrows,	it is a chance which does redeem all sorrows
Chance1	Chance,	3.7.79	Lr. III, 7, 79	quotation on cited line						come on, and take the chance of anger,	nay then come on and take the chance of anger
Chance2	Chance,	2.4.248	Lr. II, 4, 248	headword on cited line							why not my lord if then they chanced to slack you
Chance2	Chance,	2.4.64	Lr. II, 4, 64	quotation on cited line						how chance the king comes with so small a train?	how chance the king comes with so small a train
Change1	Change,	1.1.291	Lr. I, 1, 291	quotation on cited line						you see how full of changes his age is,	you see how full of changes his age is
Changeable	Changeable,	4.7.92	Lr. IV, 7, 92	quotation on cited line						report is changeable	report is changeable tis time to
Channel1	Channel,	1.4.307	Lr. I, 4, 307	quotation on cited line, with differences			spacing			fret channels in her cheek,	with cadent tears fret channels in her cheeks
Character1	Cháracter,	1.2.66	Lr. I, 2, 66	headword on cited line							you know the character to be your
Character1	Cháracter,	2.1.74	II, 1, 74	headword on cited line							my very character ild turn it all
Charm2	Charm,	5.3.48	Lr. V, 3, 48	quotation on cited line, with differences			100%		whose title more	whose age has charms in it, to pluck the common bosom on his side,	whose age has charms in it whose title more
Chatter	Chatter,	4.6.103	Lr. IV, 6, 103	quotation on cited line, with differences			88%	came	rain came to wet me once and the	when the wind came to make me chatter	wind to make me chatter when the thunder
Cheap1	Cheap,	2.4.270	Lr. II, 4, 270	quotation on cited line						man's life's as cheap as beast's,	mans lifes as cheap as beasts thou art a lady
Check1	Check,	1.3.20	Lr. I, 3, 20	headword on cited line							with checks as flatteries when they are seen abused
Check2	Check,	1.1.152	Lr. I, 1, 152	quotation on cited line						check this hideous rashness,	and in thy best consideration check
Check2	Check,	2.2.149	Lr. II, 2, 149	quotation on cited line, with differences			80%	for it		the good king his master will check him for it,	will check him fort your purposed low correction
Cheerless	Cheerless,	5.3.290	Lr. V, 3, 290	quotation on cited line						all's c., dark and deadly,	nor no man else alls cheerless dark and deadly
Cheese	Cheese,	4.6.90	Lr. IV, 6, 90	headword on cited line							piece of toasted cheese will dot theres my
Child-changed	Child-changed,	4.7.17	Lr. IV, 7, 17	quotation on cited line						the untuned and jarring senses, O, wind up of this child-changed father,	of this childchanged father so please your majesty
Childed	Childed,	3.6.117	Lr. III, 6, 117	quotation on cited line						he childed as I fathered,	he childed as i fathered tom away
Childhood	Childhood,	2.4.181	Lr. II, 4, 181	quotation on cited line, with differences			90%	knowest	knowst	thou better knowest the offices of nature, bond of c.,	the offices of nature bond of childhood
Childlike	Childlike,	2.1.108	Lr. II, 1, 108	quotation on cited line						a childlike office,	a childlike office twas my duty sir
Choice2	Choice,	1.1.254	Lr. I, 1, 254	quotation on cited line						most c., forsaken,	most choice forsaken and most loved despised
Choleric	Choleric,	1.1.302	Lr. I, 1, 302	headword on cited line							waywardness that infirm and choleric years bring
Chough	Chough,	4.6.13	Lr. IV, 6, 13	quotation on cited line						the crows and choughs that wing the midway air,	the crows and choughs that wing the midway air
Chud	Chud	4.6.243	Lr. IV, 6, 243	headword on cited line							poor volk pass an chud ha bin zwaggered out
Circle1	Circle,	5.3.174	Lr. V, 3, 174	quotation on cited line						the wheel is come full circle	the wheel is come full circle i am here
Clamorous	Clamorous,	2.2.25	Lr. II, 2, 25	quotation on cited line						whom I will beat into clamorous whining,	clamorous whining if thou deniest the least
Clamour1	Clamour,	1.1.168	Lr. I, 1, 168	quotation on cited line						whilst I can vent clamour from my throat,	or whilst i can vent clamour from my throat
Clamour1	Clamour,	4.3.33	Lr. IV, 3, 33	quotation on cited line						she shook the holy water from her heavenly eyes, and clamour moistened,	and clamour moistened then away she started
Clamour1	Clamour,	5.3.208	V, 3, 208	quotation on cited line						whilst I was big in clamour	whilst i was big in clamour came there in a man
Clap2	Clap,	1.4.316	Lr. I, 4, 316	quotation on cited line						fifty of my followers at a clap	what fifty of my followers at a clap
Clay	Clay,	1.4.326	Lr. I, 4, 326	quotation on cited line						with the waters that you lose to temper clay	to temper clay yea is it come to this
Clear1	Clear,	4.6.73	Lr. IV, 6, 73	quotation on cited line, with differences			100%		who make them honors of mens impossibilities	think that the clearest gods have preserved thee,	think that the clearest gods who make them honors
Clear3	Clear,	2.4.147	Lr. II, 4, 147	quotation on cited line						clears her from all blame,	as clears her from all blame
Cleave2	Cleave	1.4.175	Lr. I, 4, 175	quotation not found; headword not found near cited line						clove:	the egg when thou clovest thy crown i the
Cleave2	Cleave	1.4.175	Lr. I, 4, 175	quotation on cited line, with differences			88%	in	i	when thou clovest thy crown in the middle,	the egg when thou clovest thy crown i the
Cliff	Cliff,	4.1.76	Lr. IV, 1, 76	headword on cited line							there is a cliff whose high and bending head
Cliff	Cliff,	4.6.67	IV, 6, 67	headword on cited line							upon the crown o the cliff what thing was that
Cliff	Cliff,	4.1.4	1, 4	headword not found near cited line							stands still in esperance lives not in fear
Cliff	Cliff,	4.1.4	1, 4	headword not found near cited line							stands still in esperance lives not in fear
Clip	Clip,	4.7.6	Lr. IV, 7, 6	quotation on cited line, with differences			83%	cliped	clipped	nor more nor cliped, but so,	nor more nor clipped but so be better suited
Close4	Close,	4.4.15	Lr. IV, 4, 15	headword on cited line							will close the eye of anguish all blest secrets
Clothier	Clothier,	4.6.88	Lr. IV, 6, 88	quotation on cited line, with differences			80%	s	clothiers	draw me a --'s yard,	his bow like a crowkeeper draw me a clothiers
Clotpole	Clotpole	1.4.51	Lr. I, 4, 51	quotation on cited line, with differences			75%	clotpole	clotpoll	call the clotpole back,	clotpoll back wheres my
Cockney	Cockney,	2.4.123	Lr. II, 4, 123	quotation on cited line, with differences			100%		uncle	cry to it, as the cockney did to the eels when she put 'em i' the paste alive,	cry to it uncle as the cockney did to
Cohort	Cohort,	1.2.162	Lr. I, 2, 162	quotation on cited line						banishment of friends, dissipation of cohorts, nuptial breaches,	dissipation of cohorts nuptial breaches and i know
Coin3	Coin,	4.6.83	Lr. IV, 6, 83	quotation on cited line						they cannot touch me for coining,	no they cannot touch me for coining
Cold2	Cold,	1.4.113	Lr. I, 4, 113	headword on cited line							sits thoult catch cold shortly there take my
Combine	Combine,	5.1.29	Lr. V, 1, 29	quotation on cited line						combine together 'gainst the enemy,	combine together gainst the enemy
Comfort2	Comfort,	3.5.21	Lr. III, 5, 21	quotation on cited line						if I find him comforting the king,	if i find him comforting the
Comfort2	Comfort,	4.7.78	Lr. IV, 7, 78	headword on cited line							be comforted good madam the great rage
Comfort2	Comfort,	2.4.176	Lr. II, 4, 176	quotation on cited line, with differences			100%		tenderdefted nature shall not give thee oer to harshness her are fierce but thine	thy eyes do comfort and not burn,	do comfort and not burn tis not in thee
Comfortable	Comfortable,	1.4.328	Lr. I, 4, 328	quotation on cited line, with differences			100%		i am sure	a daughter who is kind and comfortable	who i am sure is kind and comfortable
Comfortable	Comfortable,	2.2.171	Lr. II, 2, 171	quotation on cited line						by thy comfortable beams I may peruse this letter,	that by thy comfortable beams i may
Comfortless	Comfortless,	3.7.85	Lr. III, 7, 85	quotation on cited line						all dark and comfortless	all dark and comfortless wheres my son edmund
Commodity	Commodity,	4.1.23	Lr. IV, 1, 23	quotation on cited line, with differences			83%	commodityies		our mere defects prove our commodityies,	prove our commodities o dear son edgar
Compac2t	Compact,	1.4.362	Lr. I, 4, 362	quotation on cited line						such reasons of your own as may compact it more,	as may compact it more get you gone
Compact3	Compáct,	1.2.7	Lr. I, 2, 7	quotation on cited line						my dimensions are as well compáct	when my dimensions are as well compact
Compact3	Compáct,	2.2.125	Lr. II, 2, 125	quotation on cited line, with differences			80%	compact displeasure	conjunct dis pleasure	when he, compáct and flattering his displeasure, tripped me behind,	when he conjunct and flattering his dis pleasure
Companion1	Companion,	2.1.96	Lr. II, 1, 96	quotation on cited line						was he not companion with the riotous knights,	was he not companion with the riotous knights
Compeer2	Compeer,	5.3.69	Lr. V, 3, 69	quotation on cited line						he compeers the best,	by me invested he compeers the best
Complement	Complement,	1.1.306	Lr. I, 1, 306	quotation on cited line, with differences			90%	complement	compliment	there is further complement of leave-taking between France and him,	there is further compliment of
Complement	Complement,	5.3.233	V, 3, 233	quotation on cited line, with differences			91%	complement	compliment	the time will not allow the complement which very manners urges,	the time will not allow the compliment
Composition	Composition,	1.2.12	Lr. I, 2, 12	headword on cited line							more composition and fierce quality
Composition	Composition,	2.2.22	II, 2, 22	headword on cited line							art nothing but the composition of a knave
Compound3	Compound,	1.2.139	Lr. I, 2, 139	quotation on cited line						my father compounded with my mother under the dragon's tail,	charge of a star my father compounded with
Comrade	Comrade	2.4.213	Lr. II, 4, 213	quotation on cited line						to be a comrade with the wolf and owl,	to be a comrade with the wolf and owl
Concealment	Concealment,	4.3.54	Lr. IV, 3, 54	quotation on cited line						some dear cause will in concealment wrap me up awhile,	will in concealment wrap me up awhile
Conceit1	Conceit,	4.6.42	Lr. IV, 6, 42	quotation on cited line						conceit may rob the treasury of life,	and yet i know not how conceit may rob
Conceive	Conceive,	1.1.12	Lr. I, 1, 12	quotation on cited line						I cannot conceive you. Sir, this young fellow's mother could,	i cannot conceive you
Conceive	Conceive,	1.1.12	Lr. I, 1, 12	headword on cited line							i cannot conceive you
Conceive	Conceive,	4.2.24	IV, 2, 24	headword on cited line							conceive and fare thee well
Conception	Conception,	1.4.73	Lr. I, 4, 73	quotation on cited line						thou but rememberest me of mine own conception	conception i have perceived a most faint neglect
Conduct1	Conduct,	3.6.104	Lr. III, 6, 104	quotation on cited line						will to some provision give thee quick conduct	give thee quick conduct oppressed nature sleeps
Conduct2	Conduct,	4.2.16	Lr. IV, 2, 16	quotation on cited line						hasten his musters and conduct his powers,	hasten his musters and conduct his powers
Conductor	Conductor,	4.7.88	Lr. IV, 7, 88	quotation on cited line						who is conductor of his people?	who is conductor of his people
Confederacy	Confederacy,	3.7.44	Lr. III, 7, 44	quotation on cited line						what confederacy have you with the traitors?	and what confederacy have you with the traitors
Confer	Confer,	1.1.41	Lr. I, 1, 41	headword on cited line							conferring them on younger strengths while we
Confer	Confer,	1.2.98	Lr. I, 2, 98	headword on cited line							place you where you shall hear us confer of this
Confine2	Confine,	2.4.150	Lr. II, 4, 150	quotation on cited line						nature in you stands on the very verge of her confine	of her confine you should be ruled and led
Confirm	Confirm,	1.1.140	Lr. I, 1, 140	quotation on cited line						which to c., this coronet part betwixt you,	beloved sons be yours which to confirm
Confirmation	Confirmation,	3.1.44	Lr. III, 1, 44	quotation on cited line						for confirmation that I am much more,	for confirmation that i am much more
Conflict1	Conflict,	3.5.24	Lr. III, 5, 24	headword on cited line							conflict be sore between that and my blood
Conflict1	Conflict,	5.3.197	V, 3, 197	headword on cited line							alack too weak the conflict to support
Conflict2	Conflict,	3.1.11	Lr. III, 1, 11	quotation on cited line, with differences			spacing			the to and fro conflicting wind and rain,	the toandfroconflicting wind and rain
Conjunct	Conjunct,	2.2.125	Lr. II, 2, 125	quotation on cited line, with differences			spacing			conjunct and flattering his displeasure,	when he conjunct and flattering his dis pleasure
Conjunct	Conjunct,	5.1.12	V, 1, 12	quotation on cited line						conjunct and bosomed with her,	i am doubtful that you have been conjunct
Consider	Consider,	3.4.107	Lr. III, 4, 107	quotation on cited line						is man no more than this? consider him well,	of the skies is man no more than this
Consider	Consider,	3.7.30	Lr. III, 7, 30	headword on cited line							what mean your graces good my friends consider
Consideration	Consideration,	1.1.152	Lr. I, 1, 152	quotation on cited line						and in thy best consideration check this hideous rashness,	and in thy best consideration check
Consort1	Consort,	2.1.99	Lr. II, 1, 99	quotation on cited line						he was of that consort	yes madam he was of that consort
Conspirant	Conspirant,	5.3.135	Lr. V, 3, 135	quotation on cited line						conspirant 'gainst this high-illustrious prince,	conspirant gainst this highillustrious prince
Consummation	Consummation,	4.6.131	Lr. IV, 6, 131	quotation on cited line, with differences			75%	consummation		burning, scalding, stench, consummation	burning scalding stench consumption fie fie
Consumption	Consumption,	4.6.131	Lr. IV, 6, 131	headword on cited line							burning scalding stench consumption fie fie
Contemplation	Contemplation,	1.2.151	Lr. I, 2, 151	headword on cited line							serious contemplation are you in
Contend	Contend,	3.1.4	Lr. III, 1, 4	headword on cited line							contending with the fretful element
Contentious	Contentious,	3.4.6	Lr. III, 4, 6	quotation on cited line						storm,	thou thinkst tis much that this contentious storm
Continent1	Continent,	3.2.58	Lr. III, 2, 58	quotation on cited line						rive your concealing continents,	rive your concealing continents and cry
Continent2	Continent,	1.2.182	Lr. I, 2, 182	quotation on cited line						have a continent forbearance till the speed of his rage goes slower,	continent forbearance till the speed of his rage
Contract2	Contráct,	5.3.228	Lr. V, 3, 228	headword on cited line							i was contracted to them both all three
Contradict	Contradict,	5.3.87	Lr. V, 3, 87	headword on cited line							and i her husband contradict your bans
Contrive	Contrive,	3.4.92	Lr. III, 4, 92	quotation on cited line, with differences			88%	contriveing	contriving	one that slept in the contriveing of lust,	of heaven one that slept in the contriving of lust
Control2	Control,	2.4.249	Lr. II, 4, 249	quotation on cited line						if then they chanced to slack you, we could control them,	we could control them if you will come to me
Control2	Control,	3.7.27	Lr. III, 7, 27	quotation on cited line						which men may blame, but not control	may blame but not control whos there the traitor
Convenience	Convenience,	3.6.106	Lr. III, 6, 106	quotation on cited line						which, if convenience will not allow, stand in hard cure,	which if convenience will not allow
Convenient	Convenient,	4.5.31	Lr. IV, 5, 31	quotation on cited line						more convenient is he for my hand than for your lady's,	and more convenient is he for my hand
Convenient	Convenient,	3.2.56	Lr. III, 2, 56	quotation on cited line						that under covert and convenient seeming hast practised on man's life,	that under covert and convenient seeming
Convenient	Convenient,	5.1.36	V, 1, 36	quotation on cited line						'tis most convenient	tis most convenient pray you go with us
Converse2	Converse,	1.4.16	Lr. I, 4, 16	headword on cited line							love him that is honest to converse with him
Cope2	Cope,	5.3.124	Lr. V, 3, 124	headword on cited line							i come to cope which is that adversary
Copulation	Copulation,	4.6.116	Lr. IV, 6, 116	headword on cited line							let copulation thrive for gloucesters bastard son
Cordelia	Cordelia,	1.1.63	Lr. I, 1, 63	headword on cited line							what shall cordelia do love and be silent
Corky	Corky,	3.7.29	Lr. III, 7, 29	quotation on cited line						bind fast his corky arms,	bind fast his corky arms
Cornwall	Cornwall,	1.1.2	Lr. I, 1, 2	headword on cited line							the duke of albany than cornwall
Correction	Correction,	2.2.149	Lr. II, 2, 149	headword on cited line							will check him fort your purposed low correction
Corrupt1	Corrupt,	2.4.228	Lr. II, 4, 228	headword on cited line							in my corrupted blood but ill not chide thee
Corrupt2	Corrupt,	2.2.108	Lr. II, 2, 108	quotation on cited line						corrupter,	harbour more craft and more corrupter ends
Corruption	Corruption,	3.6.58	Lr. III, 6, 58	quotation on cited line						corruption in the place!	arms arms sword fire corruption in the place
Cost2	Cost,	5.3.173	Lr. V, 3, 173	headword on cited line							cost him his eyes thou hast spoken right tis true
Couch2	Couch,	3.1.12	Lr. III, 1, 12	quotation on cited line						this night, wherein the cub-drawn bear would couch	this night wherein the cubdrawn bear would couch
Counsel2	Counsel,	2.4.312	Lr. II, 4, 312	headword on cited line							my regan counsels well come out o the storm
Countenance1	Countenance,	1.4.30	Lr. I, 4, 30	headword on cited line							countenance which i would fain call master
Countenance1	Countenance,	1.2.172	Lr. I, 2, 172	headword on cited line							no displeasure in him by word or countenance
Countenance1	Countenance,	5.1.63	Lr. V, 1, 63	quotation on cited line						we'll use his countenance for the battle,	his countenance for the battle which being done
Country	Country,	1.2.117	Lr. I, 2, 117	quotation on cited line, with differences			89%	countryies	countries	in cities mutinies, in countryies discord, in palaces treason,	mutinies in countries discord in palaces treason
Course2	Course,	3.4.58	Lr. III, 4, 58	quotation on cited line						to course his own shadow,	bridges to course his own shadow for a traitor
Courtezan	Courtezan,	3.2.79	Lr. III, 2, 79	headword on cited line							this is a brave night to cool a courtezan
Covering	Covering,	4.1.46	Lr. IV, 1, 46	quotation on cited line						bring some covering for this naked soul,	and bring some covering for this naked soul
Covert2	Covert,	3.2.56	Lr. III, 2, 56	quotation on cited line						that under covert and convenient seeming hast practised on man's life,	that under covert and convenient seeming
Coward2	Coward,	2.4.43	Lr. II, 4, 43	headword on cited line							he raised the house with loud and coward cries
Cowardly1	Cowardly,	2.2.59	Lr. II, 2, 59	headword on cited line							valour you cowardly rascal nature disclaims
Cow-dung	Cow-dung,	3.4.137	Lr. III, 4, 137	headword on cited line							foul fiend rages eats cowdung for sallets swallows
Cowish	Cowish,	4.2.12	Lr. IV, 2, 12	headword on cited line							it is the cowish terror of his spirit
Cozener	Cozener,	4.6.167	Lr. IV, 6, 167	headword on cited line							for which thou whippst her the usurer hangs the cozener
Crack3	Crack,	3.2.1	Lr. III, 2, 1	quotation on cited line						crack your cheeks,	blow winds and crack your cheeks rage blow
Crack3	Crack,	3.2.1	Lr. III, 2, 1	headword on cited line	3.2.8		100%			nature's moulds,	blow winds and crack your cheeks rage blow
Crack3	Crack,	2.1.92	Lr. II, 1, 92	headword on cited line							o madam my old heart is cracked its cracked
Crack3	Crack,	1.2.118	I, 2, 118	quotation on cited line, with differences			100%		cracked	the bond 'twixt son and father,	and the bond cracked twixt son and father this
Crack3	Crack,	5.3.217	Lr. V, 3, 217	quotation on cited line						the strings of life began to crack	began to crack twice then the trumpets sounded
Crack3	Crack,	5.3.217	Lr. V, 3, 217	headword on cited line	5.3.259		80%	the		the heaven's vault should crack	began to crack twice then the trumpets sounded
Cradle1	Cradle,	1.1.15	Lr. I, 1, 15	headword on cited line							indeed sir a son for her cradle ere she had a
Crawl	Crawl,	1.1.42	Lr. I, 1, 42	headword on cited line							unburthened crawl toward death our son of cornwall
Craze	Craze,	3.4.175	Lr. III, 4, 175	quotation on cited line						the grief hath crazed my wits,	the grief hath crazed my wits what a nights this
Creak	Creak,	3.4.97	Lr. III, 4, 97	quotation on cited line, with differences			100%		nor the rustling of silks poor	let not the creaking of shoes betray thy heart,	madness lion in prey let not the creaking of
Create	Create,	1.2.14	Lr. I, 2, 14	headword on cited line							go to the creating a whole tribe of fops
Create	Create,	1.4.304	Lr. I, 4, 304	quotation on cited line						create her child of spleen,	create her child of spleen that it may live
Create	Create,	5.3.77	Lr. V, 3, 77	quotation on cited line						I create thee here my lord and master,	witness the world that i create thee here
Credit1	Credit,	3.1.35	Lr. III, 1, 35	quotation on cited line						if on my credit you dare build so far,	if on my credit you dare build so far
Credulous	Credulous,	1.2.195	Lr. I, 2, 195	headword on cited line							a credulous father and a brother noble
Crewel	Crewel,	2.4.7	Lr. II, 4, 7	quotation on cited line, with differences			75%	crewel	cruel	he wears crewel garters,	ha ha he wears cruel garters horses
Croak	Croak,	3.6.33	Lr. III, 6, 33	headword on cited line							belly for two white herring croak not black
Cross2	Cross,	4.7.35	Lr. IV, 7, 35	quotation on cited line						quick cross lightning,	of quick cross lightning to watch poor perdu
Crow-keeper	Crow-keeper,	4.6.88	Lr. IV, 6, 88	quotation on cited line						that fellow handles his bow like a crow-keeper	his bow like a crowkeeper draw me a clothiers
Crown2	Crown,	4.4.3	Lr. IV, 4, 3	quotation on cited line						crowned with rank fumiter,	crowned with rank fumiter and furrowweeds
Cruel2	Cruel,	3.7.65	Lr. III, 7, 65	quotation on cited line, with differences			spacing			all cruels else subscribe,	all cruels else subscribed but i shall see
Crum	Crum,	1.4.217	Lr. I, 4, 217	quotation on cited line						he that keeps nor crust nor crum	he that keeps nor crust nor crum
Crust1	Crust,	1.4.217	Lr. I, 4, 217	headword on cited line							he that keeps nor crust nor crum
Cub-drawn	Cub-drawn,	3.1.12	Lr. III, 1, 12	quotation on cited line						this night, wherein the cub-drawn bear would couch,	this night wherein the cubdrawn bear would couch
Cuckoo-flower	Cuckoo-flower,	4.4.4	Lr. IV, 4, 4	headword on cited line							with burdocks hemlock nettles cuckoo flowers
Cullionly	Cullionly,	2.2.36	Lr. II, 2, 36	headword on cited line							whoreson cullionly barbermonger draw
Cunning1	Cunning,	1.2.64	Lr. I, 2, 64	quotation on cited line, with differences			100%		my lord	it was not brought me; there's the cunning of it,	the cunning of it i found it thrown in at the
Cunning1	Cunning,	3.7.49	Lr. III, 7, 49	headword on cited line							and not from one opposed cunning and false
Cunning1	Cunning,	1.1.283	Lr. I, 1, 283	quotation on cited line						time shall unfold what plaited cunning hides,	time shall unfold what plaited cunning hides
Cunning1	Cunning,	2.1.31	II, 1, 31	quotation on cited line						in cunning I must draw my sword upon you,	in cunning i must draw my sword upon you
Cunning1	Cunning,	3.1.21	III, 1, 21	quotation on cited line						there is division, although as yet the face of it be covered with mutual cunning	with mutual cunning twixt albany and cornwall
Curan	Curan,	2.1.1	Lr. II, 1, 1	headword on cited line							save thee curan
Curfew	Curfew,	3.4.121	Lr. III, 4, 121	quotation on cited line						he begins at curfew and walks till the first cock,	he begins at curfew and walks till the first cock
Curiosity	Curiosity,	1.1.6	Lr. I, 1, 6	quotation on cited line, with differences			spacing			qualities are so weighed, that curiosity in neither can make choice of either's moiety,	are so weighed that curiosity in neither can make
Curiosity	Curiosity,	1.2.4	I, 2, 4	quotation on cited line						wherefore should I . . . permit the curiosity of nations to deprive me,	the curiosity of nations to deprive me
Curiosity	Curiosity,	1.4.75	I, 4, 75	quotation on cited line						which I have rather blamed as mine own jealous curiosity than as a very pretence and purpose of unkindness,	jealous curiosity than as a very pretence and
Curious	Curious,	1.4.35	Lr. I, 4, 35	quotation on cited line						mar a curious tale in telling it,	mar a curious tale in telling it and deliver a plain
Curl2	Curl,	3.4.88	Lr. III, 4, 88	headword on cited line							that curled my hair wore gloves in my cap
Curl2	Curl,	3.1.6	Lr. III, 1, 6	quotation on cited line						swell the curled waters,	or swell the curled waters bove the main
Cushion	Cushion,	3.6.36	Lr. III, 6, 36	headword on cited line							will you lie down and rest upon the cushions
Cutpurse	Cutpurse,	3.2.88	Lr. III, 2, 88	headword on cited line							nor cutpurses come not to throngs
Dark1	Dark,	1.1.37	Lr. I, 1, 37	quotation on cited line						our darker purpose,	meantime we shall express our darker purpose
Dark-eyed	Dark-eyed:	2.1.121	Lr. II, 1, 121	quotation on cited line, with differences			spacing			dark-eyed night,	thus out of season threading dark eyed night
Darkling	Darkling,	1.4.237	Lr. I, 4, 237	headword on cited line							so out went the candle and we were left darkling
Darnel	Darnel,	4.4.5	Lr. IV, 4, 5	headword on cited line							darnel and all the idle weeds that grow
Dart2	Dart,	2.4.167	Lr. II, 4, 167	quotation on cited line, with differences			100%		blinding scornful	dart your flames into her eyes,	you nimble lightnings dart your blinding flames
Daub	Daub,	2.2.71	Lr. II, 2, 71	quotation on cited line, with differences			88%	wall	walls	daub the wall of a jakes with him,	tread this unbolted villain into mortar and daub
Daub	Daub,	4.1.54	Lr. IV, 1, 54	quotation on cited line						I cannot daub it further,	poor toms acold i cannot daub it further
Dawning	Dawning,	2.2.1	Lr. II, 2, 1	quotation on cited line						good dawning to thee,	good dawning to thee friend art of
Deadly1	Deadly,	5.3.290	Lr. V, 3, 290	quotation on cited line						all's cheerless, dark and deadly	nor no man else alls cheerless dark and deadly
Deadly1	Deadly,	4.2.36	Lr. IV, 2, 36	quotation on cited line						use,	and come to deadly use
Deal1	Deal,	2.2.127	Lr. II, 2, 127	quotation on cited line						such a deal of man,	and put upon him such a deal of man
Deal2	Deal,	3.6.42	Lr. III, 6, 42	quotation on cited line						let us deal justly,	let us deal justly
Deal2	Deal,	4.1.69	IV, 1, 69	quotation on cited line						heavens, deal so still!	makes thee the happier heavens deal so still
Deal2	Deal,	4.7.62	IV, 7, 62	quotation on cited line						and, to deal plainly, I fear I am not in my perfect mind,	and to deal plainly
Deal2	Deal,	4.3.34	Lr. IV, 3, 34	quotation on cited line						away she started to deal with grief alone,	to deal with grief alone it is the stars
Dealing	Dealing	3.3.2	Lr. III, 3, 2	headword on cited line							unnatural dealing when i desire their leave
Dearn	Dearn,	3.7.63	Lr. III, 7, 63	quotation on cited line, with differences			90%	dearn	stern	if wolves had at thy gate howled that dearn time,	if wolves had at thy gate howled that stern time
Dearn	Dearn,	3.0	III Prol. 15	not a Lear citation							
Death-practised	Death-practised,	4.6.284	Lr. IV, 6, 284	headword on cited line							of the deathpractised duke for him tis well
Deaths-man	Deaths-man,	4.6.263	Lr. IV, 6, 263	headword on cited line							he had no other deathsman let us see
Deboshed	Deboshed	1.4.263	Lr. I, 4, 263	quotation on cited line						men so disordered, so deboshed and bold,	men so disordered so deboshed and bold
Decay1	Decay,	5.3.288	Lr. V, 3, 288	headword on cited line							that from your first of difference and decay
Decay1	Decay,	5.3.297	Lr. V, 3, 297	quotation on cited line						what comfort to this great decay may come,	what comfort to this great decay may come
Decay1	Decay,	5.80.14	80, 14	not a Lear citation						my love was my decay	
Decline	Decline,	4.2.22	Lr. IV, 2, 22	quotation on cited line						decline your head,	decline your head this kiss if it durst speak
Decline	Decline,	1.2.78	Lr. I, 2, 78	quotation on cited line, with differences			86%	declineing		sons at perfect age, and fathers declineing,	and fathers declining the father should be as
Deep2	Deep,	4.1.77	Lr. IV, 1, 77	headword on cited line							looks fearfully in the confined deep
Deep2	Deep,	4.2.50	IV, 2, 50	headword on cited line							like monsters of the deep milklivered man
Deeply	Deeply,	3.4.93	Lr. III, 4, 93	quotation on cited line						wine loved I deeply	and waked to do it wine loved i deeply dice
Deficient	Deficient,	4.6.23	Lr. IV, 6, 23	quotation on cited line						and the deficient sight topple down headlong,	lest my brain turn and the deficient sight
Deformity	Deformity,	4.2.60	Lr. IV, 2, 60	headword on cited line							proper deformity seems not in the fiend
Defuse	Defuse	1.4.2	Lr. I, 4, 2	quotation on cited line						if but as well I other accents borrow, that can my speech defuse	that can my speech defuse my good intent
Degenerate	Degenerate,	1.4.275	Lr. I, 4, 275	headword on cited line							degenerate bastard ill not trouble thee
Degenerate	Degenerate,	4.2.43	IV, 2, 43	headword on cited line							most barbarous most degenerate have you madded
Deject	Deject,	4.1.3	Lr. IV, 1, 3	quotation on cited line						the lowest and most dejected thing of fortune,	the lowest and most dejected thing of fortune
Delay1	Delay,	1.2.100	Lr. I, 2, 100	headword on cited line							satisfaction and that without any further delay than
Delay3	Delay,	5.3.144	Lr. V, 3, 144	quotation on cited line						what safe and nicely I might well delay by rule of knighthood, I disdain and spurn,	what safe and nicely i might well delay
Delicate1	Delicate,	4.3.15	Lr. IV, 3, 15	quotation on cited line						her delicate cheek,	her delicate cheek it seemed she was a queen
Delicate1	Delicate,	3.4.12	Lr. III, 4, 12	headword on cited line						when the mind is free, the body is delicate	the bodys delicate the tempest in my mind
Delicate1	Delicate,	4.6.188	Lr. IV, 6, 188	quotation on cited line						it were a delicate stratagem,	it were a delicate stratagem to shoe
Demonstration	Demonstration,	4.3.12	Lr. IV, 3, 12	quotation on cited line						did your letters pierce the queen to any demonstration of grief?	any demonstration of grief
Depend	Depend,	1.4.271	Lr. I, 4, 271	quotation on cited line						the remainder, that shall still depend	and the remainder that shall still depend
Depend	Depend,	1.4.271	Lr. I, 4, 271	headword on cited line							and the remainder that shall still depend
Dependant1	Dependant	1.4.65	Lr. I, 4, 65	prose row break	1.4.66	1					kindness appears as well in the general
Dependant1	Dependant	3.7.18	III, 7, 18	quotation on cited line						the lords dependants,	who with some other of the lords dependants
Depositary	Depositary,	2.4.254	Lr. II, 4, 254	headword on cited line							made you my guardians my depositaries
Depraved	Depraved,	2.4.139	Lr. II, 4, 139	quotation on cited line						thou'lt not believe with how depraved a quality,	with how depraved a quality o regan
Deprive	Deprive,	1.1.232	Lr. I, 1, 232	headword on cited line							that hath deprived me of your grace and favor
Deprive	Deprive,	1.2.4	Lr. I, 2, 4	quotation on cited line						permit the curiosity of nations to deprive me,	the curiosity of nations to deprive me
Deprive	Deprive,	4.6.61	Lr. IV, 6, 61	quotation on cited line						is wretchedness deprived that benefit?	is wretchedness deprived that benefit
Derogate2	Derogate,	1.4.302	Lr. I, 4, 302	quotation on cited line						from her derogate body never spring a babe,	and from her derogate body never spring
Descry1	Descry,	4.6.217	Lr. IV, 6, 217	quotation on cited line						the main descry stands on the hourly thought,	near and on speedy foot the main descry
Descry2	Descry,	4.5.13	Lr. IV, 5, 13	quotation on cited line						to descry the strength o' the enemy,	his nighted life moreover to descry
Deserving	Deserving,	5.3.304	Lr. V, 3, 304	quotation on cited line						the cup of their deservings,	the cup of their deservings o see see
Deserving	Deserving,	3.3.24	Lr. III, 3, 24	headword on cited line							this seems a fair deserving and must draw me
Desperately	Desperately,	5.3.292	Lr. V, 3, 292	quotation on cited line						and desperately are dead,	and desperately are dead ay so i think he
Detain	Detain,	4.3.49	Lr. IV, 3, 49	headword on cited line							detains him from cordelia alack poor gentleman
Detain	Detain,	1.2.42	Lr. I, 2, 42	headword on cited line							i shall offend either to detain or give
Detector	Detector,	3.5.14	Lr. III, 5, 14	quotation on cited line						that this treason were not, or not I the detector	treason were not or not i the detector
Determine	Determine,	5.3.45	Lr. V, 3, 45	headword on cited line							may equally determine sir i thought it fit
Determine	Determine,	5.1.31	Lr. V, 1, 31	headword on cited line	5.1.32		100%			on our proceedings,	are not the question here lets then determine
Dialect	Dialect,	2.2.115	Lr. II, 2, 115	quotation on cited line						to go out of my dialect which you discommend so much,	to go out of my dialect which you
Differ	Differ,	5.3.288	Lr. V, 3, 288	headword on cited line							that from your first of difference and decay
Difference	Difference,	5.3.288	Lr. V, 3, 288	quotation on cited line						that from your first of difference and decay have followed your sad steps,	that from your first of difference and decay
Difference	Difference,	1.4.151	Lr. I, 4, 151	headword on cited line							dost thou know the difference my boy
Difference	Difference,	4.2.26	Lr. IV, 2, 26	headword on cited line							o the difference of man and man
Difference	Difference,	1.4.100	Lr. I, 4, 100	quotation on cited line						I'll teach you differences,	differences away away if you will measure
Difference	Difference,	2.1.125	Lr. II, 1, 125	headword on cited line							of differences which i least thought it fit
Difference	Difference,	2.2.56	II, 2, 56	headword on cited line							what is your difference speak
Different	Different,	4.3.37	Lr. IV, 3, 37	headword on cited line							such different issues you spoke not with her since
Diffidence	Diffidence,	1.2.161	Lr. I, 2, 161	quotation on cited line						needless diffidences, banishment of friends,	needless diffidences banishment of friends
Diffuse	Diffuse,	1.4.2	Lr. I, 4, 2	headword not found near cited line							that can my speech defuse my good intent
Digest	Digest,	1.1.130	Lr. I, 1, 130	quotation on cited line						with my two daughters' dowers digest this third,	with my two daughters dowers digest this third
Diligence	Diligence,	1.4.38	Lr. I, 4, 38	quotation on cited line						the best of me is diligence	diligence
Diligence	Diligence,	1.5.4	I, 5, 4	quotation on cited line, with differences			75%	be not before	benot afore	if your diligence be not speedy, I shall be there before you,	out of the letter if your diligence benot speedy
Diligent	Diligent,	5.1.53	Lr. V, 1, 53	quotation on cited line						by diligent discovery,	by diligent discovery but your haste
Dimension	Dimension,	1.2.7	Lr. I, 2, 7	quotation on cited line						my dimensions are as well compact,	when my dimensions are as well compact
Diminish	Diminish,	4.6.19	Lr. IV, 6, 19	headword on cited line							diminished to her cock her cock a buoy
Disaster1	Disaster,	1.1.177	Lr. I, 1, 177	headword not found near cited line							to shield thee from diseases of the world
Disaster1	Disaster,	1.2.131	I, 2, 131	headword on cited line							of our disasters the sun the moon and the stars
Disbranch	Disbranch,	4.2.34	Lr. IV, 2, 34	quotation on cited line						she that herself will sliver and disbranch from her material sap,	she that herself will sliver and disbranch
Discard	Discard,	3.4.74	Lr. III, 4, 74	headword on cited line							is it the fashion that discarded fathers
Discern	Discern,	4.2.52	Lr. IV, 2, 52	quotation on cited line						an eye discerning thine honour from thy suffering,	who hast not in thy brows an eye discerning
Discern	Discern,	2.4.151	Lr. II, 4, 151	headword on cited line							by some discretion that discerns your state
Discerning	Discerning,	1.4.248	Lr. I, 4, 248	quotation on cited line						his discernings are lethargied,	either his notion weakens his discernings
Discharge1	Discharge,	5.3.105	Lr. V, 3, 105	quotation on cited line, with differences			100%		all levied in my name in my name	thy soldiers have took their discharge	took their discharge my sickness grows upon me
Disclaim	Disclaim,	2.2.59	Lr. II, 2, 59	quotation on cited line						nature disclaims in thee,	valour you cowardly rascal nature disclaims
Disclaim	Disclaim,	1.1.115	Lr. I, 1, 115	headword on cited line							here i disclaim all my paternal care
Discommend	Discommend,	2.2.116	Lr. II, 2, 116	headword on cited line							discommend so much i know sir i am no
Discovery	Discovery,	5.1.53	Lr. V, 1, 53	quotation on cited line						here is the guess of their true strength and forces by diligent discovery	by diligent discovery but your haste
Discreet	Discreet,	1.4.233	Lr. I, 4, 233	headword on cited line							will call discreet proceeding
Disguise1	Disguise,	5.3.219	Lr. V, 3, 219	headword on cited line							kent sir the banished kent who in disguise followed
Dishonoured	Dishonoured,	1.1.231	Lr. I, 1, 231	quotation on cited line						no unchaste action or dishonoured step,	no unchaste action or dishonoured step
Dislike1	Dislike,	1.4.348	Lr. I, 4, 348	quotation on cited line						each fancy, each complaint, dislike	each buzz each fancy each complaint dislike
Dislike2	Dislike,	4.2.10	Lr. IV, 2, 10	headword on cited line							what most he should dislike seems pleasant to him
Dislocate	Dislocate,	4.2.65	Lr. IV, 2, 65	quotation on cited line						to dislocate and tear thy flesh and bones,	they are apt enough to dislocate and tear
Dismantle	Dismantle,	1.1.220	Lr. I, 1, 220	quotation on cited line, with differences			86%	favour		to dismantle so many folds of favour,	commit a thing so monstrous to dismantle
Disnatured	Disnatured,	1.4.305	Lr. I, 4, 305	headword on cited line							and be a thwart disnatured torment to her
Disorder	Disorder,	1.2.123	Lr. I, 2, 123	quotation on cited line, with differences			71%	machination hollowness		machination, hollowness, treachery, and all ruinous disorders,	hollownwss treachery and all ruinous disorders follow
Disorder	Disorder,	2.4.202	II, 4, 202	quotation on cited line						his own disorders deserved much less advancement,	i set him there sir but his own disorders
Dispatch1	Dispatch,	1.2.33	Lr. I, 2, 33	quotation on cited line						what needed, then, that terrible dispatch of it into your pocket!	dispatch of it into your pocket the quality of
Dispatch1	Dispatch,	2.1.127	Lr. II, 1, 127	quotation on cited line, with differences			spacing			the several messengers from hence attend dispatch	from hence attend dispatch our good old friend
Dispose2	Dispose,	5.3.76	Lr. V, 3, 76	headword on cited line							dispose of them of me the walls are thine
Disposition	Disposition,	1.4.314	Lr. I, 4, 314	quotation on cited line, with differences			90%	his	this	let his disposition have that scope that dotage gives it,	but let this disposition have that scope
Disposition	Disposition,	1.1.309	Lr. I, 1, 309	quotation on cited line						if our father carry authority with such dispositions as he bears,	such dispositions as he bears this last surrender
Disposition	Disposition,	1.4.242	I, 4, 242	quotation on cited line						put away these dispositions that of late transform you from what you rightly are,	these dispositions that of late transform you
Disposition	Disposition,	1.4.242	I, 4, 242	headword on cited line							these dispositions that of late transform you
Disposition	Disposition,	1.2.138	Lr. I, 2, 138	quotation on cited line						his goatish disposition	whoremaster man to lay his goatish disposition to the
Disposition	Disposition,	2.2.160	II, 2, 160	quotation on cited line, with differences			100%		all the world well knows	whose disposition will not be rubbed,	whose disposition all the world well knows
Disposition	Disposition,	3.5.7	III, 5, 7	quotation on cited line						your brother's evil disposition	your brothers evil disposition made him seek his
Disposition	Disposition,	4.2.31	IV, 2, 31	quotation on cited line						I fear your disposition	blows in your face i fear your disposition
Disquantity	Disquantity,	1.4.270	Lr. I, 4, 270	quotation on cited line						to disquantity your train,	a little to disquantity your train
Disquietly	Disquietly,	1.2.124	Lr. I, 2, 124	quotation on cited line, with differences			92%	hollowness	hollownwss	machinations, hollowness, treachery, and all ruinous disorders, follow us disquietly to our graves,	us disquietly to our graves find out this villain
Dissipation	Dissipation,	1.2.161	Lr. I, 2, 161	prose row break	1.2.162	1	100%			dissipation of cohorts,	needless diffidences banishment of friends
Dissolution	Dissolution,	1.2.158	Lr. I, 2, 158	prose row break	1.2.159	1	100%			dissolutions of ancient amities,	the child and the parent death dearth
Dissolve	Dissolve,	4.4.19	Lr. IV, 4, 19	quotation on cited line						lest his ungoverned rage dissolve the life,	lest his ungoverned rage dissolve the life
Dissolve	Dissolve,	5.3.203	Lr. V, 3, 203	headword on cited line							for i am almost ready to dissolve
Dissuade	Dissuade,	2.1.66	Lr. II, 1, 66	headword on cited line							when i dissuaded him from his intent
Distaff	Distaff,	4.2.17	Lr. IV, 2, 17	headword on cited line							i must change arms at home and give the distaff
Distaste	Distaste,	1.3.14	Lr. I, 3, 14	quotation on cited line, with differences			78%	if distaste	dislike	if he distaste it, let him to our sister,	it he dislike it let him to our sister
Distinguish	Distinguish,	4.6.215	Lr. IV, 6, 215	quotation on cited line						every one hears that which can distinguish sound,	which can distinguish sound but by your favour
Distract	Distract,	4.6.288	Lr. IV, 6, 288	headword on cited line							of my huge sorrows better i were distract
Distressed	Distressed,	4.3.40	Lr. IV, 3, 40	headword on cited line							well sir the poor distressed lears i the town
Distribution	Distribution,	4.1.73	Lr. IV, 1, 73	headword on cited line							so distribution should undo excess
Ditch-dog	Ditch-dog,	3.4.138	Lr. III, 4, 138	headword on cited line							the old rat and ditchdog drinks the green
Divest	Divest,	1.1.50	Lr. I, 1, 50	quotation on cited line						we will divest us, both of rule, interest of territory, cares of state,	since now we will divest us both of rule
Divinity	Divinity,	4.6.101	Lr. IV, 6, 101	quotation on cited line						Ay and No too was no good divinity	i said ay and no too was no good divinity
Divorce2	Divorce,	2.4.133	Lr. II, 4, 133	quotation on cited line						I would divorce me from thy mother's tomb,	i would divorce me from thy mothers tomb
Do de	Do de,	3.4.59	Lr. III, 4, 59	headword not found near cited line							bless thy five wits toms acold o do de
Do de	Do de,	3.6.77	III, 6, 77	headword not found near cited line							do de de de sessa come march to wakes
Dog-hearted	Dog-hearted,	4.3.47	Lr. IV, 3, 47	quotation on cited line, with differences			67%	a	doghearted	his a. daughters,	to his doghearted daughters these things sting
Dollar	Dollar,	2.4.54	Lr. II, 4, 54	headword not found near cited line							but for all this thou shalt have as many dolours
Domestic1	Domestic,	5.1.30	Lr. V, 1, 30	quotation on cited line						broils,	for these domestic and particular broils
Dominion	Dominion,	1.1.180	Lr. I, 1, 180	headword on cited line							thy banished trunk be found in our dominions
Door-particulars	Door-particulars,	5.1.30	Lr. V, 1, 30	quotation on cited line, with differences			88%	doorparticulars	and particular broils	these domestic door-particulars are not the question here,	for these domestic and particular broils
Doubtful	Doubtful,	4.7.65	Lr. IV, 7, 65	quotation on cited line						yet I am doubtful	yet i am doubtful for i am mainly ignorant
Doubtful	Doubtful,	4.1.94	Shr. Ind. 1, 94.	not a Lear citation						I am doubtful of your modesties,	
Doubtful	Doubtful,	5.1.12	Lr. V, 1, 12	quotation on cited line						I am doubtful that you have been conjunct and bosomed with her,	i am doubtful that you have been conjunct
Dover	Dover,	3.1.36	Lr. III, 1, 36	headword on cited line							to make your speed to dover you shall find
Dover	Dover,	3.6.98	III, 6, 98	headword on cited line							and drive towards dover friend where thou shalt meet
Dover	Dover,	3.7.19	III, 7, 19	headword on cited line							are gone with him towards dover where they boast
Dowered	Dowered,	1.1.207	Lr. I, 1, 207	quotation on cited line						dowered with our curse,	dowered with our curse and strangered with our oath
Dowerless	Dowerless,	1.1.259	Lr. I, 1, 259	headword on cited line							thy dowerless daughter king thrown to my chance
Dowerless	Dowerless,	2.4.215	II, 4, 215	headword on cited line							why the hotblooded france that dowerless took
Down3	Down,	1.2.93	Lr. I, 2, 93	quotation on cited line						I dare pawn down my life for him,	down my life for him that he hath wrote this to
Dread-bolted	Dread-bolted,	4.7.33	Lr. IV, 7, 33	quotation on cited line						dread-bolted thunder,	to stand against the deep dreadbolted thunder
Drum1	Drum,	4.6.292	Lr. IV, 6, 292	headword on cited line							far off methinks i hear the beaten drum
Drum1	Drum,	2.4.119	Lr. II, 4, 119	quotation on cited line						at their chamber-door I'll beat the drum	or at their chamberdoor ill beat the drum
Drum1	Drum,	5.3.81	Lr. V, 3, 81	headword on cited line							let the drum strike and prove my title thine
Dry1	Dry,	3.1.14	Lr. III, 1, 14	headword on cited line							keep their fur dry unbonneted he runs
Dry1	Dry,	3.2.10	III, 2, 10	headword on cited line							o nuncle court holywater in a dry
Dry1	Dry,	3.6.79	III, 6, 79	headword on cited line							is dry
Dry2	Dry,	5.3.38	Lr. V, 3, 38	quotation on cited line						oats,	i cannot draw a cart nor eat dried oats
Dry2	Dry,	1.4.301	Lr. I, 4, 301	quotation on cited line						dry up in her the organs of increase,	dry up in her the organs of increase
Duck2	Duck,	2.2.109	Lr. II, 2, 109	quotation on cited line						ducking observants,	than twenty silly ducking observants
Dullard	Dullard,	2.1.76	Lr. II, 1, 76	headword on cited line							and thou must make a dullard of the world
Dumbness	Dumbness,	4.1.63	Lr. IV, 1, 63	headword on cited line							dumbness mahu of stealing modo of murder
Duteous	Duteous,	4.6.258	Lr. IV, 6, 258	quotation on cited line						duteous to the vices of thy mistress,	as duteous to the vices of thy mistress
Ear-bussing	Ear-bussing,	2.1.9	Lr. II, 1, 9	quotation not found; headword not found near cited line						ear-bussing arguments,	for they are yet but earkissing arguments
Ear-kissing	Ear-kissing,	2.1.9	Lr. II, 1, 9	headword on cited line							for they are yet but earkissing arguments
Earnestly	Earnestly,	1.2.27	Lr. I, 2, 27	quotation off by 1	1.2.28	1	100%			why so earnestly seek you to put up that letter?	so please your lordship none
Earthly	Earthly,	5.3.261	Lr. V, 3, 261	headword on cited line							shes dead as earth lend me a lookingglass
Ease1	Ease,	3.4.23	Lr. III, 4, 23	headword on cited line							prithee go in thyself seek thine own ease
Easy2	Easy,	1.2.198	Lr. I, 2, 198	quotation on cited line						on whose foolish honesty my practices ride easy	my practices ride easy i see the business
Easy-borrowed	Easy-borrowed	2.4.188	Lr. II, 4, 188	quotation on cited line						this is a slave, whose easy-borrowed pride dwells in the fickle grace of her he follows,	this is a slave whose easyborrowed pride
Eater	Eater,	2.2.15	Lr. II, 2, 15	quotation on cited line						of broken meats,	a knave a rascal an eater of broken
Ebb2	Ebb,	5.3.19	Lr. V, 3, 19	quotation on cited line						packs and sects of great ones, that ebb and flow by the moon,	that ebb and flow by the moon take them away
Edgar	Edgar,	1.2.16	Lr. I, 2, 16	headword on cited line							legitimate edgar i must have your hand
Edmund	Edmund:	1.1.25	Lr. I, 1, 25	headword on cited line							do you know this noble gentleman edmund
Eel	Eel,	2.4.124	Lr. II, 4, 124	headword on cited line							the eels when she put em i the paste alive she
Elbow3	Elbow,	4.3.44	Lr. IV, 3, 44	quotation on cited line						a sovereign shame so elbows him,	a sovereign shame so elbows him his own unkindness
Eldest-born	Eldest-born,	1.1.55	Lr. I, 1, 55	headword on cited line							our eldestborn speak first
Element	Element,	3.1.4	Lr. III, 1, 4	quotation on cited line						contending with the fretful element	contending with the fretful element
Element	Element,	3.2.16	Lr. III, 2, 16	quotation on cited line, with differences			88%	the	you	I tax not you, the elements, with unkindness,	i tax not you you elements with unkindness
Element	Element,	2.4.58	Lr. II, 4, 58	quotation on cited line, with differences			71%	element below	elements below where	thou climbing sorrow, thy element is below,	thy elements below where is this daughter
Elf2	Elf,	2.3.10	Lr. II, 3, 10	quotation on cited line						elf all my hair in knots,	blanket my loins elf all my hair in knots
Embossed	Embossed	2.4.227	Lr. II, 4, 227	quotation on cited line						an embossed carbuncle,	a plaguesore an embossed carbuncle
Eminence	Eminence,	5.3.131	Lr. V, 3, 131	headword on cited line							maugre thy strength youth place and eminence
Empty-hearted	Empty-hearted,	1.1.155	Lr. I, 1, 155	headword on cited line							nor are those emptyhearted whose low sound
Encounter1	Encounter,	2.1.56	Lr. II, 1, 56	headword not found near cited line							bold in the quarrels right roused to the en counter
Endeavour1	Endeavour,	2.1.36	Lr. II, 1, 36	headword on cited line							of my more fierce endeavor i have seen drunkards
Endow	Endow,	2.4.184	Lr. II, 4, 184	quotation on cited line, with differences			100%		hast thou not forgot	thy half o' the kingdom wherein I thee endowed,	wherein i thee endowed good sir to the purpose
Engine	Engine,	1.4.290	Lr. I, 4, 290	quotation on cited line						that, like an e., wrenched my frame of nature from the fixed place,	that like an engine wrenched my frame of nature
Engraffed	Engraffed	1.1.301	Lr. I, 1, 301	quotation on cited line, with differences			spacing			the imperfections of long engraffed condition.	longengraffed condition but therewithal the unruly
Engraft	Engraft,	1.1.301	Lr. I, 1, 301	headword not found near cited line							longengraffed condition but therewithal the unruly
Enguard	Enguard,	1.4.349	Lr. I, 4, 349	quotation on cited line						he may enguard his dotage with their powers, and hold our lives in mercy,	he may enguard his dotage with their powers
Enkindle	Enkindle,	3.7.86	Lr. III, 7, 86	headword on cited line							edmund enkindle all the sparks of nature
Enmity	Enmity,	2.4.212	Lr. II, 4, 212	headword on cited line							to wage against the enmity o the air
Enormous	Enormous,	2.2.176	Lr. II, 2, 176	quotation on cited line						from this enormous state,	from this enormous state seeking to give
Enrage	Enrage,	4.2.75	Lr. IV, 2, 75	headword on cited line							to his great master who thereat enraged
Enrage	Enrage,	4.6.71	IV, 6, 71	quotation not found; headword not found near cited line						(thereat).	horns whelked and waved like the enridged sea
Enridged	Enridged,	4.6.71	Lr. IV, 6, 71	quotation on cited line						horns whelked and waved like the enridged sea,	horns whelked and waved like the enridged sea
Entertainment	Entertainment,	2.4.209	Lr. II, 4, 209	headword on cited line							which shall be needful to your entertainment
Entirely	Entirely,	1.2.105	Lr. I, 2, 105	headword on cited line							entirely loves him heaven and earth
Epicurism	Epicurism,	1.4.265	Lr. I, 4, 265	headword on cited line							shows like a riotous inn epicurism and lust
Epileptic	Epileptic,	2.2.87	Lr. II, 2, 87	quotation on cited line						a plague upon your epileptic visage,	a plague upon your epileptic visage
Equality	Equality,	1.1.5	Lr. I, 1, 5	headword on cited line							which of the dukes he values most for equalities
Equally	Equally,	5.3.45	Lr. V, 3, 45	headword on cited line							may equally determine sir i thought it fit
Equity	Equity,	3.6.39	Lr. III, 6, 39	headword on cited line							and thou his yokefellow of equity
Esperance	Esperance,	4.1.4	Lr. IV, 1, 4	headword on cited line							stands still in esperance lives not in fear
Essay	Essay,	1.2.47	Lr. I, 2, 47	headword on cited line							he wrote this but as an essay or taste of my virtue
Evasion	Evasion,	1.2.137	Lr. I, 2, 137	headword on cited line							thrusting on an admirable evasion of
Even2	Even,	4.6.3	Lr. IV, 6, 3	quotation on cited line						the ground is even	methinks the ground is even horrible steep
Even2	Even,	4.7.80	Lr. IV, 7, 80	headword on cited line							to make him even oer the time he has lost
Evening	Evening,	1.2.101	Lr. I, 2, 101	headword on cited line							this very evening
Evening	Evening,	2.1.103	II, 1, 103	headword on cited line							i have this present evening from my sister
Ever-gentle	Ever-gentle:	4.6.221	Lr. IV, 6, 221	headword on cited line							you evergentle gods take my breath from me
Evidence	Evidence,	3.6.37	Lr. III, 6, 37	headword on cited line							ill see their trial first bring in the evidence
Evil2	Evil,	1.2.136	Lr. I, 2, 136	headword on cited line							influence and all that we are evil in by a divine
Evil2	Evil,	3.5.7	III, 5, 7	headword on cited line							your brothers evil disposition made him seek his
Evil2	Evil,	1.1.169	Lr. I, 1, 169	headword on cited line							ill tell thee thou dost evil hear me recreant
Exalt	Exalt,	5.3.67	Lr. V, 3, 67	quotation on cited line						in his own grace he doth exalt himself more than in your addition,	in his own grace he doth exalt himself
Exasperate	Exasperate,	5.1.60	Lr. V, 1, 60	headword on cited line							exasperates makes mad her sister goneril
Excess	Excess,	4.1.73	Lr. IV, 1, 73	headword on cited line							so distribution should undo excess
Exchange2	Exchange,	5.3.166	Lr. V, 3, 166	quotation on cited line						let's exchange charity,	i do forgive thee lets exchange charity
Exhibition	Exhibition,	1.2.25	Lr. I, 2, 25	headword on cited line							confined to exhibition all this done
Exist	Exist,	1.1.114	Lr. I, 1, 114	headword on cited line						existest).	from whom we do exist and cease to be
Expiration	Expiration,	2.4.205	Lr. II, 4, 205	headword on cited line							if till the expiration of your month
Exploit	Exploit,	2.2.130	Lr. II, 2, 130	headword on cited line							and in the fleshment of this dread exploit
Expose	Expose,	3.4.34	Lr. III, 4, 34	headword on cited line							expose thyself to feel what wretches feel
Expose	Expose,	4.7.32	Lr. IV, 7, 32	quotation on cited line, with differences			86%	exposed	opposed	to be exposed against the warring winds,	to be opposed against the warring winds
Express2	Express,	4.3.19	Lr. IV, 3, 19	quotation on cited line						patience and sorrow strove who should express her goodliest,	who should express her goodliest you have seen
Express2	Express,	4.105.8	105, 8	not a Lear citation							
Express2	Express,	4.106.7	106, 7	not a Lear citation							
Express2	Express,	4.108.4	108, 4	not a Lear citation							
Express2	Express,	4.140.3	140, 3	not a Lear citation							
Express2	Express,	1.1.37	Lr. I, 1, 37	headword on cited line							meantime we shall express our darker purpose
Extend	Extend,	1.1.53	Lr. I, 1, 53	quotation on cited line, with differences			86%	we		that we our largest bounty may extend	that our largest bounty may extend
Extrme	Extréme,	5.3.198	Lr. V, 3, 198	quotation on cited line, with differences			100%		flawed alack too weak the conflict to support	his heart, twixt two extrémes of passion, joy and grief, burst smilingly,	twixt two extremes of passion joy and grief
Eyeless	Eyeless,	3.1.8	Lr. III, 1, 8	headword on cited line							which the impetuous blasts with eyeless rage
Eyeless	Eyeless,	3.7.96	III, 7, 96	headword on cited line							turn out that eyeless villain throw this slave
Eyeless	Eyeless,	4.6.231	IV, 6, 231	headword on cited line							that eyeless head of thine was first framed flesh
Eyesight	Eyesight,	1.1.57	Lr. I, 1, 57	headword on cited line							dearer than eyesight space and liberty
Fa	Fa,	1.2.149	Lr. I, 2, 149	quotation on cited line						fa, sol, la, mi,	portend these divisions fa sol la mi
Faint1	Faint,	1.4.73	Lr. I, 4, 73	quotation on cited line						a most faint neglect,	conception i have perceived a most faint neglect
Faint2	Faint,	5.3.311	Lr. V, 3, 311	headword on cited line							look there look there he faints my lord my lord
Faintly	Faintly,	1.2.191	Lr. I, 2, 191	quotation on cited line, with differences			100%		and heard	I have told you what I have seen, but faintly	have seen and heard but faintly nothing like
Fair1	Fair,	3.6.78	Lr. III, 6, 78	headword on cited line							and fairs and markettowns poor tom thy horn
Faithed	Faithed,	2.1.72	Lr. II, 1, 72	quotation on cited line						would the reposal of any trust, virtue, or worth in thee make thy words f.,	make thy words faithed no what i should deny
False2	False,	1.4.254	Lr. I, 4, 254	quotation on cited line						I should be false persuaded I had daughters,	be false persuaded i had daughters
Fang1	Fang,	3.7.58	Lr. III, 7, 58	headword on cited line							in his anointed flesh stick boarish fangs
Far1	Far,	4.3.10	Lr. IV, 3, 10	quotation on cited line						Monsieur La Far	la far
Farm1	Farm,	2.3.17	Lr. II, 3, 17	quotation on cited line						low farms, poor pelting villages,	and with this horrible object from low farms
Fashion2	Fashion,	1.2.200	Lr. I, 2, 200	quotation on cited line						all with me's meet that I can fashion fit,	all with mes meet that i can fashion fit
Fast3	Fast,	1.1.39	Lr. I, 1, 39	quotation on cited line						'tis our fast intent,	in three our kingdom and tis our fast intent
Fasten	Fasten,	2.1.79	Lr. II, 1, 79	quotation on cited line						strong and fastened villain,	to make thee seek it strong and fastened villain
Fasten	Fasten,	5.3.212	Lr. V, 3, 212	quotation on cited line						with his strong arms he fastened on my neck,	he fastened on my neck and bellowed out
Fate2	Fate,	3.4.70	Lr. III, 4, 70	headword on cited line							hang fated oer mens faults light on thy daughters
Father2	Father,	3.6.117	Lr. III, 6, 117	quotation on cited line						he childed as I fathered,	he childed as i fathered tom away
Fathom	Fathom	3.4.37	Lr. III, 4, 37	quotation on cited line						fathom and half,	fathom and half fathom and
Fathom	Fathom	4.6.50	Lr. IV, 6, 50	headword on cited line							so many fathom down precipitating
Fearfully	Fearfully,	4.1.77	Lr. IV, 1, 77	headword on cited line							looks fearfully in the confined deep
Feature	Feature,	4.2.63	Lr. IV, 2, 63	quotation on cited line						bemonster not thy feature	bemonster not thy feature weret my fitness
Feeling	Feeling,	3.4.13	Lr. III, 4, 13	headword on cited line							doth from my senses take all feeling else
Feeling	Feeling,	4.6.287	Lr. IV, 6, 287	headword on cited line							that i stand up and have ingenious feeling
Feelingly	Feelingly,	4.6.152	Lr. IV, 6, 152	quotation on cited line						you see how this world goes. I see it feelingly	i see it feelingly
Felicitate	Felicitate,	1.1.76	Lr. I, 1, 76	quotation off by 1	1.1.77-78	1	100%			I am alone felicitate in your dear highness' love,	which the most precious square of sense possesses
Fell1	Fell,	5.3.24	Lr. V, 3, 24	quotation on cited line						the good-years shall devour them, flesh and fell	the goodyears shall devour them flesh and fell
Fell3	Fell,	4.2.76	Lr. IV, 2, 76	quotation on cited line						felled him dead,	flew on him and amongst them felled him dead
Fellowship	Fellowship,	3.6.114	Lr. III, 6, 114	headword on cited line							when grief hath mates and bearing fellowship
Felt	Felt,	4.6.189	Lr. IV, 6, 189	headword on cited line							a troop of horse with felt ill putt in proof
Fen-sucked	Fen-sucked,	2.4.169	Lr. II, 4, 169	quotation on cited line						fen-sucked fogs,	you fensucked fogs drawn by the powerful sun
Festinate	Festinate,	3.7.10	Lr. III, 7, 10	headword on cited line							where you are going to a most festinate
Fetch1	Fetch,	2.4.90	Lr. II, 4, 90	quotation on cited line						mere fetches,	they have travelled all the night mere fetches
Figure1	Figure,	1.4.212	Lr. I, 4, 212	quotation on cited line						thou art an O without a figure	art an o without a figure i am better than thou
Filial	Filial,	3.4.14	Lr. III, 4, 14	headword on cited line							save what beats there filial ingratitude
Filth	Filth,	2.3.9	Lr. II, 3, 9	headword on cited line							brought near to beast my face ill grime with filth
Filth	Filth,	4.2.39	Lr. IV, 2, 39	quotation on cited line						filths savour but themselves,	filths savour but themselves what have you done
Filthy	Filthy,	2.2.17	Lr. II, 2, 17	quotation on cited line, with differences			100%		worstedstocking	filthy knave,	threesuited hundredpound filthy worstedstocking
Filthy	Filthy,	3.7.32	III, 7, 32	quotation on cited line						O filthy traitor,	bind him i say hard hard o filthy traitor
Fine3	Fine,	1.2.18	Lr. I, 2, 18	quotation on cited line						fine word, legitimate,	as to the legitimate fine word legitimate
Finical	Finical,	2.2.19	Lr. II, 2, 19	headword on cited line							whoreson glassgazing superserviceable finical
Fire2	Fire,	5.3.23	Lr. V, 3, 23	quotation on cited line						fire us hence like foxes,	and fire us hence like foxes wipe thine eyes
Fire-new	Fire-new,	5.3.132	Lr. V, 3, 132	headword on cited line							despite thy victor sword and firenew fortune
Firm	Firm,	1.1.248	Lr. I, 1, 248	quotation on cited line						I have sworn: I am firm	nothing i have sworn i am firm
Firmament	Firmament,	1.2.144	Lr. I, 2, 144	headword on cited line							in the firmament twinkled on my bastardizing
Firmly	Firmly,	5.3.101	Lr. V, 3, 101	headword on cited line							my truth and honour firmly
Fishermen	Fishermen,	4.6.17	Lr. IV, 6, 17	headword on cited line							the fishermen that walk upon the beach
Fit2	Fit,	4.7.43	Lr. IV, 7, 43	headword on cited line							madam do you tis fittest
Fit2	Fit,	1.2.200	Lr. I, 2, 200	quotation on cited line						all with me's meet that I can fashion fit	all with mes meet that i can fashion fit
Fitchew	Fitchew,	4.6.124	Lr. IV, 6, 124	headword on cited line							the fitchew nor the soiled horse goes to t
Fitly	Fitly,	1.1.203	Lr. I, 1, 203	quotation on cited line						if aught within that little seeming substance, . . . and nothing more, may fitly like your grace,	and nothing more may fitly like your grace
Fitly	Fitly,	1.2.184	Lr. I, 2, 184	quotation on cited line						I will fitly bring you to hear my lord speak,	lodging from whence i will fitly bring you to
Fitness	Fitness,	4.2.63	Lr. IV, 2, 63	quotation on cited line, with differences			spacing			were 't my fitness to let these hands obey my blood,	bemonster not thy feature weret my fitness
Fix	Fix,	1.4.291	Lr. I, 4, 291	quotation on cited line						wrenched my frame of nature from the fixed place,	from the fixed place drew from my heart all love
Fix	Fix,	2.4.94	Lr. II, 4, 94	quotation on cited line, with differences			90%	unremovable	unremoveable	how unremovable and fixed he is in his own course,	how unremoveable and fixed he is
Fix	Fix,	3.4.8	Lr. III, 4, 8	quotation on cited line						where the greater malady is fixed,	but where the greater malady is fixed
Flake	Flake,	4.7.30	Lr. IV, 7, 30	quotation on cited line						these white flakes,	had you not been their father these white flakes
Flame1	Flame,	3.4.53	Lr. III, 4, 53	quotation on cited line						through fire and through flame	through flame through ford and whirlipool
Flame1	Flame,	2.4.167	Lr. II, 4, 167	headword on cited line							you nimble lightnings dart your blinding flames
Flame1	Flame,	2.115.4	115, 4	not a Lear citation							
Flash2	Flash,	1.3.4	Lr. I, 3, 4	quotation on cited line						he flashes into one gross crime or other,	he flashes into one gross crime or other
Flat2	Flat,	3.2.7	Lr. III, 2, 7	quotation on cited line, with differences			75%	of earth	o	smite flat the thick rotundity of the earth,	smite flat the thick rotundity o the world
Flattery	Flattery,	1.3.20	Lr. I, 3, 20	headword on cited line							with checks as flatteries when they are seen abused
Flaw1	Flaw,	2.4.288	Lr. II, 4, 288	quotation on cited line						this heart shall break into a hundred thousand flaws,	shall break into a hundred thousand flaws
Flaw2	Flaw,	5.3.196	Lr. V, 3, 196	quotation on cited line						his flawed heart . . . burst,	told him my pilgrimage but his flawed heart
Flax	Flax,	3.7.106	Lr. III, 7, 106	headword on cited line							go thou ill fetch some flax and white of eggs
Flesh2	Flesh,	2.2.49	Lr. II, 2, 49	quotation on cited line						come, I'll flesh ye; come on, young master,	come ill flesh ye come on young master
Fleshment	Fleshment,	2.2.130	Lr. II, 2, 130	quotation on cited line						and in the fleshment of this dread exploit, drew on me here again,	and in the fleshment of this dread exploit
Flibbertigibbet	Flibbertigibbet,	3.4.120	Lr. III, 4, 120	headword on cited line							this is the foul fiend flibbertigibbet
Flibbertigibbet	Flibbertigibbet,	4.1.64	IV, 1, 64	headword on cited line							flibbertigibbet of moping and mowing who
Flickering	Flickering	2.2.114	Lr. II, 2, 114	quotation on cited line						the wreath of radiant fire on flickering Phoebus' front,	on flickering phoebus front what meanst by this
Flow2	Flow,	5.3.19	Lr. V, 3, 19	headword on cited line							that ebb and flow by the moon take them away
Fog	Fog,	1.4.321	Lr. I, 4, 321	headword on cited line							should make thee worth them blasts and fogs upon thee
Fog	Fog,	2.4.169	II, 4, 169	headword on cited line							you fensucked fogs drawn by the powerful sun
Foin1	Foin,	4.6.251	Lr. IV, 6, 251	headword on cited line							matter vor your foins
Fold2	Fold,	1.1.221	Lr. I, 1, 221	quotation on cited line, with differences			86%	favour		to dismantle so many folds of favour,	so many folds of favor sure her offence
Folk	Folk,	4.6.243	Lr. IV, 6, 243	headword not found near cited line							poor volk pass an chud ha bin zwaggered out
Foolish	Foolish,	1.2.197	Lr. I, 2, 197	headword on cited line							that he suspects none on whose foolish honesty
Foot2	Foot,	3.4.125	Lr. III, 4, 125	quotation on cited line						S. Withold footed thrice the old,	s withold footed thrice the old
Football	Football,	1.4.95	Lr. I, 4, 95	headword on cited line							nor tripped neither you base football
Footed	Footed,	3.3.14	Lr. III, 3, 14	quotation on cited line						there's part of a power already footed	power already footed we must incline to the
Footed	Footed,	3.7.45	III, 7, 45	quotation on cited line, with differences			88%	landed		landed). the traitors late footed in the kingdom,	late footed in the kingdom
Footpath	Footpath,	4.1.58	Lr. IV, 1, 58	quotation off by 1	4.1.57	-1	67%	footpath		(the footpath way).	both stile and gate horseway and
Fop1	Fop,	1.2.14	Lr. I, 2, 14	quotation on cited line						a whole tribe of fops, got 'tween asleep and wake,	go to the creating a whole tribe of fops
Foppery	Foppery,	1.2.128	Lr. I, 2, 128	quotation on cited line						this is the excellent foppery of the world,	this is the excellent foppery of the
Foppish	Foppish,	1.4.182	Lr. I, 4, 182	quotation on cited line						wise men are grown foppish	for wise men are grown foppish
Forbearance	Forbearance,	1.2.182	Lr. I, 2, 182	quotation on cited line						have a continent forbearance till the speed of his rage goes slower,	continent forbearance till the speed of his rage
Forbearance	Forbearance,	1.2.182	Lr. I, 2, 182	headword on cited line							continent forbearance till the speed of his rage
Ford1	Ford,	3.4.53	Lr. III, 4, 53	quotation on cited line						through ford and whirlipool,	through flame through ford and whirlipool
Fordo	Fordo	5.3.255	Lr. V, 3, 255	quotation on cited line						she fordid herself,	that she fordid herself
Fordo	Fordo	5.3.255	Lr. V, 3, 255	headword on cited line	5.3.291		67%	ne	fordone	have --ne themselves,	that she fordid herself
Fore-doom	Fore-doom,	5.3.291	Lr. V, 3, 291	quotation on cited line, with differences			83%	foredoomed	fordone	your eldest daughters have fore-doomed themselves,	your eldest daughters have fordone themselves
Forevouched	Forevouched,	1.1.223	Lr. I, 1, 223	headword on cited line							that monsters it or your forevouched affection
Forgiveness	Forgiveness,	2.4.154	Lr. II, 4, 154	headword on cited line							say you have wronged her sir ask her forgiveness
Forgiveness	Forgiveness,	5.3.11	V, 3, 11	headword on cited line							and ask of thee forgiveness so well live
Fork	Fork,	1.1.146	Lr. I, 1, 146	quotation on cited line						though the fork invade the region of my heart,	let it fall rather though the fork invade
Fork	Fork,	4.6.121	IV, 6, 121	quotation on cited line						whose face between her forks presages snow,	whose face between her forks presages snow
Fork	Fork,	3.4.113	III, 4, 113	headword on cited line							forked animal as thou art off off you lendings
Forked	Forked,	3.4.113	Lr. III, 4, 113	quotation on cited line, with differences			100%		poor bare	a forked animal,	forked animal as thou art off off you lendings
Forsake	Forsake	1.1.254	Lr. I, 1, 254	headword on cited line							most choice forsaken and most loved despised
Fortnight	Fortnight,	1.4.317	Lr. I, 4, 317	headword on cited line							within a fortnight whats the matter sir
Fortnight	Fortnight,	4.6.245	IV, 6, 245	headword not found near cited line							vortnight nay come not near th old man
Fortunately	Fortunately,	2.2.174	Lr. II, 2, 174	headword on cited line							who hath most fortunately been informed
Forty	Forty,	1.4.42	Lr. I, 4, 42	headword on cited line							i have years on my back forty eight
Foster-nurse	Foster-nurse,	4.4.12	Lr. IV, 4, 12	headword on cited line							our fosternurse of nature is repose
Foulness	Foulness,	1.1.230	Lr. I, 1, 230	quotation on cited line						no vicious blot, murder, or foulness	it is no vicious blot murder or foulness
Four-inched	Four-inched,	3.4.57	Lr. III, 4, 57	headword on cited line							to ride on a bay trottinghorse over fourinched
Frame1	Frame,	1.4.290	Lr. I, 4, 290	quotation on cited line						wrenched my frame of nature from the fixed place,	that like an engine wrenched my frame of nature
Frank3	Frank,	3.4.20	Lr. III, 4, 20	quotation on cited line						whose frank heart gave all,	your old kind father whose frank heart gave all
Frateretto	Frateretto,	3.6.7	Lr. III, 6, 7	headword on cited line							frateretto calls me and tells me nero
Fretful	Fretful,	3.1.4	Lr. III, 1, 4	headword on cited line							contending with the fretful element
Friendly1	Friendly,	1.4.103	Lr. I, 4, 103	quotation on cited line						my friendly knave, I thank thee,	now my friendly knave i thank thee
Friendly1	Friendly,	4.6.234	IV, 6, 234	quotation on cited line, with differences			80%	to it		now let thy friendly hand put strength enough to it,	that must destroy thee now let thy friendly hand
Fro	Fro,	3.1.11	Lr. III, 1, 11	quotation on cited line, with differences			spacing			the to and fro conflicting wind and rain,	the toandfroconflicting wind and rain
Frog	Frog,	3.4.134	Lr. III, 4, 134	headword on cited line							poor tom that eats the swimming frog
Front1	Front,	2.2.114	Lr. II, 2, 114	headword on cited line							on flickering phoebus front what meanst by this
Frontlet	Frontlet,	1.4.208	Lr. I, 4, 208	quotation on cited line						what makes that frontlet on?	frontlet on methinks you are too much of late
Fruitful	Fruitful,	1.4.299	Lr. I, 4, 299	quotation on cited line						to make this creature fruitful	to make this creature fruitful
Fruitfully	Fruitfully,	4.6.270	Lr. IV, 6, 270	quotation on cited line						time and place will be fruitfully offered,	fruitfully offered there is nothing done if he
Frustrate1	Frustrate,	4.6.64	Lr. IV, 6, 64	quotation on cited line						frustrate his proud will,	and frustrate his proud will give me your arm
Full2	Full,	1.4.360	Lr. I, 4, 360	quotation on cited line						inform her full of my particular fear,	inform her full of my particular fear
Full2	Full,	2.1.58	Lr. II, 1, 58	quotation on cited line						suddenly,	full suddenly he fled let him fly far
Full-flowing	Full-flowing,	5.3.74	Lr. V, 3, 74	quotation on cited line, with differences			spacing			from a full-flowing stomach,	from a full flowing stomach general
Fully	Fully,	3.5.22	Lr. III, 5, 22	quotation on cited line						it will stuff his suspicion more fully	king it will stuff his suspicion more fully i will
Fum	Fum,	3.4.188	Lr. III, 4, 188	quotation on cited line						fie, foh, and fum	his word was still fie foh and fum
Fumiter	Fumiter	4.4.3	Lr. IV, 4, 3	headword on cited line							crowned with rank fumiter and furrowweeds
Fur1	Fur,	3.1.14	Lr. III, 1, 14	headword on cited line							keep their fur dry unbonneted he runs
Fur2	Fur,	4.6.169	Lr. IV, 6, 169	headword on cited line							robes and furred gowns hide all plate sin with gold
Furnishings	Furnishings,	3.1.29	Lr. III, 1, 29	quotation on cited line						or something deeper, whereof perchance these are but furnishings	whereof perchance these are but furnishings
Furrow-weeds	Furrow-weeds,	4.4.3	Lr. IV, 4, 3	headword on cited line							crowned with rank fumiter and furrowweeds
Future2	Future,	1.1.45	Lr. I, 1, 45	headword on cited line							our daughters several dowers that future strife
Gad1	Gad,	1.2.26	Lr. I, 2, 26	headword on cited line							upon the gad edmund how now what news
Gale	Gale,	2.2.85	Lr. II, 2, 85	quotation on cited line						every gale and vary of their masters,	with every gale and vary of their masters
Gallow	Gallow,	3.2.44	Lr. III, 2, 44	quotation on cited line						the wrathful skies gallow the very wanderers of the dark,	gallow the very wanderers of the dark
Gap	Gap,	1.2.91	Lr. I, 2, 91	quotation on cited line, with differences			100%		own	a great gap in your honour,	a great gap in your own honour and shake in
Garb	Garb,	2.2.103	Lr. II, 2, 103	quotation on cited line						constrains the garb quite from his nature,	a saucy roughness and constrains the garb
Gather	Gather,	4.6.15	Lr. IV, 6, 15	headword on cited line							hangs one that gathers samphire dreadful trade
Gather	Gather,	4.5.32	Lr. IV, 5, 32	headword on cited line							than for your ladys you may gather more
Gauntlet	Gauntlet,	4.6.91	Lr. IV, 6, 91	headword on cited line							gauntlet ill prove it on a giant bring up the
General1	General,	1.4.65	Lr. I, 4, 65	quotation on cited line						a great abatement of kindness appears as well in the general dependants as in the duke himself,	kindness appears as well in the general
Generation	Generation,	1.1.119	Lr. I, 1, 119	quotation on cited line						he that makes his generation messes,	or he that makes his generation messes
Generous	Generous,	1.2.8	Lr. I, 2, 8	headword on cited line							my mind as generous and my shape as true
Germens	Germens	3.2.8	Lr. III, 2, 8	headword on cited line							crack natures moulds all germens spill at once
Ghasted	Ghasted	2.1.57	Lr. II, 1, 57	quotation on cited line, with differences			83%	ghasted		ghasted by the noise I made,	or whether gasted by the noise i made
Gld	Gíld	5.3.84	Lr. V, 3, 84	headword on cited line							this gilded serpent for your claim fair sister
Gld	Gíld	5.3.13	Lr. V, 3, 13	headword on cited line							at gilded butterflies and hear poor rogues
Gld	Gíld	4.6.114	Lr. IV, 6, 114	quotation on cited line, with differences			67%	a		a gílded fly,	the wren goes tot and the small gilded fly
Girdle1	Girdle,	4.6.128	Lr. IV, 6, 128	headword on cited line							but to the girdle do the gods inherit
Gladly	Gladly,	2.4.295	Lr. II, 4, 295	headword on cited line							for this particular ill receive him gladly
Glance2	Glance,	5.3.148	Lr. V, 3, 148	quotation on cited line						they yet glance by and scarcely bruise,	which for they yet glance by and scarcely bruise
Glare	Glare,	3.6.25	Lr. III, 6, 25	quotation on cited line						look, where he stands and glares,	look where he stands and glares
Glass-gazing	Glass-gazing,	2.2.19	Lr. II, 2, 19	headword on cited line							whoreson glassgazing superserviceable finical
Glib1	Glib,	1.1.227	Lr. I, 1, 227	quotation on cited line						that glib and oily art to speak and purpose not,	if for i want that glib and oily art
Globe	Globe,	2.2.170	Lr. II, 2, 170	headword on cited line							approach thou beacon to this under globe
Goatish	Goatish,	1.2.138	Lr. I, 2, 138	headword on cited line							whoremaster man to lay his goatish disposition to the
Godson	Godson,	2.1.93	Lr. II, 1, 93	headword on cited line							what did my fathers godson seek your life
Goneril	Goneril,	1.1.54	Lr. I, 1, 54	headword on cited line							where nature doth with merit challenge goneril
Good-man	Good-man	2.2.48	Lr. II, 2, 48	headword on cited line							with you goodman boy an you please
Good-man	Good-man	2.2.107	Shr. Ind. 2, 107.	not a Lear citation						my men should call me lord: I am your good-man	
Good-year	Good-year	5.3.24	Lr. V, 3, 24	quotation on cited line						the good-years shall devour them,	the goodyears shall devour them flesh and fell
Gore2	Gore,	5.3.320	Lr. V, 3, 320	headword on cited line							rule in this realm and the gored state sustain
Gorge2	Gorge,	1.1.120	Lr. I, 1, 120	headword on cited line							to gorge his appetite shall to my bosom
Gossamour	Gossamour,	4.6.49	Lr. IV, 6, 49	headword on cited line							hadst thou been aught but gossamer feathers air
Govern	Govern,	4.3.35	Lr. IV, 3, 35	headword on cited line							the stars above us govern our conditions
Govern	Govern,	4.7.19	Lr. IV, 7, 19	quotation on cited line						be governed by your knowledge,	be governed by your knowledge and proceed
Govern	Govern,	5.3.161	V, 3, 161	quotation on cited line						she's desperate: govern her,	after her shes desperate govern her
Graced	Graced,	1.4.267	Lr. I, 4, 267	quotation on cited line						a graced palace,	than a graced palace the shame itself doth speak
Grand	Grand,	2.2.112	Lr. II, 2, 112	quotation on cited line, with differences			86%	grand	great	under the allowance of your grand aspect,	under the allowance of your great aspect
Gratitude	Gratitude,	2.4.182	Lr. II, 4, 182	headword on cited line							effects of courtesy dues of gratitude
Greediness	Greediness,	3.4.96	Lr. III, 4, 96	headword on cited line							in sloth fox in stealth wolf in greediness dog in
Greet	Greet,	5.1.54	Lr. V, 1, 54	quotation on cited line						we will greet the time,	is now urged on you we will greet the time
Greyhound	Greyhound,	3.6.71	Lr. III, 6, 71	headword on cited line							mastiff greyhound mongrel grim
Grime2	Grime,	2.3.9	Lr. II, 3, 9	quotation on cited line						my face I'll grime with filth,	brought near to beast my face ill grime with filth
Grossly	Grossly,	1.1.295	Lr. I, 1, 295	quotation on cited line						appears too grossly	appears too grossly
Grudge2	Grudge,	2.4.177	Lr. II, 4, 177	quotation on cited line						to grudge my pleasures,	to grudge my pleasures to cut off my train
Grumble	Grumble,	3.4.44	Lr. III, 4, 44	headword on cited line							what art thou that dost grumble there
Guess1	Guess,	5.1.52	Lr. V, 1, 52	quotation on cited line						here is the guess of their true strength and forces by diligent discovery,	here is the guess of their true strength and forces
Guessingly	Guessingly,	3.7.47	Lr. III, 7, 47	headword on cited line							i have a letter guessingly set down
Guide1	Guide,	5.3.190	Lr. V, 3, 190	headword on cited line							their precious stones new lost became his guide
Halcyon	Halcyon,	2.2.84	Lr. II, 2, 84	quotation on cited line						turn their halcyon beaks with every gale and vary of their masters,	renege affirm and turn their halcyon beaks
Half1	Half,	2.4.183	Lr. II, 4, 183	quotation on cited line, with differences			89%	of	o	thy half of the kingdom hast thou not forgot,	thy half o the kingdom hast thou not forgot
Half2	Half,	4.6.14	Lr. IV, 6, 14	quotation on cited line						half way down hangs one,	show scarce so gross as beetles half way down
Half2	Half,	3.4.37	Lr. III, 4, 37	quotation on cited line						fathom and half	fathom and half fathom and
Half-blooded	Half-blooded,	5.3.80	Lr. V, 3, 80	headword on cited line							nor in thine lord halfblooded fellow yes
Half-hour	Half-hour,	5.3.193	Lr. V, 3, 193	quotation on cited line						some half-hour past,	until some halfhour past when i was armed
Half-way	Half-way,	4.6.14	Lr. IV, 6, 14	quotation on cited line, with differences			spacing			half-way down hangs one that gathers samphire,	show scarce so gross as beetles half way down
Halloo	Halloo	3.4.79	Lr. III, 4, 79	headword on cited line							halloo halloo loo loo
Handle2	Handle,	4.6.87	Lr. IV, 6, 87	headword on cited line							theres your pressmoney that fellow handles
Handy-dandy	Handy-dandy,	4.6.157	Lr. IV, 6, 157	quotation on cited line						change places, and h., which is the justice, which is the thief?	handydandy which is the justice which is the
Hap2	Hap,	3.6.121	Lr. III, 6, 121	headword on cited line							what will hap more tonight safe scape the king
Haply	Haply	1.1.102	Lr. I, 1, 102	headword on cited line							they loved you all haply when i shall wed
Hard2	Hard,	2.2.162	Lr. II, 2, 162	quotation on cited line						travelled hard	pray do not sir i have watched and travelled hard
Hard2	Hard,	2.4.90	II, 4, 90	headword not found near cited line							they have travelled all the night mere fetches
Hard2	Hard,	4.6.177	Lr. IV, 6, 177	quotation on cited line						pull off my boots: harder, harder,	pull off my boots harder harder so
Hard2	Hard,	3.7.32	Lr. III, 7, 32	quotation on cited line, with differences			100%		i say	bind him hard	bind him i say hard hard o filthy traitor
Hard2	Hard,	3.2.61	Lr. III, 2, 61	quotation on cited line						hard by here,	gracious my lord hard by here is a hovel
Hardly	Hardly,	5.1.61	Lr. V, 1, 61	quotation on cited line						and hardly shall I carry out my side,	and hardly shall i carry out my side
Hardness	Hardness,	3.6.82	Lr. III, 6, 82	quotation not found; headword not found near cited line						that makes this hardness	in nature that makes these hard hearts
Hardock	Hardock,	4.4.4	Lr. IV, 4, 4	headword not found near cited line							with burdocks hemlock nettles cuckoo flowers
Hare-lip	Hare-lip,	3.4.123	Lr. III, 4, 123	headword on cited line							makes the harelip mildews the white wheat
Harmful	Harmful,	1.4.367	Lr. I, 4, 367	headword on cited line							than praised for harmful mildness
Harmful	Harmful,	4.2.77	IV, 2, 77	headword on cited line							but not without that harmful stroke which since
Harshness	Harshness,	2.4.175	Lr. II, 4, 175	quotation on cited line, with differences			90%	tenderhefted	tenderdefted	thy tender-hefted nature shall not give thee o'er to harshness	thee oer to harshness her eyes are fierce but thine
Hasten	Hasten,	1.4.363	Lr. I, 4, 363	headword on cited line							and hasten your return no no my lord
Hasten	Hasten,	4.2.16	IV, 2, 16	headword on cited line							hasten his musters and conduct his powers
Hasty	Hasty,	2.4.178	Lr. II, 4, 178	headword on cited line							to bandy hasty words to scant my sizes
Hatch2	Hatch,	3.6.76	Lr. III, 6, 76	quotation on cited line						leap the hatch	dogs leap the hatch and all are fled
Haunt2	Haunt,	3.6.31	Lr. III, 6, 31	headword on cited line							the foul fiend haunts poor tom in the
Hay1	Hay,	2.4.128	Lr. II, 4, 128	headword on cited line							his hay
Headlong1	Headlong,	4.6.24	Lr. IV, 6, 24	headword on cited line							topple down headlong set me where you stand
Headlugged	Headlugged,	4.2.42	Lr. IV, 2, 42	quotation on cited line						the headlugged bear,	whose reverence even the headlugged bear would lick
Head-piece	Head-piece,	3.2.26	Lr. III, 2, 26	headword on cited line							has a good headpiece
Head-piece	Head-piece,	3.2.26	Lr. III, 2, 26	headword on cited line							has a good headpiece
Heady	Heady,	2.4.111	Lr. II, 4, 111	headword on cited line						--ier,	and am falln out with my more headier will
Heart-struck	Heart-struck	3.1.17	Lr. III, 1, 17	quotation on cited line						his heart-struck injuries,	his heartstruck injuries sir i do know you
Hearty	Hearty,	4.6.228	Lr. IV, 6, 228	headword on cited line							ill lead you to some biding hearty thanks
Hecate	Hecate	1.1.112	Lr. I, 1, 112	headword on cited line							the mysteries of hecate and the night
Hedge-sparrow	Hedge-sparrow,	1.4.235	Lr. I, 4, 235	headword on cited line							the hedgesparrow fed the cuckoo so long
Height	Height,	4.6.58	Lr. IV, 6, 58	quotation on cited line, with differences			spacing			look up a height	look up aheight the shrillgorged lark so far
Hell-black	Hell-black,	3.7.60	Lr. III, 7, 60	quotation on cited line						hell-black night,	in hellblack night endured would have buoyed up
Hell-hated	Hell-hated,	5.3.147	Lr. V, 3, 147	quotation on cited line						the hell-hated lie,	with the hellhated lie oerwhelm thy heart
Hemlock	Hemlock,	4.4.4	Lr. IV, 4, 4	headword on cited line							with burdocks hemlock nettles cuckoo flowers
Heretic	Heretic,	3.2.84	Lr. III, 2, 84	headword on cited line							no heretics burned but wenches suitors
Heretofore	Heretofore,	1.2.74	Lr. I, 2, 74	quotation on cited line						hath he never heretofore sounded you?	hath he never heretofore sounded you
Herring	Herring,	3.6.33	Lr. III, 6, 33	quotation on cited line						two white herring	belly for two white herring croak not black
Hers	Hers,	2.2.97	Lr. II, 2, 97	headword on cited line							no more perchance does mine nor his nor hers
Hers	Hers,	5.1.13	Lr. V, 1, 13	headword on cited line							and bosomed with her as far as we call hers
Hers	Hers,	1.1.267	Lr. I, 1, 267	quotation on cited line						nor shall ever see that face of hers again,	that face of hers again therefore be gone
Hewgh	Hewgh	4.6.93	Lr. IV, 6, 93	headword on cited line							the clout hewgh give the word
Hideous	Hideous,	1.4.282	Lr. I, 4, 282	headword on cited line							more hideous when thou showst thee in a child
Hideous	Hideous,	1.1.153	Lr. I, 1, 153	quotation on cited line						check this hideous rashness,	this hideous rashness answer my life my judgement
High3	High,	4.6.22	Lr. IV, 6, 22	quotation on cited line						cannot be heard so high	cannot be heard so high ill look no more
High-engendered	High-engendered,	3.2.23	Lr. III, 2, 23	quotation on cited line, with differences			spacing			your high-engendered battles,	your high engendered battles gainst a head
High-grown	High-grown,	4.4.7	Lr. IV, 4, 7	quotation on cited line						the high-grown field,	search every acre in the highgrown field
High-judging	High-judging,	2.4.231	Lr. II, 4, 231	headword on cited line							nor tell tales of thee to highjudging jove
Himself	Himself,	1.3.6	Lr. I, 3, 6	headword on cited line							his knights grow riotous and himself upbraids us
Hire2	Hire,	1.4.105	Lr. I, 4, 105	headword on cited line							let me hire him too heres my
Hiss2	Hiss,	3.6.17	Lr. III, 6, 17	headword on cited line							come hissing in upon em
History1	History,	1.1.239	Lr. I, 1, 239	quotation on cited line						often leaves the history unspoke that it intends to do,	which often leaves the history unspoke
Hitherward	Hitherward,	4.4.21	Lr. IV, 4, 21	headword on cited line							the british powers are marching hitherward
Hobbididance	Hobbididance	4.1.62	Lr. IV, 1, 62	headword on cited line							of lust as obidicut hobbididance prince of
Hold1	Hold,	2.4.73	Lr. II, 4, 73	quotation on cited line						let go thy hold when a great wheel runs down a hill,	go thy hold when a great wheel runs down a hill
Hold1	Hold,	3.4.156	Lr. III, 4, 156	quotation on cited line						let this tyrannous night take hold upon you,	and let this tyrannous night take hold upon you
Hold1	Hold,	4.6.238	IV, 6, 238	quotation on cited line						lest that the infection of his fortune take like hold on thee,	like hold on thee let go his arm
Holla1	Holla,	5.3.72	Lr. V, 3, 72	quotation on cited line						holla h., that eye that told you so looked but a-squint,	that eye that told you so looked but asquint
Holla2	Holla,	3.1.55	Lr. III, 1, 55	quotation on cited line						he that first lights on him holla the other,	holla the other
Hollo2	Hollo,	3.1.55	Lr. III, 1, 55	quotation on cited line, with differences			67%	hollo		hollo the other,	holla the other
Hollow1	Hollow,	2.3.2	Lr. II, 3, 2	quotation on cited line						by the happy hollow of a tree,	and by the happy hollow of a tree
Hollowness	Hollowness,	1.1.156	Lr. I, 1, 156	quotation on cited line						whose low sound reverbs no hollowness	reverbs no hollowness kent on thy life no more
Hollowness	Hollowness,	1.2.122	I, 2, 122	quotation on cited line, with differences			67%	hollowness	hollownwss	machinations, h., treachery,	seen the best of our time machinations
Holy-water	Holy-water,	3.2.10	Lr. III, 2, 10	quotation on cited line						court holy-water	o nuncle court holywater in a dry
Honest-hearted	Honest-hearted,	1.4.20	Lr. I, 4, 20	headword on cited line							a very honesthearted fellow and as
Honoured	Honoured,	5.1.9	Lr. V, 1, 9	quotation on cited line						in honoured love,	do you not love my sister in honoured love
Hopdance	Hopdance,	3.6.32	Lr. III, 6, 32	headword on cited line							voice of a nightingale hopdance cries in toms
Horrible	Horrible,	2.3.17	Lr. II, 3, 17	headword on cited line							and with this horrible object from low farms
Horrible	Horrible,	3.2.19	III, 2, 19	headword on cited line							your horrible pleasure here i stand your slave
Horrible	Horrible,	4.6.3	Lr. IV, 6, 3	quotation on cited line						horrible steep,	methinks the ground is even horrible steep
Horrid	Horrid	3.2.46	Lr. III, 2, 46	headword on cited line							such sheets of fire such bursts of horrid thunder
Horrid	Horrid	3.7.87	III, 7, 87	headword on cited line							to quit this horrid act out treacherous villain
Horrid	Horrid	4.2.61	IV, 2, 61	headword on cited line							so horrid as in woman o vain fool
Horse-way	Horse-way,	4.1.58	Lr. IV, 1, 58	headword on cited line							both stile and gate horseway and
Hospitable	Hospitable,	3.7.40	Lr. III, 7, 40	headword on cited line							with robbers hands my hospitable favours
Hot-blooded	Hot-blooded,	2.4.215	Lr. II, 4, 215	quotation on cited line						the hot-blooded France,	why the hotblooded france that dowerless took
Hotly	Hotly,	4.6.166	Lr. IV, 6, 166	headword on cited line							thou hotly lustst to use her in that kind
Hourly1	Hourly,	4.6.218	Lr. IV, 6, 218	headword on cited line							stands on the hourly thought i thank you sir thats all
Hourly2	Hourly,	1.4.222	Lr. I, 4, 222	headword on cited line							do hourly carp and quarrel breaking forth
Hourly2	Hourly,	5.3.185	V, 3, 185	headword on cited line							that we the pain of death would hourly die
House2	House,	3.2.27	Lr. III, 2, 27	quotation on cited line						the cod-piece that will house	the codpiece that will house
Hovel2	Hovel,	4.7.39	Lr. IV, 7, 39	quotation on cited line, with differences			100%		poor father	wast thou fain to hovel thee with swine,	to hovel thee with swine and rogues forlorn
Howeer	Howe'er,	4.2.66	Lr. IV, 2, 66	quotation on cited line						howe'er thou art a fiend, a woman's shape doth shield thee,	thy flesh and bones howeer thou art a fiend
However	However,	2.1.119	Lr. II, 1, 119	quotation on cited line						truly, however else,	truly however else for him i thank your grace
Howl2	Howl,	3.7.63	Lr. III, 7, 63	headword on cited line							if wolves had at thy gate howled that stern time
Howl2	Howl,	5.3.257	Lr. V, 3, 257	headword on cited line							howl howl howl howl o you are men of stones
Humanity	Humanity,	4.2.49	Lr. IV, 2, 49	quotation on cited line						humanity must perforce prey on itself,	humanity must perforce prey on itself
Humble2	Humble,	4.1.68	Lr. IV, 1, 68	headword on cited line							have humbled to all strokes that i am wretched
Hundred	Hundred,	3.6.83	Lr. III, 6, 83	quotation on cited line, with differences			88%	you		I entertain you for one of my hundred	you sir i entertain for one of my hundred
Hundred-pound	Hundred-pound,	2.2.17	Lr. II, 2, 17	quotation on cited line, with differences			80%	a		a h., filthy, worsted-stocking knave,	threesuited hundredpound filthy worstedstocking
Hunt1	Hunt,	2.3.3	Lr. II, 3, 3	quotation on cited line						escaped the hunt	escaped the hunt no port is free no place
Hurricano	Hurricano,	3.2.2	Lr. III, 2, 2	quotation on cited line						you cataracts and hurricanoes, spout till you have drenched our steeples,	you cataracts and hurricanoes spout
Hurtless	Hurtless,	4.6.170	Lr. IV, 6, 170	quotation on cited line						the strong lance of justice hurtless breaks,	and the strong lance of justice hurtless breaks
Husband2	Husband,	5.3.70	Lr. V, 3, 70	quotation on cited line						if he should husband you,	that were the most if he should husband you
Idle1	Idle,	4.4.5	Lr. IV, 4, 5	quotation on cited line						all the idle weeds that grow in our sustaining corn,	darnel and all the idle weeds that grow
Idle1	Idle,	4.6.21	IV, 6, 21	quotation on cited line						the unnumbered idle pebbles,	that on the unnumbered idle pebbles chafes
Idle1	Idle,	1.2.51	Lr. I, 2, 51	quotation on cited line						an idle and fond bondage,	cannot relish them i begin to find an idle and
Idle1	Idle,	1.3.16	I, 3, 16	quotation on cited line						idle old man,	not to be overruled idle old man
Ignobly	Ignobly,	3.7.35	Lr. III, 7, 35	headword on cited line							by the kind gods tis most ignobly done
Illustrious	Illustrious,	5.3.135	Lr. V, 3, 135	headword not found near cited line							conspirant gainst this highillustrious prince
Immediacy	Immediacy,	5.3.65	Lr. V, 3, 65	quotation on cited line						he led our powers; bore the commission of my place and person; the which immediacy may well stand up and call itself your brother,	the which immediacy may well stand up
Impatience	Impatience,	3.6.5	Lr. III, 6, 5	headword on cited line							way to his impatience the gods reward your
Imperfect	Imperfect,	4.3.3	Lr. IV, 3, 3	quotation on cited line						something he left imperfect in the state,	something he left imperfect in the state
Imperfect	Imperfect,	4.6.5	Lr. IV, 6, 5	headword on cited line							why then your other senses grow imperfect
Impertinency	Impertinency,	4.6.178	Lr. IV, 6, 178	quotation on cited line						O matter and impertinency mixed,	o matter and impertinency mixed
Impetuous	Impetuous,	3.1.8	Lr. III, 1, 8	headword on cited line							which the impetuous blasts with eyeless rage
Import2	Import,	4.3.5	Lr. IV, 3, 5	quotation on cited line						which imports to the kingdom so much fear and danger,	which imports to the kingdom so much fear and
Import2	Import,	4.5.6	Lr. IV, 5, 6	quotation on cited line						what might import my sister's letter to him?	what might import my sisters letter to him
Important	Important,	4.4.26	Lr. IV, 4, 26	quotation on cited line						France my mourning and important tears hath pitied,	my mourning and important tears hath pitied
Importuned	Importuned,	4.4.26	Lr. IV, 4, 26	quotation on cited line, with differences			80%	importuned	important	my mourning and importuned tears,	my mourning and important tears hath pitied
Impose2	Impose,	2.4.26	Lr. II, 4, 26	headword on cited line							thou mightst deserve or they impose this usage
Impossibility	Impossibility,	4.6.74	Lr. IV, 6, 74	headword on cited line							of mens impossibilities have preserved thee
Impossible	Impossible,	2.4.245	Lr. II, 4, 245	headword on cited line							hold amity tis hard almost impossible
Impress3	Impréss,	5.3.51	Lr. V, 3, 51	headword off by 1	5.3.50	-1					which do command them with him i sent the queen
Impress3	Impréss,	5.3.51	Lr. V, 3, 51	headword off by 1	5.3.50	-1					which do command them with him i sent the queen
Imprison	Imprison,	3.4.140	Lr. III, 4, 140	prose row break	3.4.141	1					tithing to tithing and stock punished and
Improper	Improper,	5.3.221	Lr. V, 3, 221	quotation on cited line						service improper for a slave,	improper for a slave
In2	In,	3.2.12	Lr. III, 2, 12	quotation on cited line						in, and ask thy daughter's blessing,	good nuncle in and ask thy daughters blessing
In2	In,	3.4.26	III, 4, 26	quotation on cited line						in, boy,	in boy go first you houseless poverty
In2	In,	5.3.15	Lr. V, 3, 15	quotation on cited line						who's in, who's out,	who loses and who wins whos in whos out
In-a-door	In-a-door	1.4.138	Lr. I, 4, 138	headword on cited line							and keep inadoor
Incense	Incense,	5.3.21	Lr. V, 3, 21	headword on cited line							the gods themselves throw incense have i caught thee
Incestuous	Incestuous,	3.2.55	Lr. III, 2, 55	headword on cited line							that art incestuous caitiff to pieces shake
Incite	Incite,	4.4.27	Lr. IV, 4, 27	quotation on cited line						no blown ambition doth our arms incite	no blown ambition doth our arms incite
Incline	Incline,	3.3.14	Lr. III, 3, 14	quotation on cited line						we must incline to the king,	power already footed we must incline to the
Inclining	Inclining,	3.3.14	Lr. III, 3, 14	headword on cited line							power already footed we must incline to the
Incur	Incur,	5.3.4	Lr. V, 3, 4	headword on cited line							who with best meaning have incurred the worst
Indignation	Indignation,	1.2.86	Lr. I, 2, 86	headword on cited line							shall please you to suspend your indignation
Indiscretion	Indiscretion,	2.4.199	Lr. II, 4, 199	quotation on cited line						all's not offence that indiscretion finds and dotage terms so,	alls not offence that indiscretion finds
Indisposed	Indisposed,	2.4.112	Lr. II, 4, 112	quotation on cited line						to take the indisposed and sickly fit for the sound man,	to take the indisposed and sickly fit
Infection	Infection,	4.6.237	Lr. IV, 6, 237	headword on cited line							lest that the infection of his fortune take
Infirm	Infirm,	1.1.302	Lr. I, 1, 302	headword on cited line							waywardness that infirm and choleric years bring
Infirm	Infirm,	3.2.20	III, 2, 20	headword on cited line							a poor infirm weak and despised old man
Inflame	Inflame,	1.1.258	Lr. I, 1, 258	headword on cited line							my love should kindle to inflamed respect
Influence	Influence,	1.2.136	Lr. I, 2, 136	headword on cited line							influence and all that we are evil in by a divine
Influence	Influence,	2.2.113	II, 2, 113	headword on cited line							whose influence like the wreath of radiant fire
Ingenious1	Ingenious,	4.6.287	Lr. IV, 6, 287	quotation on cited line						I stand up and have ingenious feeling of my huge sorrows,	that i stand up and have ingenious feeling
Ingratitude	Ingratitude,	1.4.281	Lr. I, 4, 281	headword on cited line							ingratitude thou marblehearted fiend
Ingratitude	Ingratitude,	1.5.44	I, 5, 44	headword on cited line							ingratitude
Ingratitude	Ingratitude,	3.4.14	III, 4, 14	headword on cited line							save what beats there filial ingratitude
Inherit	Inherit,	4.6.128	Lr. IV, 6, 128	quotation on cited line						but to the girdle do the gods inherit	but to the girdle do the gods inherit
Injunction	Injunction,	3.4.155	Lr. III, 4, 155	headword on cited line							though their injunction be to bar my doors
Innocent3	Innocent,	3.6.8	Lr. III, 6, 8	quotation on cited line						pray, i., and beware the foul fiend,	is an angler in the lake of darkness pray
Insolent	Insolent,	1.4.221	Lr. I, 4, 221	headword on cited line							but other of your insolent retinue
Instant1	Instant,	2.1.115	Lr. II, 1, 115	quotation on cited line						whose virtue and obedience doth this instant so much commend itself,	whose virtue and obedience doth this instant
Instant1	Instant,	1.2.177	Lr. I, 2, 177	headword on cited line							heat of his displeasure which at this instant so
Instant1	Instant,	2.2.101	II, 2, 101	headword on cited line							before me at this instant this is some fellow
Instant1	Instant,	5.3.229	Lr. V, 3, 229	headword on cited line							now marry in an instant here comes kent
Instant2	Instant,	1.4.268	Lr. I, 4, 268	headword on cited line							for instant remedy be then desired
Instant2	Instant,	2.1.130	II, 1, 130	headword on cited line							which craves the instant use i serve you madam
Instant2	Instant,	5.3.149	V, 3, 149	headword on cited line							this sword of mine shall give them instant way
Insult	Insult,	2.2.126	Lr. II, 2, 126	quotation on cited line						being down, insulted,	tripped me behind being down insulted railed
Intelligent	Intelligent,	3.1.25	Lr. III, 1, 25	quotation on cited line, with differences			92%	of	to	which are to France the spies and speculations intelligent of our state,	intelligent to our state what hath been seen
Intelligent	Intelligent,	3.5.12	III, 5, 12	quotation on cited line						which approves him an intelligent party to the advantages of France,	of which approves him an intelligent party to the
Intelligent	Intelligent,	3.7.12	III, 7, 12	quotation on cited line						our posts shall be swift and intelligent betwixt us,	be swift and intelligent betwixt us farewell
Interlude	Interlude,	5.3.89	Lr. V, 3, 89	headword on cited line							my lady is bespoke an interlude
Intermission	Intermission	2.4.33	Lr. II, 4, 33	quotation on cited line						delivered letters spite of intermission	delivered letters spite of intermission
Intrinse	Intrinse,	2.2.81	Lr. II, 2, 81	quotation on cited line, with differences			91%	to	t	bite the holy cords a-twain which are too intrinse to unloose,	which are too intrinse t unloose smooth every passion
Invade	Invade,	1.1.146	Lr. I, 1, 146	quotation on cited line						though the fork invade the region of my heart,	let it fall rather though the fork invade
Invade	Invade,	3.4.7	III, 4, 7	quotation on cited line						this contentious storm invades us to the skin,	invades us to the skin so tis to thee
Invade	Invade,	5.1.25	Lr. V, 1, 25	quotation on cited line						France invades our land,	it toucheth us as france invades our land
Invention	Invention,	1.2.20	Lr. I, 2, 20	quotation on cited line						my invention thrive,	and my invention thrive edmund the base
Invest	Invest,	1.1.132	Lr. I, 1, 132	quotation on cited line, with differences			100%		jointly	invest you with my power,	i do invest you jointly with my power
Invest	Invest,	5.3.69	V, 3, 69	quotation on cited line						in my rights by me invested,	by me invested he compeers the best
Jakes	Jakes,	2.2.72	Lr. II, 2, 72	headword on cited line							the walls of a jakes with him spare my gray
Jar2	Jar,	4.7.16	Lr. IV, 7, 16	headword on cited line							the untuned and jarring senses o wind up
Jar2	Jar,	4.7.32	Lr. IV, 7, 32	headword not found near cited line							to be opposed against the warring winds
Jelly	Jelly,	3.7.83	Lr. III, 7, 83	headword on cited line							lest it see more prevent it out vile jelly
Jointly	Jointly,	1.1.132	Lr. I, 1, 132	quotation on cited line						I do invest you jointly with my power,	i do invest you jointly with my power
Joint-stool	Joint-stool	3.6.54	Lr. III, 6, 54	prose row break	3.6.55	1					cry you mercy i took you for a
Jolly	Jolly,	3.6.43	Lr. III, 6, 43	headword on cited line							sleepest or wakest thou jolly shepherd
Jovial	Jovial,	4.6.203	Lr. IV, 6, 203	headword on cited line							i will be jovial come come i am a king
Judicious	Judicious,	3.4.76	Lr. III, 4, 76	headword on cited line							judicious punishment twas this flesh begot
Jug2	Jug,	1.4.245	Lr. I, 4, 245	quotation on cited line						whoop, J., I love thee,	draws the horse whoop jug i love thee
Justicer	Justicer,	3.6.59	Lr. III, 6, 59	headword on cited line							false justicer why hast thou let her scape
Justicer	Justicer,	3.6.23	Lr. III, 6, 23	headword on cited line							come sit thou here most learned justicer
Justicer	Justicer,	4.2.79	IV, 2, 79	headword on cited line							you justicers that these our nether crimes
Justification	Justification,	1.2.46	Lr. I, 2, 46	headword on cited line							i hope for my brothers justification
Justly	Justly,	3.6.42	Lr. III, 6, 42	quotation on cited line						let us deal justly	let us deal justly
Justly	Justly,	1.1.186	Lr. I, 1, 186	quotation on cited line, with differences			88%	thinkest	thinkst	that justly thinkest and hast most rightly said,	that justly thinkst and hast most rightly said
Justly	Justly,	3.4.83	III, 4, 83	quotation on cited line						keep thy word justly	parents keep thy word justly swear not
Keep2	Keep,	1.4.217	Lr. I, 4, 217	quotation on cited line						he that keeps nor crust nor crum,	he that keeps nor crust nor crum
Keep2	Keep,	2.4.255	II, 4, 255	quotation on cited line						but kept a reservation,	but kept a reservation to be followed
Keep2	Keep,	2.4.255	II, 4, 255	quotation not found; headword not found near cited line						to keep her still, and men in awe,	but kept a reservation to be followed
Keep2	Keep,	1.4.195	Lr. I, 4, 195	quotation on cited line						keep a schoolmaster,	prithee nuncle keep a schoolmaster that can
Keep2	Keep,	3.2.50	Lr. III, 2, 50	quotation on cited line						keep this dreadful pother,	that keep this dreadful pother oer our heads
Keep2	Keep,	1.5.22	Lr. I, 5, 22	quotation on cited line						to keep one's eyes of either side's nose,	why to keep ones eyes of either sides
Keep2	Keep,	1.4.138	Lr. I, 4, 138	quotation on cited line						keep in-a-door,	and keep inadoor
Keep2	Keep,	3.4.181	Lr. III, 4, 181	quotation on cited line						I will keep still with my philosopher,	i will keep still with my philosopher
Kennel1	Kennel,	1.4.124	Lr. I, 4, 124	quotation on cited line						truth's a dog must to kennel	truths a dog must to kennel he must
Kibe	Kibe,	1.5.9	Lr. I, 5, 9	headword on cited line							not in danger of kibes
Kick	Kick,	3.6.50	Lr. III, 6, 50	headword on cited line							she kicked the poor king her father
Kin1	Kin,	1.4.199	Lr. I, 4, 199	headword on cited line							i marvel what kin thou and thy
Knap2	Knap,	2.4.125	Lr. II, 4, 125	quotation on cited line, with differences			62%	knaped them othe	put em i the paste alive she knapped em o the	she knaped them o'the coxcombs with a stick,	knapped em o the coxcombs with a stick and cried
Knee2	Knee,	2.4.217	Lr. II, 4, 217	quotation on cited line						I could as well be brought to knee his throne,	to knee his throne and squirelike pension beg
Knighthood	Knighthood,	5.3.145	Lr. V, 3, 145	headword on cited line							by rule of knighthood i disdain and spurn
Knowledge	Knowledge,	3.1.41	Lr. III, 1, 41	quotation on cited line						from some knowledge and assurance,	and from some knowledge and assurance offer
Knowledge	Knowledge,	4.6.291	Lr. IV, 6, 291	quotation on cited line						lose the knowledge of themselves,	the knowledge of themselves give me your hand
Knowledge	Knowledge,	1.4.253	Lr. I, 4, 253	quotation on cited line						by the marks of sovereignty, knowledge and reason,	of sovereignty knowledge and reason i should
Knowledge	Knowledge,	4.7.19	Lr. IV, 7, 19	quotation on cited line						be governed by your knowledge	be governed by your knowledge and proceed
La2	La,	1.2.149	Lr. I, 2, 149	quotation on cited line						fa, sol, la, mi,	portend these divisions fa sol la mi
Labour2	Labour,	4.6.2	Lr. IV, 6, 2	quotation on cited line						you do climb up it now: look, how we labour	you do climb up it now look how we labour
Labour2	Labour,	3.1.16	Lr. III, 1, 16	headword on cited line							none but the fool who labours to outjest
Labour2	Labour,	2.4.69	Lr. II, 4, 69	quotation on cited line, with differences			83%	in	i	there's no labouring in the winter,	teach thee theres no labouring i the winter
Lag2	Lag,	1.2.6	Lr. I, 2, 6	quotation on cited line, with differences			100%		twelve or	some fourteen moonshines lag of a brother,	lag of a brother why bastard wherefore base
Lake	Lake,	3.6.8	Lr. III, 6, 8	headword on cited line							is an angler in the lake of darkness pray
Lameness	Lameness,	2.4.166	Lr. II, 4, 166	headword on cited line							you taking airs with lameness fie sir fie
Lance2	Lance,	2.1.54	Lr. II, 1, 54	headword on cited line							my unprovided body lanced mine arm
Large	Large,	1.1.187	Lr. I, 1, 187	quotation on cited line						your large speeches,	and your large speeches may your deeds approve
Large	Large,	1.1.53	Lr. I, 1, 53	quotation on cited line						our largest bounty,	that our largest bounty may extend
Large	Large,	1.1.53	Lr. I, 1, 53	headword on cited line	1.1.133-134		100%			the large effects that troop with majesty,	that our largest bounty may extend
Lash2	Lash,	4.6.165	Lr. IV, 6, 165	headword on cited line							why dost thou lash that whore strip thine own back
Latch2	Latch,	2.1.54	Lr. II, 1, 54	headword not found near cited line							my unprovided body lanced mine arm
Lately	Lately,	3.4.173	Lr. III, 4, 173	headword on cited line							but lately very late i loved him friend
Launch2	Launch,	2.1.54	Lr. II, 1, 54	quotation on cited line, with differences			67%	launched		launched mine arm,	my unprovided body lanced mine arm
Lawyer	Lawyer,	1.4.143	Lr. I, 4, 143	headword on cited line							lawyer you gave me nothing fort can you
Leak1	Leak,	3.6.28	Lr. III, 6, 28	headword on cited line							her boat hath a leak
Leap2	Leap,	4.6.27	Lr. IV, 6, 27	quotation on cited line						leap upright,	would i not leap upright let go my hand
Leap2	Leap,	3.6.76	Lr. III, 6, 76	quotation on cited line						dogs leap the hatch,	dogs leap the hatch and all are fled
Lear	Lear,	1.1.141	Lr. I, 1, 141	headword on cited line							this coronet part betwixt you royal lear
Least2	Least,	1.4.154	Lr. I, 4, 154	headword not found near cited line							that lord that counselled thee
Leave-taking	Leave-taking,	1.1.306	Lr. I, 1, 306	prose row break	1.1.307	1					there is further compliment of
Lecher1	Lecher,	3.4.117	Lr. III, 4, 117	headword on cited line							wild field were like an old lechers heart a small
Lecher1	Lecher,	4.6.282	IV, 6, 282	headword on cited line							of murderous lechers and in the mature time
Lecher2	Lecher,	4.6.115	Lr. IV, 6, 115	headword on cited line							does lecher in my sight
Lecherous	Lecherous,	1.2.142	Lr. I, 2, 142	headword on cited line							follows i am rough and lecherous tut i should
Leisure	Leisure,	2.4.232	Lr. II, 4, 232	quotation on cited line						be better at thy leisure	mend when thou canst be better at thy leisure
Leisure	Leisure,	2.4.37	Lr. II, 4, 37	headword on cited line							the leisure of their answer gave me cold looks
Lender	Lender,	3.4.100	Lr. III, 4, 100	headword on cited line							thy hand out of plackets thy pen from lenders
Lendings	Lendings,	3.4.113	Lr. III, 4, 113	quotation on cited line						off, off, you lendings	forked animal as thou art off off you lendings
Less1	Less,	1.1.83	Lr. I, 1, 83	quotation on cited line						no less in space,	no less in space validity and pleasure
Less1	Less,	5.3.167	Lr. V, 3, 167	headword on cited line							i am no less in blood than thou art edmund
Less1	Less,	1.4.132	Lr. I, 4, 132	headword on cited line							speak less than thou knowest
Less2	Less,	1.102.2	102, 2	not a Lear citation						I love not less	
Lesser1	Lesser,	3.4.9	Lr. III, 4, 9	headword on cited line	3.4.8		100%			malady,	the lesser is scarce felt thouldst shun a bear
Let-alone	Let-alone,	5.3.79	Lr. V, 3, 79	quotation on cited line, with differences			100%		not	the let-alone lies not in your good will,	the letalone lies not not in your good will
Lethargied	Lethargied,	1.4.249	Lr. I, 4, 249	quotation on cited line						his discernings are lethargied	are lethargied ha waking tis not so
Lift	Lift	3.4.16	Lr. III, 4, 16	quotation on cited line, with differences			75%	it		lifting food to it,	for lifting food to t but i will punish home
Light2	Light,	4.6.151	Lr. IV, 6, 151	headword on cited line							light yet you see how this world goes
Light6	Light,	3.4.70	Lr. III, 4, 70	headword on cited line							hang fated oer mens faults light on thy daughters
Lightning	Lightning,	2.4.167	Lr. II, 4, 167	headword on cited line							you nimble lightnings dart your blinding flames
Lightning	Lightning,	4.7.35	IV, 7, 35	headword on cited line							of quick cross lightning to watch poor perdu
Lily-livered	Lily-livered,	2.2.18	Lr. II, 2, 18	headword on cited line							knave a lilylivered actiontaking knave a
Lipsbury	Lipsbury,	2.2.9	Lr. II, 2, 9	quotation on cited line						if I had thee in Lipsbury pinfold, I would make thee care for me,	if i had thee in lipsbury pinfold i
List2	List,	5.3.112	Lr. V, 3, 112	quotation off by 1	5.3.110-111	-1	100%			if any man of quality or degree within the lists of the army will maintain,	edmund supposed earl of gloucester that he is
List4	List,	5.3.61	Lr. V, 3, 61	headword on cited line							not as a brother thats as we list to grace him
List	List,	5.3.181	Lr. V, 3, 181	headword on cited line							by nursing them my lord list a brief tale
Litter1	Litter,	3.6.97	Lr. III, 6, 97	headword on cited line							there is a litter ready lay him in t
Living	Living,	1.4.120	Lr. I, 4, 120	headword on cited line							if i gave them all my living ild keep
Loath	Loath,	1.1.273	Lr. I, 1, 273	headword on cited line							and like a sister am most loath to call
Loathly2	Loathly,	2.1.51	Lr. II, 1, 51	quotation on cited line						how loathly opposite I stood to his unnatural purpose,	seeing how loathly opposite i stood
Long-engraffed	Long-engraffed	1.1.301	Lr. I, 1, 301	headword on cited line							longengraffed condition but therewithal the unruly
Looking-glass	Looking-glass,	5.3.261	Lr. V, 3, 261	headword on cited line							shes dead as earth lend me a lookingglass
Looped	Looped,	3.4.31	Lr. III, 4, 31	quotation on cited line						how shall your houseless heads and unfed sides, your looped and windowed raggedness defend you,	your looped and windowed raggedness defend you
Loosen	Loosen,	5.1.19	Lr. V, 1, 19	quotation on cited line						I had rather lose the battle than that sister should loosen him and me,	should loosen him and me
Louse2	Louse,	3.2.29	Lr. III, 2, 29	quotation on cited line						the head and he shall louse	the head and he shall louse
Low1	Low,	2.2.149	Lr. II, 2, 149	quotation on cited line						your purposed low correction,	will check him fort your purposed low correction
Low1	Low,	2.3.17	II, 3, 17	quotation on cited line						low farms,	and with this horrible object from low farms
Low1	Low,	4.1.3	Lr. IV, 1, 3	quotation on cited line						the lowest and most dejected thing of fortune,	the lowest and most dejected thing of fortune
Low1	Low,	1.1.155	Lr. I, 1, 155	quotation on cited line						whose low sound reverbs no hollowness,	nor are those emptyhearted whose low sound
Low1	Low,	5.3.273	V, 3, 273	quotation on cited line						her voice was ever soft, gentle, and low	gentle and low an excellent thing in woman
Lowness	Lowness,	3.4.73	Lr. III, 4, 73	quotation on cited line						nothing could have subdued nature to such a lowness but his unkind daughters,	to such a lowness but his unkind daughters
Lubber	Lubber,	1.4.101	Lr. I, 4, 101	headword on cited line							your lubbers length again tarry but away go
Lunatic1	Lunatic,	2.3.19	Lr. II, 3, 19	headword on cited line							sometime with lunatic bans sometime with prayers
Lunatic1	Lunatic,	3.7.46	III, 7, 46	headword on cited line							to whose hands have you sent the lunatic king speak
Lust2	Lust,	4.6.166	Lr. IV, 6, 166	quotation on cited line, with differences			86%	lustest whippest	lustst whippst	thou hotly lustest to use her in that kind for which thou whippest her,	thou hotly lustst to use her in that kind
Lust-dieted	Lust-dieted,	4.1.70	Lr. IV, 1, 70	quotation on cited line						the superfluous and lust-dieted man,	let the superfluous and lustdieted man
Lustre	Lustre,	3.7.84	Lr. III, 7, 84	headword on cited line							where is thy lustre now
Lusty	Lusty,	1.2.11	Lr. I, 2, 11	quotation on cited line						who, in the lusty stealth of nature, take more composition,	who in the lusty stealth of nature take
Luxury	Luxury,	4.6.119	Lr. IV, 6, 119	headword on cited line	4.6.187-188		67%	luxury	this great stage of fools this a good block	to it, luxury	tot luxury pellmell for i lack soldiers
Lym	Lym,	3.6.72	Lr. III, 6, 72	headword on cited line							hound or spaniel brach or lym
Machination	Machination,	1.2.122	Lr. I, 2, 122	quotation on cited line, with differences			67%	hollowness	hollownwss	machinations, hollowness, treachery,	seen the best of our time machinations
Machination	Machination,	5.1.46	V, 1, 46	quotation on cited line						your business of the world hath so an end, and machination ceases,	and machination ceases fortune love you
Mad2	Mad,	4.2.43	Lr. IV, 2, 43	headword on cited line							most barbarous most degenerate have you madded
Mahu	Mahu,	3.4.149	Lr. III, 4, 149	headword on cited line							modo hes called and mahu
Mahu	Mahu,	4.1.63	IV, 1, 63	headword on cited line							dumbness mahu of stealing modo of murder
Maidenly	Maidenly,	1.2.143	Lr. I, 2, 143	quotation on cited line, with differences			67%	maidenlyest	maidenliest	the maidenlyest star,	have been that i am had the maidenliest star
Main2	Main,	4.6.217	Lr. IV, 6, 217	headword on cited line							near and on speedy foot the main descry
Mainly	Mainly,	4.7.65	Lr. IV, 7, 65	quotation on cited line						I am mainly ignorant what place this is,	yet i am doubtful for i am mainly ignorant
Make2	Make,	4.3.36	Lr. IV, 3, 36	quotation on cited line, with differences			92%	make	mate	else one self mate and make could not beget such different issues,	else one self mate and mate could not beget
Malediction	Malediction,	1.2.160	Lr. I, 2, 160	quotation on cited line						menaces and maledictions against king and nobles,	menaces and maledictions against king and nobles
Malicious	Malicious,	3.5.10	Lr. III, 5, 10	headword on cited line							how malicious is my fortune that i
Malt	Malt,	3.2.82	Lr. III, 2, 82	headword on cited line							when brewers mar their malt with water
Manage2	Manage,	1.3.17	Lr. I, 3, 17	quotation on cited line						that still would manage those authorities,	that still would manage those authorities
Manage2	Manage,	1.2.79	Lr. I, 2, 79	quotation on cited line						manage his revenue,	ward to the son and the son manage his revenue
Manifest1	Manifest,	5.3.92	Lr. V, 3, 92	headword on cited line							thy heinous manifest and many treasons
Manifold	Manifold,	2.1.49	Lr. II, 1, 49	headword on cited line							spoke with how manifold and strong a bond
Manifold	Manifold,	5.3.114	Lr. V, 3, 114	quotation off by 1	5.3.113	-1	100%			a manifold traitor,	sound of the trumpet he is bold in his defence
Marble-hearted	Marble-hearted,	1.4.281	Lr. I, 4, 281	headword on cited line							ingratitude thou marblehearted fiend
Marjoram	Marjoram,	4.6.94	Lr. IV, 6, 94	headword on cited line							sweet marjoram
Market-town	Market-town,	3.6.78	Lr. III, 6, 78	headword on cited line							and fairs and markettowns poor tom thy horn
Marvel1	Marvel,	2.2.58	Lr. II, 2, 58	headword on cited line							no marvel you have so bestirred your
Marvel1	Marvel,	2.1.100	Lr. II, 1, 100	quotation on cited line						no m., then, though he were ill affected,	no marvel then though he were ill affected
Marvel2	Marvel,	4.2.1	Lr. IV, 2, 1	headword on cited line							welcome my lord i marvel our mild husband
Marvel2	Marvel,	1.4.199	Lr. I, 4, 199	quotation on cited line						I marvel what kin thou and thy daughters are,	i marvel what kin thou and thy
Match2	Match,	1.1.213	Lr. I, 1, 213	quotation on cited line						to match you where I hate,	to match you where i hate therefore beseech you
Match2	Match,	4.7.2	Lr. IV, 7, 2	headword on cited line							to match thy goodness my life will be too short
Mate1	Mate,	3.6.114	Lr. III, 6, 114	headword on cited line							when grief hath mates and bearing fellowship
Mate1	Mate,	4.3.36	Lr. IV, 3, 36	quotation on cited line						one self mate and mate could not beget such different issues,	else one self mate and mate could not beget
Material	Material	4.2.35	Lr. IV, 2, 35	quotation on cited line						she that herself will sliver and disbranch from her material sap,	from her material sap perforce must wither
Mature	Mature,	4.6.282	Lr. IV, 6, 282	headword on cited line							of murderous lechers and in the mature time
Maugre	Maugre,	5.3.131	Lr. V, 3, 131	headword on cited line							maugre thy strength youth place and eminence
Measure1	Measure,	4.7.3	Lr. IV, 7, 3	quotation on cited line						my life will be too short, and every measure fail me,	and every measure fail me
Medicine1	Medicine,	4.7.27	Lr. IV, 7, 27	headword on cited line							thy medicine on my lips and let this kiss
Medicine1	Medicine,	5.3.96	Lr. V, 3, 96	quotation on cited line, with differences			100%		o	sick, sick! If not, I'll ne'er trust medicine	if not ill neer trust medicine
Meiny	Meiny,	2.4.35	Lr. II, 4, 35	quotation on cited line						they summoned up their meiny	they summoned up their meiny straight took horse
Melt	Melt	4.7.48	Lr. IV, 7, 48	headword not found near cited line							do scald like molten lead sir do you know me
Menaces	Menaces,	1.2.159	Lr. I, 2, 159	prose row break	1.2.160	1					dissolutions of ancient amities divisions in state
Mere	Mere,	2.4.90	Lr. II, 4, 90	quotation on cited line						mere fetches,	they have travelled all the night mere fetches
Mere	Mere,	1.22.90	I, 22	not a Lear citation							
Mere	Mere,	5.3.151	V, 3, 151	quotation on cited line, with differences			75%	mere		this is mere practice,	save him save him this is practice gloucester
Merit1	Merit,	1.1.54	Lr. I, 1, 54	headword on cited line							where nature doth with merit challenge goneril
Merit1	Merit,	3.5.8	Lr. III, 5, 8	quotation on cited line						it was not altogether your brother's evil disposition made him seek his death, but a provoking m., set a-work by a reproveable badness in himself,	death but a provoking merit set awork by a
Merit1	Merit,	5.3.44	V, 3, 44	quotation on cited line						so to use them as we shall find their merits and our safety may equally determine,	as we shall find their merits and our safety
Merit2	Merit,	5.3.302	Lr. V, 3, 302	headword on cited line							have more than merited all friends shall taste
Merlin	Merlin,	3.2.95	Lr. III, 2, 95	headword on cited line							this prophecy merlin shall make for i live before his time
Mess2	Mess,	1.1.119	Lr. I, 1, 119	quotation on cited line						he that makes his generation messes to gorge his appetite,	or he that makes his generation messes
Metal	Metal	1.1.71	Lr. I, 1, 71	quotation on cited line						I am made of the self-same metal	of the selfsame metal that my sister is
Midway1	Midway,	4.6.13	Lr. IV, 6, 13	quotation on cited line						the crows and choughs that wing the midway air show scarce so gross as beetles,	the crows and choughs that wing the midway air
Mightily	Mightily,	4.7.53	Lr. IV, 7, 53	headword on cited line							i am mightily abused i should een die with pity
Mildew	Mildew,	3.4.123	Lr. III, 4, 123	quotation on cited line						mildews the white wheat,	makes the harelip mildews the white wheat
Milk-livered	Milk-livered,	4.2.50	Lr. IV, 2, 50	headword on cited line							like monsters of the deep milklivered man
Milky	Milky,	1.4.364	Lr. I, 4, 364	quotation on cited line						this milky gentleness and course of yours,	this milky gentleness and course of yours
Mill	Mill,	2.3.18	Lr. II, 3, 18	headword on cited line							poor pelting villages sheepcotes and mills
Mince	Mince,	4.6.122	Lr. IV, 6, 122	quotation on cited line						that minces virtue and does shake the head to hear of pleasure's name,	that minces virtue and does shake the head
Minded	Minded,	3.1.2	Lr. III, 1, 2	headword on cited line							one minded like the weather most unquietly
Mingle2	Mingle,	1.1.242	Lr. I, 1, 242	quotation on cited line						is mingled with regards,	when it is mingled with regards that stand
Mingle2	Mingle,	2.4.237	Lr. II, 4, 237	quotation on cited line						those that mingle reason with your passion,	for those that mingle reason with your passion
Minikin	Minikin,	3.6.45	Lr. III, 6, 45	quotation on cited line						for one blast of thy minikin mouth,	and for one blast of thy minikin mouth
Mire1	Mire,	2.2.5	Lr. II, 2, 5	headword on cited line							i the mire
Miscarry	Miscarry,	5.1.5	Lr. V, 1, 5	quotation on cited line, with differences			80%	miscarryed		our sister's man is miscarryed,	our sisters man is certainly miscarried
Miscarry	Miscarry,	5.1.5	Lr. V, 1, 5	headword on cited line	5.1.44		100%			if you miscarry	our sisters man is certainly miscarried
Misconstruction	Misconstruction,	2.2.124	Lr. II, 2, 124	headword on cited line							to strike at me upon his misconstruction
Miscreant	Miscreant,	1.1.163	Lr. I, 1, 163	quotation on cited line						O vassal, m.!	thou swearst thy gods in vain o vassal miscreant dear sir forbear
Mist2	Mist,	5.3.262	Lr. V, 3, 262	quotation on cited line						if that her breath will mist or stain the stone, why, then she lives,	if that her breath will mist or stain the stone
Mistake	Mistake,	1.2.90	Lr. I, 2, 90	quotation on cited line, with differences			67%	mistakeing		mistakeing his purpose,	against him mistaking his purpose it would make
Mistake	Mistake,	2.4.12	Lr. II, 4, 12	quotation on cited line						what's he that hath so much thy place mistook to set thee here,	whats he that hath so much thy place mistook
Mistake	Mistake,	1.4.70	Lr. I, 4, 70	quotation on cited line, with differences			100%		my lord	pardon me, if I be mistaken,	if i be mistaken for my duty cannot be silent
Mix	Mix,	4.6.178	Lr. IV, 6, 178	quotation on cited line						matter and impertinency mixed,	o matter and impertinency mixed
Modest	Modest,	2.4.25	Lr. II, 4, 25	quotation on cited line						resolve me with all modest haste,	resolve me with all modest haste which way
Modest	Modest,	4.7.5	IV, 7, 5	quotation on cited line						all my reports go with the modest truth; nor more, nor clipped, but so,	all my reports go with the modest truth
Modo	Modo,	3.4.149	Lr. III, 4, 149	headword on cited line							modo hes called and mahu
Modo	Modo,	4.1.63	IV, 1, 63	headword on cited line							dumbness mahu of stealing modo of murder
Moiety	Moiety,	1.1.7	Lr. I, 1, 7	quotation on cited line, with differences			spacing			qualities are so weighed, that curiosity in neither can make choice of either's moiety	choice of eithers moiety
Moisten	Moisten,	4.3.33	Lr. IV, 3, 33	quotation on cited line, with differences			93%	her		there she shook the holy water from her heavenly eyes, and clamour moistened her,	and clamour moistened then away she started
Mongrel	Mongrel,	3.6.71	Lr. III, 6, 71	quotation on cited line						mastiff, greyhound, mongrel grim,	mastiff greyhound mongrel grim
Mongrel	Mongrel,	1.4.53	Lr. I, 4, 53	quotation on cited line						where's that m.?	how now wheres that mongrel
Mongrel	Mongrel,	2.2.24	Lr. II, 2, 24	quotation on cited line						son and heir of a mongrel bitch,	a mongrel bitch one whom i will beat into
Monopoly	Monopoly,	1.4.167	Lr. I, 4, 167	quotation on cited line						if I had a monopoly out, they would have part on't,	let me if i had a monopoly out they would have
Monster2	Monster,	1.1.223	Lr. I, 1, 223	quotation on cited line						her offence must be of such unnatural degree, that monsters it,	that monsters it or your forevouched affection
Monthly1	Monthly,	1.1.134	Lr. I, 1, 134	quotation on cited line, with differences			100%		with reservation of an hundred knights by you to be sustained	ourself, by monthly course, shall our abode make with you by due turns,	that troop with majesty ourself by monthly course
Mood	Mood,	2.2.83	Lr. II, 2, 83	quotation on cited line						bring oil to fire, snow to their colder moods,	bring oil to fire snow to their colder moods
Mood	Mood,	2.4.172	II, 4, 172	quotation on cited line						when the rash mood is on,	when the rash mood is on
Mop2	Mop,	4.1.64	Lr. IV, 1, 64	quotation on cited line						of moping and mowing, who since possesses chambermaids and waiting-women,	flibbertigibbet of moping and mowing who
Moral2	Moral,	4.2.58	Lr. IV, 2, 58	quotation on cited line						whiles thou, a moral fool, sit'st still,	whiles thou a moral fool sitst still and criest
Mortality	Mortality,	4.6.136	Lr. IV, 6, 136	quotation on cited line						it smells of mortality	let me wipe it first it smells of mortality
Mortar	Mortar,	2.2.71	Lr. II, 2, 71	quotation on cited line, with differences			94%	wall	walls	I will tread this unbolted villain into mortar and daub the wall of a jakes with him,	tread this unbolted villain into mortar and daub
Mortify	Mortify	2.3.15	Lr. II, 3, 15	quotation on cited line, with differences			89%	mortifyed	mortified	strike in their numbed and mortifyed bare arms pins,	strike in their numbed and mortified bare arms
Motive	Motive,	1.1.159	Lr. I, 1, 159	quotation on cited line						thy safety being the motive	thy safety being the motive out of my sight
Mould1	Mould,	3.2.8	Lr. III, 2, 8	headword on cited line							crack natures moulds all germens spill at once
Mow2	Mow,	4.1.64	Lr. IV, 1, 64	quotation on cited line, with differences			67%	mopping		mopping and mowing,	flibbertigibbet of moping and mowing who
Mum	Mum,	1.4.215	Lr. I, 4, 215	quotation on cited line						I will hold my tongue . . . . mum mum	face bids me though you say nothing mum
Mumble	Mumble,	2.1.41	Lr. II, 1, 41	quotation on cited line, with differences			75%	mumbleing		mumbleing of wicked charms,	mumbling of wicked charms conjuring the moon
Mun	Mun,	3.4.103	Lr. III, 4, 103	quotation on cited line						says suum, mun, ha, no, nonny,	says suum mun ha no nonny
Murmur2	Murmur,	4.6.20	Lr. IV, 6, 20	quotation on cited line						the murmuring surge,	almost too small for sight the murmuring surge
Muster1	Muster,	4.2.16	Lr. IV, 2, 16	quotation on cited line						hasten his musters and conduct his powers,	hasten his musters and conduct his powers
Musty	Musty,	4.7.40	Lr. IV, 7, 40	headword on cited line							in short and musty straw alack alack
Mutation	Mutation,	4.1.11	Lr. IV, 1, 11	quotation on cited line						O world! but that thy strange mutations make us hate thee,	but that thy strange mutations make us hate thee
Mutual	Mutual,	3.1.21	Lr. III, 1, 21	quotation on cited line						there is division, although as yet the face of it be covered with mutual cunning,	with mutual cunning twixt albany and cornwall
Nakedness	Nakedness,	2.3.11	Lr. II, 3, 11	headword on cited line							and with presented nakedness outface
Nativity	Nativity,	1.2.140	Lr. I, 2, 140	quotation on cited line						my nativity was under Ursa major,	my mother under the dragons tail and my
Natural1	Natural,	4.6.195	Lr. IV, 6, 195	quotation on cited line						I am even the natural fool of fortune,	the natural fool of fortune use me well
Natural1	Natural,	2.1.86	Lr. II, 1, 86	quotation on cited line						loyal and natural boy,	loyal and natural boy ill work the means
Naughty	Naughty,	3.4.116	Lr. III, 4, 116	quotation on cited line						'tis a naughty night to swim in,	naughty night to swim in now a little fire in a
Naughty	Naughty,	3.7.37	III, 7, 37	quotation on cited line						naughty lady,	so white and such a traitor naughty lady
Nearly	Nearly,	1.1.287	Lr. I, 1, 287	quotation on cited line						what most nearly appertains to us both,	what most nearly appertains to us both i think
Neat2	Neat,	2.2.45	Lr. II, 2, 45	quotation on cited line						you neat slave, strike,	you neat slave strike
Necessary	Necessary,	4.3.7	Lr. IV, 3, 7	headword on cited line							required and necessary
Needful	Needful,	2.1.129	Lr. II, 1, 129	headword on cited line							your needful counsel to our business
Needful	Needful,	2.4.209	II, 4, 209	headword on cited line							which shall be needful to your entertainment
Needless	Needless,	1.2.161	Lr. I, 2, 161	quotation on cited line						needless diffidences,	needless diffidences banishment of friends
Neglect1	Neglect,	1.1.257	Lr. I, 1, 257	quotation on cited line, with differences			75%	coldest	coldst	from their coldest neglect	gods gods tis strange that from their coldst neglect
Neglect1	Neglect,	1.4.73	I, 4, 73	quotation on cited line						I have perceived a most faint neglect	conception i have perceived a most faint neglect
Neglect2	Neglect,	2.4.107	Lr. II, 4, 107	quotation on cited line						infirmity doth still neglect all office,	infirmity doth still neglect all office
Neighboured	Neighboured,	1.1.121	Lr. I, 1, 121	quotation on cited line						shall to my bosom be as well n., pitied and relieved,	be as well neighboured pitied and relieved
Neither	Neither,	1.1.6	Lr. I, 1, 6	headword on cited line							are so weighed that curiosity in neither can make
Neither	Neither,	3.3.6	Lr. III, 3, 6	headword off by 1	3.3.5	-1					entreat for him nor any way sustain him
Nero	Nero,	3.6.7	Lr. III, 6, 7	headword on cited line							frateretto calls me and tells me nero
Nether	Nether,	2.4.11	Lr. II, 4, 11	headword on cited line							netherstocks
Nether	Nether,	4.2.79	Lr. IV, 2, 79	quotation on cited line						our nether crimes,	you justicers that these our nether crimes
Nettle	Nettle,	4.4.4	Lr. IV, 4, 4	headword on cited line							with burdocks hemlock nettles cuckoo flowers
Neutral	Neutral,	3.7.48	Lr. III, 7, 48	quotation on cited line						which came from one that's of a neutral heart,	which came from one thats of a neutral heart
New2	New,	1.1.206	Lr. I, 1, 206	quotation on cited line, with differences			spacing			new adopted to our hate,	unfriended newadopted to our hate
New2	New,	5.3.190	V, 3, 190	quotation on cited line						their precious stones new lost,	their precious stones new lost became his guide
New-adopted	New-adopted:	1.1.206	Lr. I, 1, 206	headword on cited line							unfriended newadopted to our hate
New-lost	New-lost:	5.3.190	Lr. V, 3, 190	headword on cited line							their precious stones new lost became his guide
Newt	Newt,	3.4.135	Lr. III, 4, 135	quotation on cited line						the wall-n. and the water,	the toad the tadpole the wallnewt and the
Nicely	Nicely,	2.2.110	Lr. II, 2, 110	quotation on cited line						stretch their duties nicely	that stretch their duties nicely
Nicely	Nicely,	5.3.144	V, 3, 144	quotation on cited line						what safe and nicely I might well delay by rule of knighthood,	what safe and nicely i might well delay
Nighted	Nighted,	4.5.13	Lr. IV, 5, 13	quotation on cited line						to dispatch his nighted life,	his nighted life moreover to descry
Nightmare	Nightmare,	3.4.126	Lr. III, 4, 126	quotation on cited line						the nightmare and her nine-fold,	he met the nightmare and her ninefold
Nimble	Nimble,	2.4.167	Lr. II, 4, 167	quotation on cited line, with differences			67%	your		your nimble lightnings,	you nimble lightnings dart your blinding flames
Nimble	Nimble,	4.7.34	IV, 7, 34	headword on cited line							in the most terrible and nimble stroke
Nine-fold	Nine-fold,	3.4.126	Lr. III, 4, 126	quotation on cited line						he met the nightmare and her nine-fold	he met the nightmare and her ninefold
No3	No,	3.4.103	Lr. III, 4, 103	quotation on cited line						suum, mun, ha, no, nonny,	says suum mun ha no nonny
Noiseless	Noiseless,	4.2.56	Lr. IV, 2, 56	headword on cited line							france spreads his banners in our noiseless land
Nonny	Nonny,	3.4.103	Lr. III, 4, 103	quotation on cited line						the cold wind says suum, mun, ha, no, nonny	says suum mun ha no nonny
Noon	Noon,	2.2.141	Lr. II, 2, 141	headword on cited line							there shall he sit till noon
Noon	Noon,	3.6.92	Lr. III, 6, 92	headword on cited line							and ill go to bed at noon
Note2	Note,	1.4.81	Lr. I, 4, 81	quotation on cited line						I have noted it well,	no more of that i have noted it well
Notice	Notice,	2.1.3	Lr. II, 1, 3	headword on cited line							father and given him notice that the duke of
Notice	Notice,	2.4.252	Lr. II, 4, 252	quotation on cited line						to no more will I give place or notice	will i give place or notice
Notion	Notion,	1.4.248	Lr. I, 4, 248	quotation on cited line						his notion weakens, his discernings are lethargied,	either his notion weakens his discernings
Numb2	Numb,	2.3.15	Lr. II, 3, 15	quotation on cited line						their numbed and mortified bare arms,	strike in their numbed and mortified bare arms
Nuptial2	Nuptial,	1.2.162	Lr. I, 2, 162	quotation on cited line						breaches,	dissipation of cohorts nuptial breaches and i know
Nurse2	Nurse,	5.3.181	Lr. V, 3, 181	headword on cited line							by nursing them my lord list a brief tale
Nursery	Nursery,	1.1.126	Lr. I, 1, 126	quotation on cited line						I loved her most and thought to set my rest on her kind nursery	on her kind nursery hence and avoid my sight
O2	O,	1.4.212	Lr. I, 4, 212	quotation on cited line						thou art an O without a figure,	art an o without a figure i am better than thou
O4	O',	1.4.205	Lr. I, 4, 205	quotation on cited line						o' both sides,	thy wit o both sides and left nothing i the
Oak-cleaving	Oak-cleaving,	3.2.5	Lr. III, 2, 5	headword on cited line							vauntcouriers to oakcleaving thunderbolts
Oats	Oats,	5.3.38	Lr. V, 3, 38	headword on cited line							i cannot draw a cart nor eat dried oats
Obidicut	Obidicut,	4.1.62	Lr. IV, 1, 62	headword on cited line							of lust as obidicut hobbididance prince of
Obligation	Obligation,	2.4.144	Lr. II, 4, 144	headword on cited line							would fail her obligation if sir perchance
Obscre	Obscúre,	2.2.175	Lr. II, 2, 175	quotation on cited line						informed of my obscúred course,	of my obscured course and shall find time
Observant	Observant	2.2.109	Lr. II, 2, 109	quotation on cited line						ducking observants that stretch their duties nicely,	than twenty silly ducking observants
Observation	Observation,	1.1.292	Lr. I, 1, 292	quotation on cited line						the observation we have made of it hath not been little,	the observation we have made of it hath not been
Occasion	Occasion,	1.3.24	Lr. I, 3, 24	quotation on cited line, with differences			100%		from hence and i shall	breed occasions, that I may speak,	i would breed from hence occasions and i shall
Occasion	Occasion,	2.1.122	Lr. II, 1, 122	quotation on cited line, with differences			100%		noble gloucester	occasions of some poise,	occasions noble gloucester of some poise
Oeillades	Oeillades	4.5.25	Lr. IV, 5, 25	quotation on cited line						she gave strange oeillades and most speaking looks to noble Edmund,	she gave strange oeillades and most speaking looks
Oerhear	O'erhear,	3.6.96	Lr. III, 6, 96	headword on cited line							i have oerheard a plot of death upon him
Oerlook	O'erlook,	1.2.40	Lr. I, 2, 40	headword on cited line							it not fit for your oerlooking
Oerlook	O'erlook,	5.1.50	V, 1, 50	headword on cited line							why fare thee well i will oerlook thy paper
Oerpay	O'erpay,	4.7.4	Lr. IV, 7, 4	headword on cited line							to be acknowledged madam is oerpaid
Oerread	O'erread,	1.2.38	Lr. I, 2, 38	prose row break	1.2.39	1					letter from my brother that i have not all
Oerrule	O'errule,	3.2.92	III, 2, 92	quotation not found; headword not found near cited line						s.	come to great confusion
Oerskip	O'erskip,	3.6.113	Lr. III, 6, 113	quotation on cited line, with differences			91%	o	oerskip	then the mind much sufferance doth o, when grief hath mates,	but then the mind much sufferance doth oerskip
Oertake	O'ertake	4.1.44	Lr. IV, 1, 44	quotation on cited line, with differences			100%		for my sake	if thou wilt o'ertake us, hence a mile or twain,	thou wilt oertake us hence a mile or twain
Oertake	O'ertake	5.1.39	V, 1, 39	quotation on cited line, with differences			67%	oertake	overtake	I'll o'ertake you,	hear me one word ill overtake you speak
Oertake	O'ertake	5.1.39	Lr. V, 1, 39	headword not found near cited line							hear me one word ill overtake you speak
Oerwatched	O'erwatched,	2.2.177	Lr. II, 2, 177	headword not found near cited line							losses their remedies all weary and oer watched
Oerwhelm	O'erwhelm,	5.3.147	Lr. V, 3, 147	quotation on cited line						with the hell-hated lie o'erwhelm thy heart,	with the hellhated lie oerwhelm thy heart
Offensive	Offensive,	4.2.11	Lr. IV, 2, 11	quotation on cited line						what most he should dislike seems pleasant to him; what like, offensive	what like offensive then shall you go no further
Oil	Oil,	2.2.83	Lr. II, 2, 83	headword on cited line							bring oil to fire snow to their colder moods
Oily	Oily,	1.1.227	Lr. I, 1, 227	quotation on cited line						I want that glib and oily art,	if for i want that glib and oily art
Old1	Old,	3.4.125	Lr. III, 4, 125	quotation on cited line, with differences			83%	saint		Saint Withold footed thrice the old	s withold footed thrice the old
Oldness	Oldness,	1.2.50	Lr. I, 2, 50	headword on cited line							times keeps our fortunes from us till our oldness
On2	On,	1.4.208	Lr. I, 4, 208	quotation on cited line						what makes that frontlet on?	frontlet on methinks you are too much of late
On2	On,	2.4.172	Lr. II, 4, 172	quotation on cited line						when the rash mood is on,	when the rash mood is on
One-trunk-inheriting	One-trunk-inheriting,	2.2.20	Lr. II, 2, 20	headword on cited line							rogue onetrunkinheriting slave one that
Ope2	Ope,	5.1.40	Lr. V, 1, 40	headword on cited line							before you fight the battle ope this letter
Operation	Operation,	1.1.113	Lr. I, 1, 113	headword on cited line							by all the operation of the orbs
Operative	Operative,	4.4.14	Lr. IV, 4, 14	quotation on cited line						to provoke in him, are many simples operative	are many simples operative whose power
Oppose	Oppose,	4.7.32	Lr. IV, 7, 32	quotation on cited line						was this a face to be opposed against the warring winds?	to be opposed against the warring winds
Oppose	Oppose,	2.4.179	Lr. II, 4, 179	quotation on cited line						to oppose the bolt against my coming in,	and in conclusion to oppose the bolt
Oppose	Oppose,	3.7.49	Lr. III, 7, 49	quotation on cited line						from one that's of a neutral heart, and not from one opposed,	and not from one opposed cunning and false
Oppose	Oppose,	5.1.27	Lr. V, 1, 27	quotation on cited line, with differences			100%		i fear	whom most just and heavy causes make oppose	most just and heavy causes make oppose
Oppose	Oppose,	4.2.74	Lr. IV, 2, 74	quotation on cited line						against,	opposed against the act bending his sword
Opposeless	Opposeless,	4.6.38	Lr. IV, 6, 38	quotation on cited line						your great opposeless wills,	to quarrel with your great opposeless wills
Opposite2	Opposite,	2.1.51	Lr. II, 1, 51	quotation on cited line, with differences			100%		loathly unnatural	how opposite I stood to his purpose,	seeing how loathly opposite i stood
Oppress	Oppress,	2.4.109	Lr. II, 4, 109	quotation on cited line						when nature, being oppressed, commands the mind to suffer with the body,	when nature being oppressed commands the mind
Oppress	Oppress,	3.6.104	III, 6, 104	quotation on cited line						oppressed nature sleeps,	give thee quick conduct oppressed nature sleeps
Oppress	Oppress,	5.3.5	Lr. V, 3, 5	quotation on cited line						for thee, oppressed king, am I cast down,	for thee oppressed king am i cast down
Oppression	Oppression,	1.2.52	Lr. I, 2, 52	quotation on cited line						the oppression of aged tyranny,	fond bondage in the oppression of aged tyranny
Opulent	Opulent,	1.1.88	Lr. I, 1, 88	quotation on cited line						to draw a third more opulent than your sisters,	a third more opulent than your sisters speak
Or2	Or,	2.4.289	Lr. II, 4, 289	headword on cited line							or ere ill weep o fool i shall go mad
Orb	Orb,	1.1.113	Lr. I, 1, 113	quotation on cited line						by all the operation of the orbs,	by all the operation of the orbs
Ordinance	Ordinance,	4.1.71	Lr. IV, 1, 71	quotation on cited line						the superfluous and lust-dieted man, that slaves your ordinance	that slaves your ordinance that will not see
Ordinary1	Ordinary,	1.4.36	Lr. I, 4, 36	headword on cited line							message bluntly that which ordinary men are
Organ	Organ,	1.4.301	Lr. I, 4, 301	headword on cited line							dry up in her the organs of increase
Origin	Origin,	4.2.32	Lr. IV, 2, 32	headword on cited line							that nature which contemns it origin
Ounce2	Ounce,	4.6.132	Lr. IV, 6, 132	headword on cited line							fie pah pah give me an ounce of civet good
Ours	Ours,	1.1.260	Lr. I, 1, 260	quotation on cited line						queen of us, of o., and our fair France,	is queen of us of ours and our fair france
Outface	Outface,	2.3.11	Lr. II, 3, 11	quotation on cited line						outface the winds and persecutions of the sky,	and with presented nakedness outface
Outfrown	Outfrown,	5.3.6	Lr. V, 3, 6	quotation on cited line						outfrown false fortune's frown,	myself could else outfrown false fortunes frown
Outjest	Outjest,	3.1.16	Lr. III, 1, 16	quotation on cited line						who labours to outjest his heart-struck injuries,	none but the fool who labours to outjest
Outlawed	Outlawed,	3.4.172	Lr. III, 4, 172	quotation on cited line						I had a son, now outlawed from my blood,	now outlawed from my blood he sought my life
Out-paramour	Out-paramour,	3.4.94	Lr. III, 4, 94	headword on cited line							dearly and in woman outparamoured the turk
Outrage	Outrage,	2.4.24	Lr. II, 4, 24	headword on cited line							to do upon respect such violent outrage
Outscorn	Outscorn,	3.1.10	Lr. III, 1, 10	headword on cited line							strives in his little world of man to outscorn
Outside	Outside,	5.3.142	Lr. V, 3, 142	headword on cited line							but since thy outside looks so fair and warlike
Out-wall	Out-wall,	3.1.45	Lr. III, 1, 45	quotation on cited line						I am much more than my out-wall	than my outwall open this purse and take
Over1	Over	3.6.27	Lr. III, 6, 27	quotation on cited line						come o'er the bourn,	come oer the bourn bessy to me
Over1	Over	4.3.16	Lr. IV, 3, 16	headword on cited line							over her passion who most rebellike
Over-lusty	Over-lusty,	2.4.10	Lr. II, 4, 10	quotation on cited line						when a man's over-lusty at legs, then he wears wooden nether-stocks,	a mans overlusty at legs then he wears wooden
Overrule	Overrule	1.3.16	Lr. I, 3, 16	quotation on cited line, with differences			100%		i know	whose mind and mine in that are one, not to be overruled,	not to be overruled idle old man
Overtake	Overtake	3.7.66	Lr. III, 7, 66	headword on cited line							the winged vengeance overtake such children
Overture	Overture,	3.7.89	Lr. III, 7, 89	quotation on cited line						it was he that made the overture of thy treasons to us,	that made the overture of thy treasons to us
Pack2	Pack,	2.4.81	Lr. II, 4, 81	quotation on cited line						will pack when it begins to rain,	will pack when it begins to rain
Packing	Packing,	3.1.26	Lr. III, 1, 26	quotation on cited line						in snuffs and packings of the dukes,	either in snuffs and packings of the dukes
Pah	Pah,	4.6.132	Lr. IV, 6, 132	headword on cited line							fie pah pah give me an ounce of civet good
Pant2	Pant,	2.4.31	Lr. II, 4, 31	quotation on cited line						half breathless, panting forth from Goneril his mistress salutations,	stewed in his haste half breathless panting forth
Pant2	Pant,	5.3.243	V, 3, 243	quotation on cited line						I pant for life,	i pant for life some good i mean to do
Pantingly	Pantingly,	4.3.28	Lr. IV, 3, 28	quotation on cited line						she heaved the name of father pantingly forth,	pantingly forth as if it pressed her heart
Pare	Pare,	1.4.204	Lr. I, 4, 204	quotation on cited line						thou hast pared thy wit o' both sides,	yet i would not be thee nuncle thou hast pared
Parel	Parel,	4.1.51	Lr. IV, 1, 51	headword on cited line							ill bring him the best parel that i have
Paring	Paring	1.4.206	Lr. I, 4, 206	quotation on cited line, with differences			83%	of	o	here comes one of the parings,	middle here comes one o the parings
Parricide	Parricide,	2.1.48	Lr. II, 1, 48	headword on cited line							gainst parricides did all their thunders bend
Partial	Partial,	1.4.334	Lr. I, 4, 334	headword on cited line	1.4.335		100%			to:	i cannot be so partial goneril
Particular1	Particular,	1.4.360	Lr. I, 4, 360	quotation on cited line						inform her full of my particular fear,	inform her full of my particular fear
Particular1	Particular,	5.1.30	V, 1, 30	quotation on cited line						these domestic and particular broils,	for these domestic and particular broils
Particular2	Particular,	2.4.295	Lr. II, 4, 295	quotation on cited line, with differences			91%	his	this	for his p., I'll receive him gladly, but not one follower,	for this particular ill receive him gladly
Particular2	Particular,	1.4.286	Lr. I, 4, 286	quotation on cited line						that all particulars of duty know,	that all particulars of duty know
Party	Party,	2.1.28	Lr. II, 1, 28	quotation on cited line, with differences			92%	party	part	have you nothing said upon his party 'gainst the Duke of Albany?	upon his part gainst the duke of albany
Party	Party,	4.5.40	Lr. IV, 5, 40	quotation on cited line						what party I do follow,	what party i do follow fare thee well
Party	Party,	4.6.256	Lr. IV, 6, 256	quotation on cited line						seek him out upon the British party	upon the british party o untimely death
Party	Party,	3.5.12	Lr. III, 5, 12	quotation on cited line, with differences			91%	approved	approves	which approved him an intelligent party to the advantages of France,	of which approves him an intelligent party to the
Pass1	Pass,	3.4.65	Lr. III, 4, 65	quotation on cited line						have his daughters brought him to this p.?	what have his daughters brought him to this pass
Past1	Past,	5.3.164	Lr. V, 3, 164	quotation on cited line						'tis p., and so am I,	tis past and so am i but what art thou
Past1	Past,	4.6.45	IV, 6, 45	quotation on cited line						had he been where he thought, by this had thought been past	by this had thought been past alive or dead
Past1	Past,	5.3.193	Lr. V, 3, 193	quotation on cited line, with differences			spacing			until some half hour past	until some halfhour past when i was armed
Past3	Past,	4.6.209	Lr. IV, 6, 209	quotation on cited line, with differences			100%		most pitiful in the meanest wretch	a sight past speaking of,	past speaking of in a king thou hast one daughter
Pastime	Pastime,	2.4.6	Lr. II, 4, 6	headword on cited line							makest thou this shame thy pastime no my lord
Pat	Pat,	1.2.146	Lr. I, 2, 146	quotation on cited line						and pat he comes,	and pat he comes like the catastrophe of the old
Paternal	Paternal,	1.1.115	Lr. I, 1, 115	headword on cited line							here i disclaim all my paternal care
Patrimony	Patrimony,	5.3.75	Lr. V, 3, 75	headword on cited line							take thou my soldiers prisoners patrimony
Patron	Patron,	1.1.144	Lr. I, 1, 144	quotation on cited line						my great patron	as my great patron thought on in my prayers
Patron	Patron,	2.1.61	II, 1, 61	quotation on cited line						my worthy arch and patron	my worthy arch and patron comes tonight
Pattern1	Pattern,	3.2.37	Lr. III, 2, 37	quotation on cited line						I will be the pattern of all patience,	no i will be the pattern of all patience
Pearl	Pearl,	4.3.24	Lr. IV, 3, 24	headword on cited line							as pearls from diamonds dropped in brief
Pearl	Pearl,	4.3.24	Lr. IV, 3, 24	headword on cited line							as pearls from diamonds dropped in brief
Peasant	Peasant,	3.7.80	Lr. III, 7, 80	headword on cited line							give me thy sword a peasant stand up thus
Peasant	Peasant,	4.6.235	IV, 6, 235	headword on cited line							put strength enough tot wherefore bold peasant
Peascod	Peascod,	1.4.219	Lr. I, 4, 219	headword on cited line							thats a shealed peascod
Pebble	Pebble	4.6.21	Lr. IV, 6, 21	headword on cited line							that on the unnumbered idle pebbles chafes
Pelican	Pelican,	3.4.77	Lr. III, 4, 77	headword on cited line							those pelican daughters
Pelicock	Pelicock,	3.4.78	Lr. III, 4, 78	headword off by 1	3.4.77	-1					pillicock sat on pillicockhill
Pell-mell	Pell-mell,	4.6.119	Lr. IV, 6, 119	quotation on cited line						to't, luxury, pell-mell	tot luxury pellmell for i lack soldiers
Pelt	Pelt,	3.4.29	Lr. III, 4, 29	quotation on cited line						bide the pelting of this pitiless storm,	that bide the pelting of this pitiless storm
Pelting	Pelting,	2.3.18	Lr. II, 3, 18	quotation on cited line						poor pelting villages,	poor pelting villages sheepcotes and mills
Pen3	Pen,	3.2.57	Lr. III, 2, 57	headword not found near cited line							hast practised on mans life close pentup guilts
Pendulous	Pendulous,	3.4.69	Lr. III, 4, 69	quotation on cited line						all the plagues that in the pendulous air hang fated o'er men's faults,	now all the plagues that in the pendulous air
Pension	Pension,	2.4.217	Lr. II, 4, 217	headword on cited line							to knee his throne and squirelike pension beg
Penury	Penury,	2.3.8	Lr. II, 3, 8	headword on cited line							that ever penury in contempt of man
Perdie	Perdie	2.4.86	Lr. II, 4, 86	headword on cited line							the fool no knave perdy
Perdu	Perdu,	4.7.35	Lr. IV, 7, 35	quotation on cited line						to watch, poor p., with this thin helm,	of quick cross lightning to watch poor perdu
Perfect1	Perfect,	4.7.63	Lr. IV, 7, 63	quotation on cited line						I fear I am not in my perfect mind,	i fear i am not in my perfect mind
Perfect1	Perfect,	1.2.77	Lr. I, 2, 77	quotation on cited line						sons at perfect age,	oft maintain it to be fit that sons at perfect age
Perfume1	Pérfume	3.4.110	Lr. III, 4, 110	headword on cited line							perfume ha heres three on s are
Period1	Period,	4.7.97	Lr. IV, 7, 97	quotation on cited line, with differences			88%	throughly	thoroughly	my point and period will be throughly wrought,	my point and period will be thoroughly wrought
Period1	Period,	5.3.204	V, 3, 204	quotation on cited line						this would have seemed a period to such as love not sorrow,	hearing of this this would have seemed a period
Permit	Permit,	1.2.3	Lr. I, 2, 3	headword on cited line							stand in the plague of custom and permit
Pernicious	Pernicious,	3.2.22	Lr. III, 2, 22	quotation on cited line						two pernicious daughters,	that have with two pernicious daughters joined
Perpendicularly	Perpendicularly,	4.6.54	Lr. IV, 6, 54	headword on cited line							which thou hast perpendicularly fell
Persecution	Persecution,	2.3.12	Lr. II, 3, 12	headword on cited line							the winds and persecutions of the sky
Persever	Perséver,	3.5.23	Lr. III, 5, 23	headword on cited line							persevere in my course of loyalty though the
Persevere	Persevere,	3.5.23	Lr. III, 5, 23	headword on cited line							persevere in my course of loyalty though the
Persian	Persian,	3.6.85	Lr. III, 6, 85	headword on cited line							you will say they are persian attire but let them
Personal	Personal,	4.3.6	Lr. IV, 3, 6	quotation on cited line						his personal return was most required,	danger that his personal return was most
Persuade	Persuade,	2.1.46	Lr. II, 1, 46	quotation on cited line						persuade me to the murder of your lordship,	persuade me to the murder of your lordship
Persuade	Persuade,	2.4.114	Lr. II, 4, 114	headword on cited line							should he sit here this act persuades me
Persuade	Persuade,	1.4.254	Lr. I, 4, 254	quotation on cited line						I should be false persuaded I had daughters,	be false persuaded i had daughters
Persuade	Persuade,	2.4.219	Lr. II, 4, 219	headword on cited line							persuade me rather to be slave and sumpter
Peruse	Peruse,	1.2.39	Lr. I, 2, 39	headword on cited line							oerread and for so much as i have perused i find
Peruse	Peruse,	2.2.172	II, 2, 172	headword on cited line							peruse this letter nothing almost sees miracles
Pestilent	Pestilent,	1.4.127	Lr. I, 4, 127	quotation on cited line						a pestilent gall to me,	a pestilent gall to me
Pew	Pew,	3.4.55	Lr. III, 4, 55	quotation on cited line						that hath laid knives under his pillow, and halters in his pew	under his pillow and halters in his pew set
Physic1	Physic,	3.4.33	Lr. III, 4, 33	headword on cited line							too little care of this take physic pomp
Physician	Physician,	1.1.166	Lr. I, 1, 166	headword on cited line							kill thy physician and the fee bestow
Piece2	Piece,	1.1.202	Lr. I, 1, 202	quotation on cited line						all of it, with our displeasure pieced,	or all of it with our displeasure pieced
Piece2	Piece,	3.6.2	Lr. III, 6, 2	quotation on cited line						I will piece out the comfort with what addition I can,	it thankfully i will piece out the comfort with
Pierce1	Pierce	4.6.171	Lr. IV, 6, 171	headword on cited line							arm it in rags a pigmys straw does pierce it
Pierce1	Pierce	1.4.323	Lr. I, 4, 323	quotation on cited line, with differences			100%		untented	the woundings of a father's curse pierce every sense about thee,	pierce every sense about thee old fond eyes
Pierce1	Pierce	1.4.368	Lr. I, 4, 368	quotation on cited line						how far your eyes may pierce I cannot tell,	how far your eyes may pierce i cannot tell
Pierce1	Pierce	4.3.11	Lr. IV, 3, 11	quotation on cited line						did your letters pierce the queen to any demonstration of grief?	did your letters pierce the queen to
Pight	Pight,	2.1.67	Lr. II, 1, 67	quotation on cited line						found him pight to do it,	and found him pight to do it with curst speech
Pigmy	Pigmy,	4.6.171	Lr. IV, 6, 171	quotation on cited line, with differences			67%	s	pigmys	a --'s straw,	arm it in rags a pigmys straw does pierce it
Pilferings	Pilferings,	2.2.151	Lr. II, 2, 151	headword on cited line							for pilferings and most common trespasses
Pillicock	Pillicock	3.4.78	Lr. III, 4, 78	headword on cited line							pillicock sat on pillicockhill
Pin1	Pin,	2.3.16	Lr. II, 3, 16	headword on cited line							pins wooden pricks nails sprigs of rosemary
Pin1	Pin,	4.7.56	IV, 7, 56	headword on cited line							i feel this pin prick would i were assured
Pin1	Pin,	3.4.122	Lr. III, 4, 122	quotation on cited line						he gives the web and the pin	he gives the web and the pin squints the eye and
Pinch1	Pinch,	2.4.214	Lr. II, 4, 214	quotation on cited line						necessity's sharp pinch	necessitys sharp pinch return with her
Pine2	Pine,	1.4.80	Lr. I, 4, 80	headword on cited line							france sir the fool hath much pined away
Pinfold	Pinfold,	2.2.9	Lr. II, 2, 9	headword on cited line							if i had thee in lipsbury pinfold i
Pinion2	Pinion,	3.7.23	Lr. III, 7, 23	headword on cited line							pinion him like a thief bring him before us
Pitiful	Pitiful,	4.6.208	Lr. IV, 6, 208	headword on cited line							a sight most pitiful in the meanest wretch
Pitiless	Pitiless,	3.4.29	Lr. III, 4, 29	headword on cited line							that bide the pelting of this pitiless storm
Place2	Place,	1.4.156	Lr. I, 4, 156	quotation on cited line						place him here by me,	come place him here by me
Place2	Place,	1.2.98	Lr. I, 2, 98	quotation on cited line						I will place you where you shall hear us,	place you where you shall hear us confer of this
Placket	Placket,	3.4.100	Lr. III, 4, 100	quotation on cited line, with differences			100%		thy foot out of brothels	keep thy hand out of plackets,	thy hand out of plackets thy pen from lenders
Plague2	Plague,	5.3.171	Lr. V, 3, 171	headword on cited line							make instruments to plague us
Plague-sore	Plague-sore,	2.4.227	Lr. II, 4, 227	headword on cited line							a plaguesore an embossed carbuncle
Plain5	Plain,	3.1.39	Lr. III, 1, 39	quotation on cited line						of how unnatural and bemadding sorrow the king hath cause to plain	the king hath cause to plain
Plainly	Plainly,	4.7.62	Lr. IV, 7, 62	headword on cited line							and to deal plainly
Plaited	Plaited,	1.1.183	Lr. I, 1, 183	quotation elsewhere in scene	1.1.283	100	100%			time shall unfold what plaited cunning hides,	fare thee well king sith thus thou wilt appear
Planetary	Planetary,	1.2.135	Lr. I, 2, 135	quotation on cited line						planetary influence,	adulterers by an enforced obedience of planetary
Plant2	Plant,	1.1.226	Lr. I, 1, 226	quotation on cited line						a faith that reason without miracle could never plant in me,	could never plant in me i yet beseech your majesty
Plate2	Plate,	4.6.169	Lr. IV, 6, 169	quotation on cited line						plate sin with gold, and the strong lance of justice hurtless breaks,	robes and furred gowns hide all plate sin with gold
Pledge1	Pledge,	5.3.94	Lr. V, 3, 94	quotation off by 1	5.3.93	-1	100%			there is my pledge	ere i taste bread thou art in nothing less
Plenteous	Plenteous,	1.1.66	Lr. I, 1, 66	quotation on cited line						with plenteous rivers,	with plenteous rivers and wideskirted meads
Plight1	Plight,	1.1.103	Lr. I, 1, 103	quotation on cited line						that lord whose hand must take my plight shall carry half my love with him,	that lord whose hand must take my plight shall carry
Plight2	Plight,	3.4.128	Lr. III, 4, 128	quotation on cited line						troth:	and her troth plight
Plighted	Plighted,	1.1.283	Lr. I, 1, 283	quotation on cited line, with differences			86%	plighted	plaited	time shall unfold what plighted cunning hides,	time shall unfold what plaited cunning hides
Plumed	Plumed,	4.2.57	Lr. IV, 2, 57	headword on cited line							with plumed helm thy state begins threats
Poise1	Poise,	2.1.122	Lr. II, 1, 122	quotation on cited line, with differences			100%		noble gloucester	occasions of some poise	occasions noble gloucester of some poise
Politic	Politic,	1.4.346	Lr. I, 4, 346	quotation on cited line						'tis politic and safe to let him keep at point a hundred knights,	tis politic and safe to let him keep
Politician	Politician,	4.6.175	Lr. IV, 6, 175	headword on cited line							and like a scurvy politician seem
Ponder	Ponder,	3.4.24	Lr. III, 4, 24	quotation on cited line						to ponder on things would hurt me more,	this tempest will not give me leave to ponder
Ponderous	Ponderous,	1.1.80	Lr. I, 1, 80	quotation on cited line, with differences			86%	ponderous	richer	my love's more ponderous than my tongue,	more richer than my tongue
Poorly	Poorly,	4.1.10	Lr. IV, 1, 10	quotation on cited line						my father poorly led,	my father poorly led world world o world
Porridge	Porridge,	3.4.56	Lr. III, 4, 56	headword on cited line							ratsbane by his porridge made him proud of heart
Portable	Portable,	3.6.115	Lr. III, 6, 115	quotation on cited line						how light and portable my pain seems now,	how light and portable my pain seems now
Portion	Portion,	1.1.245	Lr. I, 1, 245	quotation on cited line, with differences			86%	that	this	give but that portion which yourself proposed,	give but this portion which yourself proposed
Possess	Possess,	1.1.76	Lr. I, 1, 76	quotation on cited line						all other joys, which the most precious square of sense possesses,	which the most precious square of sense possesses
Possess	Possess,	4.1.65	Lr. IV, 1, 65	quotation on cited line, with differences			100%		of moping and mowing since	Flibbertigibbet, who possesses chambermaids,	since possesses chambermaids and
Potency	Potency,	1.1.175	Lr. I, 1, 175	quotation on cited line						our potency made good, take thy reward,	our potency made good take thy reward
Potential	Potential,	2.1.78	Lr. II, 1, 78	headword on cited line							were very pregnant and potential spurs
Pother	Pother,	3.2.50	Lr. III, 2, 50	quotation on cited line						the great gods, that keep this dreadful pother o'er our heads,	that keep this dreadful pother oer our heads
Pour	Pour,	3.4.18	Lr. III, 4, 18	quotation on cited line						pour on; I will endure,	to shut me out pour on i will endure
Powerful	Powerful,	2.4.169	Lr. II, 4, 169	quotation on cited line						drawn by the powerful sun,	you fensucked fogs drawn by the powerful sun
Practise	Practise,	3.2.57	Lr. III, 2, 57	quotation on cited line						hast practised on man's life,	hast practised on mans life close pentup guilts
Pranks	Pranks,	1.4.259	Lr. I, 4, 259	headword on cited line							of other your new pranks i do beseech you
Preach	Preach,	4.6.184	Lr. IV, 6, 184	headword on cited line							we wawl and cry i will preach to thee mark
Precedent2	Precedent	2.3.13	Lr. II, 3, 13	headword on cited line							the country gives me proof and precedent
Precipitate	Precipitate,	4.6.50	Lr. IV, 6, 50	quotation on cited line, with differences			80%	precipitateing		so many fathom down precipitateing,	so many fathom down precipitating
Predominance	Predominance,	1.2.134	Lr. I, 2, 134	quotation on cited line						knaves, thieves and treachers by spherical predominance	by spherical predominance drunkards liars and
Pre-eminence	Pre-eminence,	1.1.133	Lr. I, 1, 133	headword on cited line							preeminence and all the large effects
Prefer	Prefer,	1.1.277	Lr. I, 1, 277	quotation on cited line						stood I within his grace, I would prefer him to a better place,	i would prefer him to a better place
Pregnant	Pregnant,	2.1.78	Lr. II, 1, 78	quotation on cited line						the profits of my death were very pregnant and potential spurs to make thee seek it,	were very pregnant and potential spurs
Pregnant	Pregnant,	4.0	IV Prol. 44	not a Lear citation							
Pregnant	Pregnant,	4.6.227	Lr. IV, 6, 227	quotation on cited line						who, by the art of known and feeling sorrows, am pregnant to good pity,	am pregnant to good pity give me your hand
Prescribe	Prescribe,	1.1.279	Lr. I, 1, 279	quotation on cited line						prescribe not us our duties,	prescribe not us our duties let your study
Prescribe	Prescribe,	1.2.24	Lr. I, 2, 24	headword not found near cited line							and the king gone tonight subscribed his power
Press-money	Press-money,	4.6.87	Lr. IV, 6, 87	headword on cited line							theres your pressmoney that fellow handles
Pretence	Pretence,	1.2.95	Lr. I, 2, 95	quotation on cited line						he hath wrote this . . . . to no further pretence of danger,	further pretence of danger
Pretence	Pretence,	1.4.75	I, 4, 75	quotation on cited line						which I have rather blamed as mine own jealous curiosity than as a very pretence and purpose of unkindness,	jealous curiosity than as a very pretence and
Prey2	Prey,	4.2.49	Lr. IV, 2, 49	headword on cited line							humanity must perforce prey on itself
Privily	Privily,	3.3.15	Lr. III, 3, 15	quotation on cited line, with differences			100%		seek him and	I will privily relieve him,	king i will seek him and privily relieve him
Prize2	Prize,	2.1.122	Lr. II, 1, 122	headword not found near cited line							occasions noble gloucester of some poise
Procure	Procure,	2.4.306	Lr. II, 4, 306	quotation on cited line						the injuries that they themselves procure	the injuries that they themselves procure
Produce	Produce,	5.1.43	Lr. V, 1, 43	headword on cited line						(produce his body to the market-place).	i can produce a champion that will prove
Produce	Produce,	5.3.230	V, 3, 230	headword on cited line							produce their bodies be they alive or dead
Produce	Produce,	2.1.73	Lr. II, 1, 73	headword on cited line							as this i would ay though thou didst produce
Profess	Profess,	1.1.275	Lr. I, 1, 275	quotation on cited line						to your professed bosoms I commit him,	to your professed bosoms i commit him
Profess	Profess,	1.1.74	Lr. I, 1, 74	quotation on cited line						I profess myself an enemy to all other joys,	only she comes too short that i profess
Profess	Profess,	1.1.74	Lr. I, 1, 74	headword on cited line							only she comes too short that i profess
Profess	Profess,	1.4.12	Lr. I, 4, 12	headword on cited line							what dost thou profess what wouldst
Profess	Profess,	1.4.14	Lr. I, 4, 14	quotation on cited line						I do profess to be no less than I seem,	i do profess to be no less than i seem
Property1	Property,	1.1.116	Lr. I, 1, 116	quotation on cited line						here I disclaim all my paternal care, propinquity and property of blood,	propinquity and property of blood
Propinquity	Propinquity,	1.1.116	Lr. I, 1, 116	quotation on cited line						propinquity and property of blood,	propinquity and property of blood
Propose2	Propose,	1.1.245	Lr. I, 1, 245	quotation on cited line, with differences			80%	that		that portion which yourself proposed,	give but this portion which yourself proposed
Prosper2	Prosper,	3.7.92	Lr. III, 7, 92	headword on cited line							kind gods forgive me that and prosper him
Prosper2	Prosper,	4.6.30	IV, 6, 30	headword on cited line							prosper it with thee go thou farther off
Prosper2	Prosper,	1.1.285	Lr. I, 1, 285	headword on cited line							well may you prosper come my fair cordelia
Prosper2	Prosper,	1.2.21	I, 2, 21	headword on cited line							shall top the legitimate i grow i prosper
Protection	Protection,	3.6.99	Lr. III, 6, 99	headword on cited line							both welcome and protection take up thy master
Proud1	Proud,	3.4.85	Lr. III, 4, 85	quotation on cited line						set not thy sweet heart on proud array,	sweet heart on proud array toms acold
Provide	Provide,	2.4.235	Lr. II, 4, 235	headword on cited line							i looked not for you yet nor am provided
Provision	Provision,	1.1.176	Lr. I, 1, 176	quotation on cited line						for provision to shield thee from diseases of the world,	five days we do allot thee for provision
Provision	Provision,	2.4.208	Lr. II, 4, 208	quotation on cited line, with differences			94%	for	to	I am now from home, and out of that provision which shall be needful for your entertainment,	i am now from home and out of that provision
Provision	Provision,	3.6.103	III, 6, 103	quotation on cited line						follow me, that will to some provision give thee quick conduct,	and follow me that will to some provision
Publish	Publish,	1.1.44	Lr. I, 1, 44	headword on cited line							we have this hour a constant will to publish
Publish	Publish,	4.6.236	IV, 6, 236	headword on cited line							darest thou support a published traitor hence
Puissant	Puissant,	5.3.216	Lr. V, 3, 216	quotation on cited line						his grief grew puissant	his grief grew puissant and the strings of life
Pull2	Pull,	4.6.177	Lr. IV, 6, 177	headword on cited line							pull off my boots harder harder so
Pur	Pur,	3.6.47	Lr. III, 6, 47	quotation on cited line						p., the cat is gray,	pur the cat is gray
Purposed	Purposed,	2.4.296	Lr. II, 4, 296	quotation on cited line						so am I purposed	but not one follower so am i purposed
Quagmire	Quagmire,	3.4.54	Lr. III, 4, 54	quotation on cited line						o'er bog and quagmire	oer bog and quagmire that hath laid knives
Qualified	Qualified,	1.4.37	Lr. I, 4, 37	quotation on cited line						that which ordinary men are fit for, I am qualified in,	fit for i am qualified in and the best of me is
Qualify	Qualify,	1.2.176	Lr. I, 2, 176	quotation on cited line, with differences			91%	qualifyed	qualified	till some little time hath qualifyed the heat of his displeasure,	presence till some little time hath qualified the
Quality	Quality,	1.1.5	Lr. I, 1, 5	quotation off by 1	1.1.6	1	75%	qualityes		qualityes are so weighed,	which of the dukes he values most for equalities
Quality	Quality,	1.2.12	Lr. I, 2, 12	quotation on cited line						take more composition and fierce quality	more composition and fierce quality
Quality	Quality,	1.2.12	Lr. I, 2, 12	headword on cited line	1.2.33-34		100%			the quality of nothing hath not such need to hide itself,	more composition and fierce quality
Quality	Quality,	2.4.93	II, 4, 93	quotation on cited line						you know the fiery quality of the duke,	you know the fiery quality of the duke
Quality	Quality,	2.4.93	II, 4, 93	headword on cited line							you know the fiery quality of the duke
Quality	Quality,	5.3.120	Lr. V, 3, 120	quotation on cited line						your name? your q.?	your name your quality and why you answer
Quality	Quality,	5.3.111	Lr. V, 3, 111	quotation off by 1	5.3.110	-1	100%			any man of quality or degree,	within the lists of the army will maintain upon
Quality	Quality,	2.4.139	Lr. II, 4, 139	quotation on cited line						with how depraved a quality	with how depraved a quality o regan
Queasy	Queasy,	2.1.19	Lr. II, 1, 19	quotation on cited line, with differences			100%		a	I have one thing of queasy question, which I must act,	and i have one thing of a queasy question
Quest	Quest,	1.1.196	Lr. I, 1, 196	quotation on cited line						cease your quest of love,	or cease your quest of love most royal majesty
Questrist	Questrist,	3.7.17	Lr. III, 7, 17	quotation on cited line, with differences			100%		five or six and	some thirty of his knights, hot questrists after him, met him at gate,	hot questrists after him met him at gate
Quicken	Quicken,	3.7.39	Lr. III, 7, 39	quotation on cited line, with differences			100%		which thou dost ravish from my chin	these hairs will quicken and accuse thee,	will quicken and accuse thee i am your host
Quit	Quit,	4.2.94	Lr. IV, 2, 94	headword on cited line						(quit my sight).	and quit the house on purpose that their punishment
Quit	Quit,	3.7.87	Lr. III, 7, 87	quotation on cited line						enkindle all the sparks of nature, to quit this horrid act,	to quit this horrid act out treacherous villain
Quit	Quit,	2.1.32	Lr. II, 1, 32	quotation on cited line						now quit you well,	draw seem to defend yourself now quit you well
Rabble	Rabble,	1.4.277	Lr. I, 4, 277	quotation on cited line						your disordered rabble make servants of their betters,	you strike my people and your disordered rabble
Radiance	Radiance,	1.1.111	Lr. I, 1, 111	headword on cited line							for by the sacred radiance of the sun
Radiant	Radiant,	2.2.113	Lr. II, 2, 113	headword on cited line							whose influence like the wreath of radiant fire
Raggedness	Raggedness,	3.4.31	Lr. III, 4, 31	headword on cited line							your looped and windowed raggedness defend you
Rain2	Rain,	3.2.77	Lr. III, 2, 77	headword on cited line							for the rain it raineth every day
Rain2	Rain,	2.4.81	Lr. II, 4, 81	quotation on cited line						it begins to rain	will pack when it begins to rain
Rain-water	Rain-water,	3.2.11	Lr. III, 2, 11	headword on cited line							house is better than this rainwater out o door
Rake2	Rake,	4.6.281	Lr. IV, 6, 281	quotation on cited line						here in the sands thee I'll rake up,	thee ill rake up the post unsanctified
Rank2	Rank,	4.4.3	Lr. IV, 4, 3	headword on cited line							crowned with rank fumiter and furrowweeds
Rank2	Rank,	1.4.223	Lr. I, 4, 223	quotation on cited line, with differences			spacing			rank and not-to-be endured riots,	in rank and nottobeendured riots sir
Rap	Rap,	2.4.125	Lr. II, 4, 125	quotation on cited line, with differences			88%	rapedem	put em i the paste alive she knapped em	she raped'em o' the coxcombs with a stick,	knapped em o the coxcombs with a stick and cried
Rarity	Rarity,	4.3.25	Lr. IV, 3, 25	quotation on cited line						sorrow would be a rarity most beloved, if all could so become it,	sorrow would be a rarity most beloved
Rascal2	Rascal,	4.6.164	Lr. IV, 6, 164	headword on cited line							thou rascal beadle hold thy bloody hand
Rash3	Rash,	3.7.58	Lr. III, 7, 58	quotation on cited line, with differences			92%	rash	cruel nails pluck out his poor old eyes nor thy fierce stick	I would not see . . . thy sister in his anointed flesh rash boarish fangs,	in his anointed flesh stick boarish fangs
Rashness	Rashness,	1.1.153	Lr. I, 1, 153	headword on cited line							this hideous rashness answer my life my judgement
Ratsbane	Ratsbane,	3.4.55	Lr. III, 4, 55	prose row break	3.4.56	1					under his pillow and halters in his pew set
Raze2	Raze,	1.4.4	Lr. I, 4, 4	quotation on cited line						I razed my likeness,	for which i razed my likeness now banished kent
Reason2	Reason,	5.1.28	Lr. V, 1, 28	quotation on cited line						why is this reasoned?	sir you speak nobly why is this reasoned
Reason2	Reason,	1.2.114	Lr. I, 2, 114	quotation on cited line						though the wisdom of nature can reason it thus and thus,	nature can reason it thus and thus yet nature finds
Reason2	Reason,	2.4.267	II, 4, 267	quotation on cited line						reason not the need,	o reason not the need our basest beggars
Rebel-like	Rebel-like,	4.3.16	Lr. IV, 3, 16	headword on cited line							over her passion who most rebellike
Reciprocal	Reciprocal,	4.6.267	Lr. IV, 6, 267	headword on cited line							let our reciprocal vows be
Recreant2	Recreant,	1.1.163	Lr. I, 1, 163	quotation on cited line, with differences			67%	recreant		O vassal, r.!	thou swearst thy gods in vain o vassal miscreant dear sir forbear
Recreant2	Recreant,	1.1.163	Lr. I, 1, 163	quotation elsewhere in scene	1.1.169	6	100%			hear me, recreant	thou swearst thy gods in vain o vassal miscreant dear sir forbear
Redress1	Redress,	1.4.225	Lr. I, 4, 225	quotation on cited line						to have found a safe redress	to have found a safe redress but now grow fearful
Redress1	Redress,	1.4.225	Lr. I, 4, 225	headword on cited line	1.4.229		100%			nor the redresses sleep,	to have found a safe redress but now grow fearful
Reek2	Reek,	2.4.30	Lr. II, 4, 30	quotation on cited line						a reeking post,	my duty kneeling came there a reeking post
Regan	Regan,	1.1.69	Lr. I, 1, 69	headword on cited line							our dearest regan wife to cornwall speak
Regard1	Regard,	1.4.287	Lr. I, 4, 287	quotation on cited line						and in the most exact regard support the worships of their name,	and in the most exact regard support
Regard1	Regard,	1.1.242	Lr. I, 1, 242	quotation on cited line						love's not love when it is mingled with regards that stand aloof from the entire point,	when it is mingled with regards that stand
Region	Region,	1.1.147	Lr. I, 1, 147	quotation on cited line						though the fork invade the region of my heart,	the region of my heart be kent unmannerly
Relish2	Relish,	1.2.51	Lr. I, 2, 51	headword on cited line							cannot relish them i begin to find an idle and
Remainder	Remainder,	1.4.271	Lr. I, 4, 271	quotation on cited line, with differences			100%		that shall still depend	and the remainder to be such men,	and the remainder that shall still depend
Remediate	Remediate,	4.4.17	Lr. IV, 4, 17	quotation on cited line						be aidant and remediate in the good man's distress,	spring with my tears be aidant and remediate
Remorse	Remorse,	4.2.73	Lr. IV, 2, 73	headword on cited line							a servant that he bred thrilled with remorse
Remotion	Remotion,	2.4.115	Lr. II, 4, 115	quotation on cited line						this remotion of the duke and her is practice only,	that this remotion of the duke and her
Remove1	Remove,	2.4.4	Lr. II, 4, 4	quotation on cited line						there was no purpose in them of this remove	of this remove hail to thee noble master
Renege	Renege	2.2.84	Lr. II, 2, 84	quotation on cited line						r., affirm,	renege affirm and turn their halcyon beaks
Renounce	Renounce,	4.6.35	Lr. IV, 6, 35	headword on cited line							this world i do renounce and in your sights
Rent1	Rent,	1.4.148	Lr. I, 4, 148	headword on cited line							the rent of his land comes to he will not believe
Repair3	Repair,	4.1.79	Lr. IV, 1, 79	quotation on cited line						I'll repair the misery thou dost bear with something rich about me,	and ill repair the misery thou dost bear
Repair3	Repair,	4.7.28	IV, 7, 28	quotation on cited line						let this kiss repair those violent harms,	repair those violent harms that my two sisters
Repeal2	Repeal,	3.6.120	Lr. III, 6, 120	quotation on cited line						when false opinion . . . repeals and reconciles thee,	in thy just proof repeals and reconciles thee
Report1	Report,	4.7.5	Lr. IV, 7, 5	quotation on cited line						all my reports go with the modest truth,	all my reports go with the modest truth
Report1	Report,	3.1.37	Lr. III, 1, 37	quotation on cited line						making just report	some that will thank you making just report
Report1	Report,	4.6.144	Lr. IV, 6, 144	quotation on cited line						I would not take this from report	i would not take this from report it is
Report1	Report,	4.7.92	IV, 7, 92	quotation on cited line						report is changeable,	report is changeable tis time to
Reposal	Reposal	2.1.70	Lr. II, 1, 70	quotation on cited line						would the reposal of any trust, virtue, or worth in thee make thy words faithed?	if i would stand against thee would the reposal
Reprieve1	Reprieve,	5.3.249	Lr. V, 3, 249	quotation on cited line						thy token of reprieve	thy token of reprieve
Reproveable	Reproveable,	3.5.9	Lr. III, 5, 9	headword on cited line							reproveable badness in himself
Rescue1	Rescue,	4.6.194	Lr. IV, 6, 194	quotation on cited line						no r.?	no rescue what a prisoner i am even
Reservation	Reservation,	1.1.135	Lr. I, 1, 135	quotation on cited line						with reservation of an hundred knights,	with reservation of an hundred knights
Reservation	Reservation,	2.4.255	II, 4, 255	quotation on cited line						but kept a reservation to be followed with such a number,	but kept a reservation to be followed
Reserve	Reserve,	1.1.151	Lr. I, 1, 151	quotation not found; headword not found near cited line						reserve thy state,	when majesty stoops to folly reverse thy doom
Reserve	Reserve,	3.4.67	III, 4, 67	quotation on cited line						he reserved a blanket,	nay he reserved a blanket else we had
Resign	Resign,	5.3.298	Lr. V, 3, 298	headword on cited line							shall be applied for us we will resign
Respect1	Respect,	1.1.242	Lr. I, 1, 242	quotation on cited line, with differences			90%	respects	regards	mingled with respects that stand aloof from the entire point,	when it is mingled with regards that stand
Respect1	Respect,	1.1.242	Lr. I, 1, 242	quotation elsewhere in scene	1.1.251	9	100%			respects of fortune are his love,	when it is mingled with regards that stand
Respect1	Respect,	1.2.69	Lr. I, 2, 69	quotation on cited line						in respect of that I would fain think it were not,	durst swear it were his but in respect of that i
Respect1	Respect,	4.6.86	Lr. IV, 6, 86	quotation on cited line						nature's above art in that respect	natures above art in that respect
Respect1	Respect,	2.2.137	Lr. II, 2, 137	quotation on cited line						you shall do small r., show too bold malice against . . . . my master,	you shall do small respect show too bold malice
Respect1	Respect,	1.1.258	Lr. I, 1, 258	quotation on cited line, with differences			92%	coldest	coldst	that from their coldest neglect my love should kindle to inflamed respect	my love should kindle to inflamed respect
Respect1	Respect,	2.4.24	II, 4, 24	quotation on cited line						to do upon respect such violent outrage,	to do upon respect such violent outrage
Restoration	Restoration,	4.7.26	Lr. IV, 7, 26	headword on cited line							o my dear father restoration hang
Restrain	Restrain,	2.2.154	Lr. II, 2, 154	quotation on cited line						should have him thus restrained,	should have him thus restrained ill answer that
Restrain	Restrain,	2.4.145	Lr. II, 4, 145	quotation on cited line, with differences			100%		sir perchance	if she have restrained the riots of your followers,	she have restrained the riots of your followers
Resume	Resume,	1.4.331	Lr. I, 4, 331	headword on cited line							that ill resume the shape which thou dost think
Retention	Retention,	5.3.47	Lr. V, 3, 47	quotation on cited line, with differences			100%		old and miserable	to send the king to some retention and appointed guard,	to some retention and appointed guard
Retinue	Retinue,	1.4.221	Lr. I, 4, 221	headword on cited line							but other of your insolent retinue
Return1	Return,	1.4.363	Lr. I, 4, 363	headword on cited line							and hasten your return no no my lord
Return1	Return,	4.3.6	IV, 3, 6	headword on cited line							danger that his personal return was most
Return1	Return,	2.4.153	Lr. II, 4, 153	headword on cited line							that to our sister you do make return
Reveal	Reveal,	5.3.192	Lr. V, 3, 192	quotation on cited line, with differences			100%		o fault	never revealed myself unto him,	never o fault revealed myself unto him
Reverb	Reverb,	1.1.156	Lr. I, 1, 156	quotation on cited line						whose low sound reverbs no hollowness,	reverbs no hollowness kent on thy life no more
Reverse2	Reverse,	1.1.151	Lr. I, 1, 151	headword on cited line							when majesty stoops to folly reverse thy doom
Revolt1	Revolt,	2.4.91	Lr. II, 4, 91	quotation on cited line						images of revolt and flying off,	the images of revolt and flying off
Riched	Riched,	1.1.65	Lr. I, 1, 65	quotation on cited line, with differences			86%	forests	forest	with shadowy forests and with champains riched	with shadowy forest and with champains riched
Rid	Rid,	5.1.64	Lr. V, 1, 64	headword on cited line							let her who would be rid of him devise
Right2	Right,	3.2.85	Lr. III, 2, 85	quotation on cited line						when every case in law is right	when every case in law is right
Rightly	Rightly,	1.1.186	Lr. I, 1, 186	quotation on cited line, with differences			88%	thinkest	thinkst	that justly thinkest and hast most rightly said,	that justly thinkst and hast most rightly said
Rightly	Rightly,	1.4.243	Lr. I, 4, 243	quotation on cited line						transform you from what you rightly are,	from what you rightly are
Rigour	Rigour,	5.1.22	Lr. V, 1, 22	quotation on cited line						whom the rigour of our state forced to cry out,	with others whom the rigour of our state
Riotous	Riotous,	1.3.6	Lr. I, 3, 6	quotation on cited line						his knights grow riotous	his knights grow riotous and himself upbraids us
Riotous	Riotous,	1.4.265	Lr. I, 4, 265	headword on cited line							shows like a riotous inn epicurism and lust
Riotous	Riotous,	2.1.96	II, 1, 96	headword on cited line							was he not companion with the riotous knights
Riotous	Riotous,	4.6.125	Lr. IV, 6, 125	quotation on cited line, with differences			88%	it	t	goes to it with a more riotous appetite,	with a more riotous appetite
Rip	Rip,	4.6.265	Lr. IV, 6, 265	quotation on cited line						to know our enemies' minds, we'ld rip their hearts,	to know our enemies minds weld rip their hearts
Ripeness	Ripeness,	5.2.11	Lr. V, 2, 11	quotation on cited line						ripeness is all,	ripeness is all come on and thats true too
Rival2	Rival,	1.1.194	Lr. I, 1, 194	quotation on cited line, with differences			89%	rivaled	rivalled	who with this king hath rivaled for our daughter,	hath rivalled for our daughter what in the least
Rive	Rive,	3.2.58	Lr. III, 2, 58	quotation on cited line						close pent-up guilts, rive your concealing continents,	rive your concealing continents and cry
Robber	Robber,	3.7.40	Lr. III, 7, 40	headword on cited line							with robbers hands my hospitable favours
Robe	Robe,	4.6.169	Lr. IV, 6, 169	headword on cited line							robes and furred gowns hide all plate sin with gold
Robed	Robed,	3.6.38	Lr. III, 6, 38	quotation on cited line						thou robed man of justice,	thou robed man of justice take thy place
Roguish	Roguish,	3.7.104	Lr. III, 7, 104	quotation on cited line						get the Bedlam to lead him where he would; his roguish madness allows itself to any thing,	to lead him where he would his roguish madness
Rosemary	Rosemary,	2.3.16	Lr. II, 3, 16	headword on cited line							pins wooden pricks nails sprigs of rosemary
Rot2	Rot,	5.3.285	Lr. V, 3, 285	headword on cited line							hell strike and quickly too hes dead and rotten
Rot2	Rot,	5.2.8	Lr. V, 2, 8	headword on cited line							no farther sir a man may rot even here
Rotundity	Rotundity,	3.2.7	Lr. III, 2, 7	headword on cited line							smite flat the thick rotundity o the world
Roughness	Roughness,	2.2.103	Lr. II, 2, 103	quotation on cited line						doth affect a saucy roughness	a saucy roughness and constrains the garb
Round1	Round,	1.4.58	Lr. I, 4, 58	quotation on cited line						he answered me in the roundest manner he would not,	sir he answered me in the roundest
Round-wombed	Round-wombed,	1.1.14	Lr. I, 1, 14	headword on cited line							whereupon she grew roundwombed and had
Royalty	Royalty,	2.2.40	Lr. II, 2, 40	quotation on cited line						take vanity the puppet's part against the royalty of her father,	part against the royalty of her father draw you
Royalty	Royalty,	1.3.91	I, 3, 91	headword not found near cited line							(no such line)
Rub2	Rub,	2.2.161	Lr. II, 2, 161	quotation on cited line, with differences			88%	rubed	all the world well knows rubbed	whose disposition will not be rubed nor stopped,	will not be rubbed nor stopped ill entreat for thee
Rude	Rude,	4.2.30	Lr. IV, 2, 30	headword on cited line							you are not worth the dust which the rude wind
Ruffian1	Ruffian,	2.2.67	Lr. II, 2, 67	headword on cited line							this ancient ruffian sir whose life i
Ruffle2	Ruffle,	3.7.41	Lr. III, 7, 41	quotation on cited line						with robbers' hands my hospitable favours you should not ruffle thus,	you should not ruffle thus what will you do
Ruffle2	Ruffle,	2.4.304	Lr. II, 4, 304	quotation on cited line						the bleak winds do sorely ruffle	do sorely ruffle for many miles about
Ruinous	Ruinous,	1.2.123	Lr. I, 2, 123	quotation on cited line, with differences			86%	hollowness	hollownwss	machinations, hollowness, treachery, and all ruinous disorders,	hollownwss treachery and all ruinous disorders follow
Rumble	Rumble,	3.2.14	Lr. III, 2, 14	headword on cited line							rumble thy bellyful spit fire spout rain
Rustle	Rustle,	3.4.98	Lr. III, 4, 98	headword on cited line							shoes nor the rustling of silks betray thy poor
Rustle	Rustle,	2.4.304	Lr. II, 4, 304	headword not found near cited line							do sorely ruffle for many miles about
Sa	Sa,	4.6.207	Lr. IV, 6, 207	headword on cited line							it you shall get it with running sa sa sa sa
Saddle2	Saddle,	1.4.274	Lr. I, 4, 274	headword on cited line							saddle my horses call my train together
Safely	Safely,	5.3.144	Lr. V, 3, 144	quotation on cited line						what safe and nicely I might well delay,	what safe and nicely i might well delay
Salt1	Salt,	4.6.199	Lr. IV, 6, 199	quotation on cited line						this would make a man a man of salt	why this would make a man a man of salt
Salutation	Salutation,	2.4.32	Lr. II, 4, 32	headword on cited line							from goneril his mistress salutations
Samphire	Samphire	4.6.15	Lr. IV, 6, 15	headword on cited line							hangs one that gathers samphire dreadful trade
Sand	Sand,	4.6.280	Lr. IV, 6, 280	headword on cited line							and the exchange my brother here in the sands
Sapient	Sapient,	3.6.24	Lr. III, 6, 24	quotation on cited line						thou, sapient sir, sit here,	thou sapient sir sit here now you she foxes
Sarum plain	Sarum plain,	2.2.89	Lr. II, 2, 89	headword on cited line							goose if i had you upon sarum plain
Saucily	Saucily,	1.1.22	Lr. I, 1, 22	quotation on cited line						this knave came something saucily into the world before he was sent for,	saucily into the world before he was sent for yet
Saucily	Saucily,	2.4.41	II, 4, 41	quotation on cited line						displayed so saucily against your highness,	displayed so saucily against your highness
Savage	Savage,	3.3.7	Lr. III, 3, 7	headword on cited line							most savage and unnatural
Savour1	Savour,	1.4.258	Lr. I, 4, 258	quotation on cited line, with differences			82%	othe savour	sir o the savor	this admiration is much o'the savour of other your new pranks,	this admiration sir is much o the savor
Savour2	Savour,	4.2.39	Lr. IV, 2, 39	quotation on cited line						filths savour but themselves,	filths savour but themselves what have you done
Saw1	Saw,	2.2.167	Lr. II, 2, 167	quotation on cited line						that must approve the common saw	good king that must approve the common saw
Say2	Say,	5.3.143	Lr. V, 3, 143	quotation on cited line						thy tongue some say of breeding breathes,	and that thy tongue some say of breeding breathes
Scald2	Scald,	4.6.131	Lr. IV, 6, 131	quotation on cited line, with differences			100%		darkness theres the sulphurous pit	there's hell, . . . there's burning, scalding,	burning scalding stench consumption fie fie
Scald2	Scald,	4.7.48	IV, 7, 48	quotation on cited line						a wheel of fire, that mine own tears do scald like molten lead,	do scald like molten lead sir do you know me
Scant3	Scant,	2.4.178	Lr. II, 4, 178	quotation on cited line						to scant my sizes,	to bandy hasty words to scant my sizes
Scant3	Scant,	1.1.281	Lr. I, 1, 281	quotation on cited line						you have obedience scanted,	at fortunes alms you have obedience scanted
Scant3	Scant,	2.4.142	II, 4, 142	quotation on cited line						to scant her duty,	than she to scant her duty say how is that
Scant3	Scant,	3.2.67	III, 2, 67	quotation on cited line						force their scanted courtesy,	their scanted courtesy my wits begin to turn
Scarcely	Scarcely,	1.2.179	Lr. I, 2, 179	headword on cited line							person it would scarcely allay
Scarcely	Scarcely,	2.4.273	II, 4, 273	headword on cited line							which scarcely keeps thee warm but for true need
Scarcely	Scarcely,	3.6.110	III, 6, 110	headword on cited line							we scarcely think our miseries our foes
Scarcely	Scarcely,	5.3.148	V, 3, 148	headword on cited line							which for they yet glance by and scarcely bruise
Scare	Scare,	4.1.59	Lr. IV, 1, 59	quotation on cited line, with differences			100%		good	scared out of his wits,	footpath poor tom hath been scared out of his good
Schoolmaster	Schoolmaster,	1.4.195	Lr. I, 4, 195	headword on cited line							prithee nuncle keep a schoolmaster that can
Schoolmaster	Schoolmaster,	2.4.307	II, 4, 307	headword on cited line							must be their schoolmasters shut up your doors
Scope	Scope,	1.4.314	Lr. I, 4, 314	quotation on cited line, with differences			90%	his	this	let his disposition have that scope that dotage gives it,	but let this disposition have that scope
Scornful	Scornful,	2.4.168	Lr. II, 4, 168	headword on cited line							into her scornful eyes infect her beauty
Scourge2	Scourge,	1.2.115	Lr. I, 2, 115	headword on cited line							itself scourged by the sequent effects love cools
Scourge2	Scourge,	5.3.171	V, 3, 171	headword not found near cited line							make instruments to plague us
Scythian	Scythian,	1.1.118	Lr. I, 1, 118	quotation on cited line						the barbarous Scythian	hold thee from this for ever the barbarous scythian
Sea-monster	Sea-monster,	1.4.283	Lr. I, 4, 283	quotation on cited line, with differences			92%	showest	thou marblehearted fiend showst	ingratitude, more hideous when thou showest thee in a child than the sea-monster	than the seamonster pray sir be patient
Sea-monster	Sea-monster,	4.2.50	Lr. IV, 2, 50	headword not found near cited line							like monsters of the deep milklivered man
Season1	Season,	3.4.32	Lr. III, 4, 32	quotation on cited line						defend you from seasons such as these,	from seasons such as these o i have taen
Season1	Season,	2.1.121	Lr. II, 1, 121	headword on cited line							thus out of season threading dark eyed night
Second2	Second,	4.6.198	Lr. IV, 6, 198	quotation on cited line						no seconds? all myself?	no seconds all myself
Secret2	Secret,	3.1.32	Lr. III, 1, 32	quotation on cited line						have secret feet in some of our best ports,	wise in our negligence have secret feet
Sect	Sect,	5.3.18	Lr. V, 3, 18	quotation on cited line						packs and sects of great ones,	in a walled prison packs and sects of great ones
Sectary	Sectary,	1.2.164	Lr. I, 2, 164	quotation on cited line						how long have you been a sectary astronomical?	how long have you been a sectary
Secure2	Secure,	4.1.22	Lr. IV, 1, 22	quotation on cited line						our means secure us, and our mere defects prove our commodities,	our means secure us and our mere defects
Self2	Self,	1.1.71	Lr. I, 1, 71	quotation on cited line, with differences			82%	that self	the selfsame	I am made of that self metal that my sister is,	of the selfsame metal that my sister is
Self2	Self,	4.3.36	Lr. IV, 3, 36	quotation on cited line						else one self mate and mate could not beget such different issues,	else one self mate and mate could not beget
Self-covered	Self-covered,	4.2.62	Lr. IV, 2, 62	quotation on cited line						thou changed and self-covered thing, for shame, bemonster not thy feature,	thou changed and selfcovered thing for shame
Self-reproving	Self-reproving,	5.1.4	Lr. V, 1, 4	quotation on cited line						he's full of alteration and self-reproving	and selfreproving bring his constant pleasure
Self-subdued	Self-subdued,	2.2.129	Lr. II, 2, 129	headword on cited line							for him attempting who was selfsubdued
Semblance	Semblance	5.3.187	Lr. V, 3, 187	quotation on cited line						to assume a semblance that very dogs disdained,	into a madmans rags to assume a semblance
Sepulchre2	Sepulchre,	2.4.134	Lr. II, 4, 134	headword on cited line							sepulchring an adultress o are you free
Sequent1	Sequent,	1.2.115	Lr. I, 2, 115	quotation on cited line						nature finds itself scourged by the sequent effects,	itself scourged by the sequent effects love cools
Serious	Serious,	1.2.150	Lr. I, 2, 150	quotation on cited line						what serious contemplation are you in,	how now brother edmund what
Serious	Serious,	4.5.8	Lr. IV, 5, 8	headword on cited line							faith he is posted hence on serious matter
Serpent-like	Serpent-like,	2.4.163	Lr. II, 4, 163	headword on cited line							most serpentlike upon the very heart
Serviceable	Serviceable,	4.6.257	Lr. IV, 6, 257	quotation on cited line						a serviceable villain, as duteous to the vices of thy mistress as badness would desire,	i know thee well a serviceable villain
Servile	Servile,	3.2.21	Lr. III, 2, 21	headword on cited line							but yet i call you servile ministers
Serving-man	Serving-man,	3.4.87	Lr. III, 4, 87	quotation on cited line						a serving-man proud in heart and mind, that curled my hair,	a servingman proud in heart and mind
Sessa	Sessa,	3.4.104	Lr. III, 4, 104	quotation on cited line, with differences			100%		my boy	Dolphin my boy, s.! let him trot by,	dolphin my boy my boy sessa let him trot by
Sessa	Sessa,	3.6.77	III, 6, 77	quotation on cited line						dogs leap the hatch, and all are fled. Do de de de. S.! come march to wakes,	do de de de sessa come march to wakes
Session	Session,	5.3.54	Lr. V, 3, 54	headword on cited line							where you shall hold your session at this time
Settle	Settle,	4.7.82	Lr. IV, 7, 82	quotation on cited line, with differences			71%	no settleing	not	trouble him no more till further settleing,	till further settling
Sever	Sever,	4.6.289	Lr. IV, 6, 289	headword on cited line							so should my thoughts be severed from my griefs
Shadowy	Shadowy,	1.1.65	Lr. I, 1, 65	headword on cited line							with shadowy forest and with champains riched
Shaft	Shaft,	1.1.145	Lr. I, 1, 145	headword on cited line							the bow is bent and drawn make from the shaft
Shank	Shank,	2.2.41	Lr II, 2, 41	headword on cited line							rogue or ill so carbonado your shanks draw
Shape2	Shape,	1.1.190	Lr. I, 1, 190	quotation on cited line						he'll shape his old course in a country new,	hell shape his old course in a country new
Sharpness	Sharpness,	5.3.57	Lr. V, 3, 57	quotation on cited line, with differences			100%		in the heat	the best quarrels are cursed by those that feel their sharpness	by those that feel their sharpness
Sharp-toothed	Sharp-toothed,	2.4.137	Lr. II, 4, 137	quotation on cited line						sharp-toothed unkindness,	sharptoothed unkindness like a vulture here
Shealed	Shealed,	1.4.219	Lr. I, 4, 219	quotation on cited line						that's a shealed peascod,	thats a shealed peascod
Sheep-cote	Sheep-cote,	2.3.18	Lr. II, 3, 18	headword on cited line							poor pelting villages sheepcotes and mills
She-fox	She-fox,	3.6.24	Lr. III, 6, 24	headword on cited line							thou sapient sir sit here now you she foxes
Shell	Shell,	1.5.27	Lr. I, 5, 27	headword on cited line							shell
Shelter1	Shelter,	1.1.185	Lr. I, 1, 185	quotation on cited line						the gods to their dear shelter take thee,	the gods to their dear shelter take thee maid
Shield2	Shield,	4.2.67	Lr. IV, 2, 67	quotation on cited line						a woman's shape doth shield thee,	a womans shape doth shield thee
Shield2	Shield,	1.1.177	Lr. I, 1, 177	quotation on cited line						to shield thee from diseases of the world,	to shield thee from diseases of the world
Shift2	Shift,	5.3.186	Lr. V, 3, 186	quotation on cited line						taught me to shift into a madman's rags,	rather than die at once taught me to shift
Shift2	Shift,	5.3.186	Lr. V, 3, 186	headword on cited line							rather than die at once taught me to shift
Shiver	Shiver,	4.6.51	Lr. IV, 6, 51	quotation on cited line						thou'dst shivered like an egg,	thoudst shivered like an egg but thou dost breathe
Shoe2	Shoe,	4.6.188	Lr. IV, 6, 188	headword on cited line							it were a delicate stratagem to shoe
Shorten	Shorten,	4.7.9	Lr. IV, 7, 9	quotation on cited line						to be known shortens my made intent,	yet to be known shortens my made intent
Shrill-gorged	Shrill-gorged,	4.6.58	Lr. IV, 6, 58	quotation on cited line						the shrill-gorged lark,	look up aheight the shrillgorged lark so far
Sickly1	Sickly,	2.4.112	Lr. II, 4, 112	headword on cited line							to take the indisposed and sickly fit
Side-piercing	Side-piercing,	4.6.85	Lr. IV, 6, 85	quotation on cited line						O thou side-piercing sight,	o thou sidepiercing sight
Silk	Silk,	3.4.108	Lr. III, 4, 108	headword on cited line							consider him well thou owest the worm no silk
Silk	Silk,	3.4.98	Lr. III, 4, 98	headword on cited line							shoes nor the rustling of silks betray thy poor
Silly	Silly	2.2.109	Lr. II, 2, 109	quotation on cited line						silly ducking observants that stretch their duties nicely,	than twenty silly ducking observants
Simpering	Simpering,	4.6.120	Lr. IV, 6, 120	quotation on cited line						yond simpering dame,	behold yond simpering dame
Simple2	Simple,	4.4.14	Lr. IV, 4, 14	quotation on cited line						that to provoke in him, are many simples operative,	are many simples operative whose power
Simple-answered	Simple-answered,	3.7.43	Lr. III, 7, 43	headword on cited line						be simple-answered	be simple answerer for we know the truth
Simular1	Simular,	3.2.54	Lr. III, 2, 54	quotation on cited line, with differences			100%		man	simular of virtue,	thou perjured and thou simular man of virtue
Simular2	Simular,	3.2.54	Lr. III, 2, 54	quotation on cited line						simular man of virtue,	thou perjured and thou simular man of virtue
Singe	Singe,	3.2.6	Lr. III, 2, 6	headword on cited line							singe my white head and thou allshaking thunder
Size1	Size,	2.4.178	Lr. II, 4, 178	quotation on cited line						to scant my sizes,	to bandy hasty words to scant my sizes
Skip	Skip,	5.3.277	Lr. V, 3, 277	headword on cited line							i would have made them skip i am old now
Slack1	Slack,	1.3.9	Lr. I, 3, 9	quotation on cited line						if you come slack of former services,	if you come slack of former services
Slack2	Slack,	2.4.248	Lr. II, 4, 248	quotation on cited line						if then they chanced to slack you, we could control them,	why not my lord if then they chanced to slack you
Slaughter1	Slaughter,	1.4.342	Lr. I, 4, 342	headword on cited line							should sure to the slaughter
Slaughter1	Slaughter,	4.0	IV Prol. 40	not a Lear citation							
Slaughter1	Slaughter,	4.3.2	IV, 3, 2	headword not found near cited line							gone back know you the reason
Slave2	Slave,	4.1.71	Lr. IV, 1, 71	quotation on cited line, with differences			100%		that will not see because he doth not feel	let the superfluous and lust-dieted man, that slaves your ordinance, feel your power quickly,	that slaves your ordinance that will not see
Slayer	Slayer,	4.2.57	Lr. IV, 2, 57	quotation on cited line, with differences			86%	slayer	state	with plumed helm thy slayer begins threats,	with plumed helm thy state begins threats
Slenderly	Slenderly,	1.1.297	Lr. I, 1, 297	quotation on cited line						he hath ever but slenderly known himself,	ever but slenderly known himself
Slightly	Slightly,	2.2.153	Lr. II, 2, 153	quotation on cited line						so slightly valued in his messenger,	that hes so slightly valued in his messenger
Slipshod	Slipshod,	1.5.12	Lr. I, 5, 12	headword on cited line							neer go slipshod
Sliver2	Sliver,	4.2.34	Lr. IV, 2, 34	quotation on cited line						she that herself will sliver and disbranch from her material sap,	she that herself will sliver and disbranch
Smell2	Smell,	2.4.72	Lr. II, 4, 72	headword on cited line							twenty but can smell him thats stinking let
Smell2	Smell,	3.4.189	III, 4, 189	headword on cited line							i smell the blood of a british man
Smell2	Smell,	4.6.183	IV, 6, 183	headword on cited line							thou knowst the first time that we smell the air
Smell2	Smell,	1.5.23	Lr. I, 5, 23	headword on cited line							nose that what a man cannot smell out he may
Smell2	Smell,	3.7.93	Lr. III, 7, 93	quotation on cited line						let him smell his way to Dover,	go thrust him out at gates and let him smell
Smell2	Smell,	1.1.16	Lr. I, 1, 16	headword on cited line							husband for her bed do you smell a fault
Smell2	Smell,	4.6.105	Lr. IV, 6, 105	quotation on cited line						there I smelt 'em out,	em there i smelt em out go to they are not
Smell2	Smell,	4.6.136	Lr. IV, 6, 136	quotation on cited line						it smells of mortality,	let me wipe it first it smells of mortality
Smilet	Smilet,	4.3.21	Lr. IV, 3, 21	headword on cited line						smile:	were like a better way those happy smilets
Smilingly	Smilingly,	5.3.199	Lr. V, 3, 199	headword on cited line							burst smilingly this speech of yours hath moved me
Smite	Smite	3.2.7	Lr. III, 2, 7	quotation on cited line						smite flat the thick rotundity o' the world,	smite flat the thick rotundity o the world
Smoke2	Smoke,	5.3.223	Lr. V, 3, 223	headword on cited line							what means that bloody knife tis hot it smokes
Smooth3	Smooth,	2.2.81	Lr. II, 2, 81	quotation on cited line						smooth every passion that in the natures of their lords rebel,	which are too intrinse t unloose smooth every passion
Smug	Smug,	4.6.202	Lr. IV, 6, 202	quotation on cited line, with differences			88%	smug		I will die bravely, like a smug bridegroom,	i will die bravely like a bridegroom what
Smulkin	Smulkin	3.4.146	Lr. III, 4, 146	headword on cited line							beware my follower peace smulkin peace thou fiend
Snail	Snail,	1.5.29	Lr. I, 5, 29	headword on cited line							nor i neither but i can tell why a snail
Snatch2	Snatch,	1.4.169	Lr. I, 4, 169	quotation on cited line, with differences			spacing			they 'll be snatching,	have all fool to myself theyll be snatching
Snuff1	Snuff,	4.6.39	Lr. IV, 6, 39	quotation on cited line						my snuff and loathed part of nature should burn itself out,	my snuff and loathed part of nature should
Snuff1	Snuff,	3.1.26	Lr. III, 1, 26	quotation on cited line						what hath been seen, either in snuffs and packings of the dukes,	either in snuffs and packings of the dukes
Society	Society,	5.3.210	Lr. V, 3, 210	headword on cited line							shunned my abhorred society but then finding who
Soiled	Soiled,	4.6.124	Lr. IV, 6, 124	quotation on cited line, with differences			spacing			the fitchew, nor the soiled horse, goes to't with a more riotous appetite,	the fitchew nor the soiled horse goes to t
Sojourn1	Sojourn,	1.1.48	Lr. I, 1, 48	quotation on cited line						in our court have made their amorous sojourn	long in our court have made their amorous sojourn
Sojourn2	Sojourn,	2.1.105	Lr. II, 1, 105	headword on cited line							that if they come to sojourn at my house
Sojourn2	Sojourn,	2.4.206	II, 4, 206	headword on cited line							you will return and sojourn with my sister
Sol2	Sol,	1.2.149	Lr. I, 2, 149	headword on cited line							portend these divisions fa sol la mi
Solicit2	Solicit,	1.1.234	Lr. I, 1, 234	quotation on cited line, with differences			spacing			a still soliciting eye,	a stillsoliciting eye and such a tongue
Son-in-law	Son-in-law,	4.6.190	Lr. IV, 6, 190	headword not found near cited line							and when i have stoln upon these sonsinlaw
Soothe	Soothe,	3.4.182	Lr. III, 4, 182	quotation on cited line						good my Lord, soothe him; let him take the fellow,	good my lord soothe him let him take the fellow
Sop	Sop,	2.2.35	Lr. II, 2, 35	quotation on cited line						I'll make a sop o' the moonshine of you,	sop o the moonshine of you draw you
Sophisticated	Sophisticated,	3.4.110	Lr. III, 4, 110	quotation on cited line, with differences			spacing			here's three on's are sophisticated	perfume ha heres three on s are
Sore3	Sore,	3.5.24	Lr. III, 5, 24	quotation on cited line						though the conflict be sore	conflict be sore between that and my blood
Sorely	Sorely,	2.4.304	Lr. II, 4, 304	quotation on cited line						the bleak winds do sorely ruffle,	do sorely ruffle for many miles about
Sot	Sot,	4.2.8	Lr. IV, 2, 8	headword on cited line							when i informed him then he called me sot
Space	Space,	1.1.57	Lr. I, 1, 57	quotation on cited line						dearer than eyesight, space and liberty,	dearer than eyesight space and liberty
Space	Space,	1.1.57	Lr. I, 1, 57	headword on cited line	1.1.83		100%			no less in space	dearer than eyesight space and liberty
Space	Space,	4.6.278	IV, 6, 278	quotation on cited line						O undistinguished space of woman's will,	o undistinguished space of womans will
Space	Space,	5.3.53	Lr. V, 3, 53	quotation on cited line						tomorrow, or at further space	tomorrow or at further space to appear
Spark	Spark,	3.4.118	Lr. III, 4, 118	headword on cited line							spark all the rest ons body cold look here
Spark	Spark,	3.7.86	Lr. III, 7, 86	quotation on cited line						enkindle all the sparks of nature,	edmund enkindle all the sparks of nature
Spectacle	Spectacle,	1.2.36	Lr. I, 2, 36	headword on cited line							spectacles
Speculation	Speculation,	3.1.24	Lr. III, 1, 24	quotation on cited line, with differences			92%	of	who seem no less to	servants . . . which are to France the spies and speculations intelligent of our state,	which are to france the spies and speculations
Speed2	Speed,	1.2.19	Lr. I, 2, 19	quotation on cited line, with differences			100%		and my invention thrive	if this letter s., Edmund the base shall top the legitimate,	well my legitimate if this letter speed
Speed2	Speed,	4.6.212	Lr. IV, 6, 212	headword on cited line							hail gentle sir sir speed you whats your will
Speed2	Speed,	4.6.212	Lr. IV, 6, 212	headword on cited line							hail gentle sir sir speed you whats your will
Spherical	Spherical,	1.2.134	Lr. I, 2, 134	quotation on cited line						knaves, thieves, and treachers, by spherical predominance,	by spherical predominance drunkards liars and
Spit1	Spit,	3.6.16	Lr. III, 6, 16	headword on cited line							to have a thousand with red burning spits
Spite1	Spite,	2.4.33	Lr. II, 4, 33	headword on cited line							delivered letters spite of intermission
Spleen	Spleen,	1.4.304	Lr. I, 4, 304	quotation on cited line						create her child of spleen	create her child of spleen that it may live
Spoil1	Spoil,	2.1.102	Lr. II, 1, 102	quotation on cited line, with differences			78%	and spoil	expense and	to have the waste and spoil of his revenues,	to have the expense and waste of his revenues
Spoil2	Spoil,	5.3.278	Lr. V, 3, 278	quotation on cited line						these same crosses spoil me,	and these same crosses spoil me who are you
Spouse	Spouse,	3.4.84	Lr. III, 4, 84	headword on cited line							commit not with mans sworn spouse set not thy
Sprig	Sprig,	2.3.16	Lr. II, 3, 16	headword on cited line							pins wooden pricks nails sprigs of rosemary
Spy1	Spy,	3.1.24	Lr. III, 1, 24	headword on cited line							which are to france the spies and speculations
Spy1	Spy,	5.3.17	V, 3, 17	headword on cited line							as if we were gods spies and well wear out
Square1	Square,	1.1.76	Lr. I, 1, 76	quotation on cited line, with differences			91%	professes		all other joys, which the most precious square of sense professes,	which the most precious square of sense possesses
Square1	Square,	1.1.76	Lr. I, 1, 76	quotation on cited line						all other joys, which the most precious square of sense possesses,	which the most precious square of sense possesses
Squint	Squint,	3.4.122	Lr. III, 4, 122	quotation on cited line						squints the eye,	he gives the web and the pin squints the eye and
Squiny	Squiny,	4.6.140	Lr. IV, 6, 140	quotation on cited line, with differences			80%	squiny	squint	dost thou squiny at me?	dost thou squint at me no do thy worst
Squire-like	Squire-like,	2.4.217	Lr. II, 4, 217	quotation on cited line						to knee his throne and squire-like pension beg,	to knee his throne and squirelike pension beg
Stake1	Stake,	2.1.64	Lr. II, 1, 64	quotation on cited line						bringing the murderous coward to the stake	bringing the murderous coward to the stake
Stake1	Stake,	3.7.54	Lr. III, 7, 54	headword on cited line							i am tied to the stake and i must stand the course
Stale2	Stale,	1.2.13	Lr. I, 2, 13	headword on cited line							than doth within a dull stale tired bed
Star-blasting	Star-blasting,	3.4.60	Lr. III, 4, 60	prose row break	3.4.61	1					do de do de bless thee from whirlwinds
Start1	Start,	1.1.304	Lr. I, 1, 304	quotation on cited line						such unconstant starts are we like to have from him,	such unconstant starts are we like to
Start2	Start,	4.3.33	Lr. IV, 3, 33	quotation on cited line						then away she started,	and clamour moistened then away she started
Stealth	Stealth,	3.4.96	Lr. III, 4, 96	headword on cited line							in sloth fox in stealth wolf in greediness dog in
Stealth	Stealth,	1.2.11	Lr. I, 2, 11	headword on cited line							who in the lusty stealth of nature take
Steep2	Steep,	4.6.3	Lr. IV, 6, 3	headword on cited line							methinks the ground is even horrible steep
Steeple	Steeple,	3.2.3	Lr. III, 2, 3	headword on cited line							till you have drenched our steeples drowned the cocks
Stell	Stell,	3.7.61	Lr. III, 7, 61	quotation on cited line						quenched the stelled fires,	and quenched the stelled fires
Stench	Stench,	4.6.131	Lr. IV, 6, 131	headword on cited line							burning scalding stench consumption fie fie
Sterility	Sterility,	1.4.300	Lr. I, 4, 300	headword on cited line							into her womb convey sterility
Stern2	Stern,	3.7.63	Lr. III, 7, 63	quotation on cited line						if wolves had at thy gate howled that stern time,	if wolves had at thy gate howled that stern time
Stewed	Stewed,	2.4.31	Lr. II, 4, 31	quotation on cited line						stewed in his haste,	stewed in his haste half breathless panting forth
Stick1	Stick,	2.4.125	Lr. II, 4, 125	headword on cited line							knapped em o the coxcombs with a stick and cried
Stick2	Stick,	3.7.58	Lr. III, 7, 58	quotation on cited line						in his anointed flesh stick boarish fangs,	in his anointed flesh stick boarish fangs
Stiff	Stiff,	4.6.286	Lr. IV, 6, 286	quotation on cited line						how stiff is my vile sense, that I stand up,	the king is mad how stiff is my vile sense
Stock2	Stock,	2.2.139	Lr. II, 2, 139	quotation on cited line						stocking his messenger,	stocking his messenger
Stock2	Stock,	2.4.191	II, 4, 191	quotation on cited line						who stocked my servant?	who stocked my servant regan i have good hope
Stock2	Stock,	3.4.140	III, 4, 140	headword on cited line							tithing to tithing and stock punished and
Stock-punished	Stock-punished,	3.4.140	Lr. III, 4, 140	headword on cited line							tithing to tithing and stock punished and
Stone-cutter	Stone-cutter,	2.2.63	Lr. II, 2, 63	headword on cited line							ay a tailor sir a stonecutter or a
Stoop3	Stoop,	1.1.151	Lr. I, 1, 151	quotation on cited line						when majesty stoops to folly,	when majesty stoops to folly reverse thy doom
Store1	Store,	3.6.57	Lr. III, 6, 57	quotation on cited line						whose warped looks proclaim what store her heart is made on,	what store her heart is made on stop her there
Store2	Store,	3.68.13	68, 13	not a Lear citation						him as for a map doth nature s., to show false art what beauty was of yore,	
Store2	Store,	2.4.164	Lr. II, 4, 164	quotation on cited line						all the stored vengeances of heaven,	all the stored vengeances of heaven fall
Strain1	Strain,	5.3.40	Lr. V, 3, 40	quotation on cited line						you have shown to-day your valiant strain	sir you have shown today your valiant strain
Strain2	Strain,	1.1.172	Lr. I, 1, 172	quotation on cited line						with strained pride to come between our sentence and our power,	which we durst never yet and with strained pride
Strangeness	Strangeness,	4.6.66	Lr. IV, 6, 66	headword on cited line							too well too well this is above all strangeness
Strangered	Strangered,	1.1.207	Lr. I, 1, 207	quotation on cited line						dowered with our curse, and strangered with our oath,	dowered with our curse and strangered with our oath
Stratagem	Stratagem,	4.6.188	Lr. IV, 6, 188	headword on cited line							it were a delicate stratagem to shoe
Straw1	Straw,	4.6.171	Lr. IV, 6, 171	quotation on cited line						a pigmy's straw does pierce it,	arm it in rags a pigmys straw does pierce it
Straw1	Straw,	3.2.69	Lr. III, 2, 69	headword on cited line							i am cold myself where is this straw my fellow
Straw1	Straw,	3.4.45	III, 4, 45	headword on cited line							i the straw come forth
Straw1	Straw,	4.7.40	IV, 7, 40	headword on cited line							in short and musty straw alack alack
Stray1	Stray,	1.1.212	Lr. I, 1, 212	quotation on cited line						I would not from your love make such a stray	i would not from your love make such a stray
Stray2	Stray,	1.1.172	Lr. I, 1, 172	headword on cited line							which we durst never yet and with strained pride
Stretch	Stretch,	5.3.315	Lr. V, 3, 315	quotation on cited line						would upon the rack of this tough world stretch him out longer,	stretch him out longer he is gone indeed
Stretch	Stretch,	4.2.23	Lr. IV, 2, 23	quotation on cited line						would stretch thy spirits up into the air,	would stretch thy spirits up into the air
Stretch	Stretch,	2.2.110	Lr. II, 2, 110	quotation on cited line						ducking observants that stretch their duties nicely	that stretch their duties nicely
String1	String,	5.3.216	Lr. V, 3, 216	headword on cited line							his grief grew puissant and the strings of life
Strip	Strip,	4.6.165	Lr. IV, 6, 165	quotation on cited line						strip thine own back,	why dost thou lash that whore strip thine own back
Strip	Strip,	4.3.45	Lr. IV, 3, 45	quotation on cited line, with differences			80%	striped		striped her from his benediction,	that stripped her from his benediction turned her
Stubborn	Stubborn,	2.2.133	Lr. II, 2, 133	quotation on cited line						you stubborn ancient knave, you reverend braggart,	you stubborn ancient knave you reverend braggart
Stumble	Stumble,	4.1.21	Lr. IV, 1, 21	quotation on cited line, with differences			80%	stumbleed	stumbled	I stumbleed when I saw,	i stumbled when i saw full oft tis seen
Sub-contracted	Sub-contracted,	5.3.86	Lr. V, 3, 86	quotation on cited line						is sub-contracted to this lord,	tis she is subcontracted to this lord
Subdue	Subdue,	3.4.72	Lr. III, 4, 72	quotation on cited line						nothing could have subdued nature to such a lowness but his unkind daughters,	death traitor nothing could have subdued nature
Subscribe	Subscribe,	3.7.65	Lr. III, 7, 65	quotation on cited line, with differences			spacing			all cruels else s.,	all cruels else subscribed but i shall see
Subscribe	Subscribe,	1.2.24	Lr. I, 2, 24	quotation on cited line						the king gone to-night! subscribed his power!	and the king gone tonight subscribed his power
Subscription	Subscription,	3.2.18	Lr. III, 2, 18	quotation on cited line						you owe me no subscription	you owe me no subscription then let fall
Substance	Substance,	4.6.52	Lr. IV, 6, 52	quotation on cited line						thou dost breathe, hast heavy substance	hast heavy substance bleedst not speakst art sound
Substance	Substance,	1.1.201	Lr. I, 1, 201	headword on cited line							if aught within that little seeming substance
Sudden	Sudden,	1.4.191	Lr. I, 4, 191	quotation on cited line						they for sudden joy did weep,	then they for sudden joy did weep
Sufferance	Sufferance,	3.6.113	Lr. III, 6, 113	quotation on cited line						then the mind much sufferance doth o'erskip,	but then the mind much sufferance doth oerskip
Suggestion	Suggestion,	2.1.75	Lr. II, 1, 75	quotation on cited line						I'ld turn it all to thy s., plot, and damned practice,	to thy suggestion plot and damned practice
Sulphurous	Sulphurous,	3.2.4	Lr. III, 2, 4	quotation on cited line						you sulphurous and thought-executing fires,	you sulphurous and thoughtexecuting fires
Sulphurous	Sulphurous,	4.6.130	Lr. IV, 6, 130	quotation on cited line						there's hell, there's darkness, there's the sulphurous pit,	theres hell theres darkness theres the sulphurous pit
Summit	Summit	4.6.57	Lr. IV, 6, 57	headword on cited line							from the dread summit of this chalky bourn
Summon	Summon,	2.4.35	Lr. II, 4, 35	quotation on cited line						they summoned up their meiny,	they summoned up their meiny straight took horse
Summoners	Summoners,	3.2.59	Lr. III, 2, 59	quotation on cited line						close pent-up guilts, rive your concealing continents, and cry these dreadful summoners grace,	these dreadful summoners grace i am a man
Summons	Summons,	5.3.121	Lr. V, 3, 121	quotation on cited line						why you answer this present summons	this present summons know my name is lost
Sumpter	Sumpter,	2.4.219	Lr. II, 4, 219	quotation on cited line						to be slave and sumpter to this detested groom,	persuade me rather to be slave and sumpter
Sunshine	Sunshine,	4.3.20	Lr. IV, 3, 20	headword on cited line							sunshine and rain at once her smiles and tears
Superfinical	Superfinical,	2.2.19	Lr. II, 2, 19	quotation not found; headword not found near cited line						superfinical rogue,	whoreson glassgazing superserviceable finical
Superfluous	Superfluous,	2.4.268	Lr. II, 4, 268	quotation on cited line, with differences			89%	thing	things	our basest beggars are in the poorest thing superfluous	are in the poorest things superfluous
Superfluous	Superfluous,	4.1.70	IV, 1, 70	quotation on cited line						let the superfluous and lust-dieted man . . . feel your power,	let the superfluous and lustdieted man
Superflux	Superflux,	3.4.35	Lr. III, 4, 35	quotation on cited line						that thou mayst shake the superflux to them,	that thou mayst shake the superflux to them
Superserviceable	Superserviceable,	2.2.19	Lr. II, 2, 19	headword on cited line							whoreson glassgazing superserviceable finical
Supply2	Supply,	4.6.273	Lr. IV, 6, 273	quotation on cited line						supply the place,	whereof deliver me and supply the place for your
Support2	Support,	4.6.236	Lr. IV, 6, 236	quotation on cited line, with differences			100%		bold peasant	wherefore darest thou support a published traitor?	darest thou support a published traitor hence
Support2	Support,	1.4.287	Lr. I, 4, 287	quotation on cited line						and in the most exact regard support the worships of their name,	and in the most exact regard support
Support2	Support,	5.3.197	Lr. V, 3, 197	quotation on cited line, with differences			100%		alack	his flawed heart, too weak the conflict to support	alack too weak the conflict to support
Suppose2	Suppose,	5.3.113	Lr. V, 3, 113	quotation off by 1	5.3.112	-1	80%	gloster		Edmund, supposed Earl of Gloster,	a manifold traitor let him appear by the third
Surfeit1	Surfeit,	1.2.130	Lr. I, 2, 130	quotation on cited line, with differences			83%	surfeits	surfeit	the surfeits of our own behaviour,	the surfeit of our own behaviour we make guilty
Surrender1	Surrender,	1.1.309	Lr. I, 1, 309	quotation on cited line						if our father carry authority with such dispositions as he bears, this last surrender of his will but offend us,	such dispositions as he bears this last surrender
Suspend	Suspend,	1.2.86	Lr. I, 2, 86	quotation on cited line						to suspend your indignation against my brother till you can derive from him better testimony of his intent,	shall please you to suspend your indignation
Suspend	Suspend,	1.4.298	I, 4, 298	quotation on cited line						suspend thy purpose, if thou didst intend to make this creature fruitful,	suspend thy purpose if thou didst intend
Sustain	Sustain,	5.3.320	Lr. V, 3, 320	quotation on cited line						and the gored state sustain	rule in this realm and the gored state sustain
Sustain	Sustain,	4.4.6	Lr. IV, 4, 6	quotation on cited line						the idle weeds that grow in our sustaining corn,	in our sustaining corn a century send forth
Sustain	Sustain,	1.1.136	Lr. I, 1, 136	quotation on cited line						an hundred knights, by you to be sustained,	by you to be sustained shall our abode
Sustain	Sustain,	1.4.355	I, 4, 355	quotation on cited line						if she sustain him and his hundred knights,	if she sustain him and his hundred knights
Sustain	Sustain,	3.3.6	III, 3, 6	quotation on cited line						nor any way sustain him,	entreat for him nor any way sustain him
Suum	Suum,	3.4.103	Lr. III, 4, 103	quotation on cited line						through the hawthorn blows the cold wind: says s., mun, ha, no, nonny,	says suum mun ha no nonny
Swallow2	Swallow,	3.4.137	Lr. III, 4, 137	headword on cited line							foul fiend rages eats cowdung for sallets swallows
Sway1	Sway,	4.7.20	Lr. IV, 7, 20	quotation on cited line, with differences			spacing			proceed i'the sway of your own will,	i the sway of your own will is he arrayed
Sway1	Sway,	1.1.139	Lr. I, 1, 139	headword on cited line							the sway revenue execution of the rest
Sway1	Sway,	2.4.193	II, 4, 193	headword on cited line							if you do love old men if your sweet sway
Sway2	Sway,	2.150.2	150, 2	not a Lear citation						with insufficiency my heart to sway	
Sway2	Sway,	1.2.53	Lr. I, 2, 53	quotation on cited line						who sways, not as it hath power,	who sways not as it hath power but as it is
Sweeten	Sweeten,	4.6.6	Lr. IV, 6	quotation elsewhere in scene	4.6.132-133	126	100%		good apothecary	an ounce of civet, to sweeten my imagination,	by your eyes anguish so may it be indeed
Sweeten	Sweeten,	4.6.6	Lr. IV, 6	headword not found near cited line							by your eyes anguish so may it be indeed
Sweetness	Sweetness,	5.3.184	Lr. V, 3, 184	quotation on cited line						our lives' sweetness	that followed me so near o our lives sweetness
Swithald	Swithald	3.4.125	Lr. III, 4, 125	quotation on cited line, with differences			80%	swithald		Swithald footed thrice the old,	s withold footed thrice the old
Syllable	Syllable,	2.2.25	Lr. II, 2, 25	quotation on cited line						the least syllable of thy addition,	clamorous whining if thou deniest the least
Tadpole	Tadpole,	3.4.135	Lr. III, 4, 135	headword on cited line							the toad the tadpole the wallnewt and the
Taint1	Taint,	1.1.224	Lr. I, 1, 224	quotation on cited line, with differences			83%	fallen	falln	your fore-vouched affection fallen into taint	falln into taint which to believe of her
Taking	Taking,	3.4.61	Lr. III, 4, 61	headword on cited line							starblasting and taking do poor tom some charity
Taking	Taking,	5.1.65	Lr. V, 1, 65	headword on cited line							his speedy taking off as for the mercy
Tamely	Tamely,	2.4.279	Lr. II, 4, 279	headword on cited line							to bear it tamely touch me with noble anger
Tameness	Tameness,	3.6.19	Lr. III, 6, 19	headword on cited line							hes mad that trusts in the tameness
Tardiness	Tardiness,	1.1.238	Lr. I, 1, 238	quotation on cited line						a tardiness in nature which often leaves the history unspoke that it intends to do,	is it but this a tardiness in nature
Tart2	Tart,	4.2.87	Lr. IV, 2, 87	quotation on cited line						another way, the news is not so tart	upon my hateful life another way
Task2	Task,	3.2.16	Lr. III, 2, 16	quotation on cited line, with differences			88%	task	tax	I task not you, you elements, with unkindness,	i tax not you you elements with unkindness
Taste1	Taste,	1.2.47	Lr. I, 2, 47	quotation on cited line						he wrote this but as an essay or taste of my virtue,	he wrote this but as an essay or taste of my virtue
Taste2	Taste,	5.3.94	Lr. V, 3, 94	quotation on cited line						I'll prove it on thy heart, ere I taste bread,	ere i taste bread thou art in nothing less
Taste2	Taste,	2.4.294	Lr. II, 4, 294	quotation on cited line						hath put himself from rest and must needs taste his folly,	and must needs taste his folly
Taste2	Taste,	5.3.302	V, 3, 302	quotation on cited line						all friends shall taste the wages of their virtue, and all foes the cup of their deservings,	have more than merited all friends shall taste
Taste2	Taste,	1.5.18	Lr. I, 5, 18	quotation on cited line						she will taste as like this as a crab does to a crab,	she will taste as like this as a crab does
Taste2	Taste,	4.1.192	IV, 1, 192	headword not found near cited line							(no such line)
Tattered	Tattered	4.26.11	26, 11	not a Lear citation						puts apparel on my tattered loving,	
Tattered	Tattered	4.6.168	Lr. IV, 6, 168	quotation on cited line						through tattered clothes small vices do appear,	through tattered clothes small vices do appear
Tax2	Tax,	3.2.16	Lr. III, 2, 16	quotation on cited line						I tax not you, you elements, with unkindness,	i tax not you you elements with unkindness
Tear2	Tear,	3.1.7	Lr. III, 1, 7	headword on cited line							that things might change or cease tears his white hair
Tear2	Tear,	5.3.157	Lr. V, 3, 157	headword on cited line							no tearing lady i perceive you know it
Tear2	Tear,	4.2.65	Lr. IV, 2, 65	quotation on cited line						to dislocate and tear thy flesh and bones,	they are apt enough to dislocate and tear
Tear2	Tear,	3.4.15	Lr. III, 4, 15	quotation on cited line						as this mouth should tear this hand,	is it not as this mouth should tear this hand
Teem	Teem,	1.4.303	Lr. I, 4, 303	quotation on cited line						if she must t., create her child of spleen,	a babe to honour her if she must teem
Temnest	Temnest,	2.2.150	Lr. II, 2, 150	headword not found near cited line							is such as basest and contemnedst wretches
Temper1	Temper,	1.5.51	Lr. I, 5, 51	quotation on cited line						keep me in t.: I would not be mad,	keep me in temper i would not be mad
Temper2	Temper,	1.4.326	Lr. I, 4, 326	quotation on cited line						with the waters that you lose, to temper clay,	to temper clay yea is it come to this
Temperance	Temperance,	4.7.24	Lr. IV, 7, 24	quotation on cited line						I doubt not of his temperance	i doubt not of his temperance very well
Ten	Ten,	1.4.140	Lr. I, 4, 140	quotation on cited line						thou shalt have more than two tens to a score,	than two tens to a score
Tenant	Tenant,	4.1.14	Lr. IV, 1, 14	quotation on cited line						I have been your t., and your father's t., these fourscore years,	tenant and your fathers tenant these fourscore
Tend	Tend,	2.1.97	Lr. II, 1, 97	quotation on cited line, with differences			100%		riotous	the knights that tend upon my father,	that tend upon my father
Tend	Tend,	2.4.266	Lr. II, 4, 266	quotation on cited line						in a house where twice so many have a command to tend you,	have a command to tend you what need one
Tend	Tend,	2.4.103	Lr. II, 4, 103	headword not found near cited line							would with his daughter speak commands her service
Tender2	Tender,	1.4.230	Lr. I, 4, 230	quotation on cited line						nor the redresses sleep, which, in the tender of a wholesome weal, might in their working do you that offence,	which in the tender of a wholesome weal
Tender4	Tender,	1.1.198	Lr. I, 1, 198	quotation on cited line, with differences			93%	hath	what	I crave no more than hath your highness offered, nor will you tender less,	nor will you tender less right noble burgundy
Tender-hefted	Tender-hefted:	2.4.174	Lr. II, 4, 174	quotation on cited line, with differences			90%	tenderhefted	tenderdefted	thy tender-hefted nature shall not give thee o'er to harshness,	thy tenderdefted nature shall not give
Tender-hested	Tender-hested,	2.4.174	Lr. II, 4, 174	headword not found near cited line							thy tenderdefted nature shall not give
Tenderly	Tenderly,	1.2.104	Lr. I, 2, 104	quotation on cited line						that so tenderly and entirely loves him,	to his father that so tenderly and
Tender-minded	Tender-minded,	5.3.31	Lr. V, 3, 31	quotation on cited line						to be tender-minded does not become a sword,	are as the time is to be tenderminded
Tent4	Tent,	1.4.322	Lr. I, 4, 322	headword not found near cited line							the untented woundings of a fathers curse
Tenth	Tenth,	1.1.179	Lr. I, 1, 179	headword on cited line							upon our kingdom if on the tenth day following
Terrible	Terrible,	4.7.34	Lr. IV, 7, 34	headword on cited line							in the most terrible and nimble stroke
Terrible	Terrible,	1.2.32	Lr. I, 2, 32	quotation on cited line						what paper were you reading? Nothing, my lord. No? what needed, then, that terrible dispatch of it into your pocket?	no what needed then that terrible
Terror	Terror,	4.2.12	Lr. IV, 2, 12	headword on cited line							it is the cowish terror of his spirit
Terror	Terror,	2.4.285	Lr. II, 4, 285	headword on cited line							the terrors of the earth you think ill weep
Thankless	Thankless,	1.4.311	Lr. I, 4, 311	headword on cited line							to have a thankless child away away
That1	That,	1.4.231	Lr. I, 4, 231	headword on cited line							might in their working do you that offence
That1	That,	2.4.259	II, 4, 259	headword not found near cited line							those wicked creatures yet do look wellfavoured
That1	That,	1.1.99	Lr. I, 1, 99	quotation on cited line						I return those duties back as are right fit,	return those duties back as are right fit
That1	That,	1.4.63	I, 4, 63	quotation on cited line						entertained with that ceremonious affection as you were wont,	not entertained with that ceremonious affection
That1	That,	1.4.279	Lr. I, 4, 279	quotation on cited line						woe that too late repents,	woe that too late repents o sir are you come
That1	That,	1.121.9	121, 9	not a Lear citation						I am that I am,	
Theban	Theban,	3.4.162	Lr. III, 4, 162	headword on cited line							ill talk a word with this same learned theban
Thereat	Thereat,	4.2.75	Lr. IV, 2, 75	quotation on cited line						thereat enraged,	to his great master who thereat enraged
Thereto	Thereto,	1.4.361	Lr. I, 4, 361	headword on cited line							and thereto add such reasons of your own
Therewithal	Therewithal,	1.1.301	Lr. I, 1, 301	headword on cited line							longengraffed condition but therewithal the unruly
Thing	Thing,	3.2.42	Lr. III, 2, 42	quotation on cited line						things that love night,	alas sir are you here things that love night
Thing	Thing,	3.6.112	III, 6, 112	quotation on cited line						leaving free things and happy shows behind,	leaving free things and happy shows behind
Thorough1	Thorough,	4.6.168	Lr. IV, 6, 168	quotation on cited line, with differences			86%	thorough		thorough tattered clothes small vices do appear,	through tattered clothes small vices do appear
Though1	Though,	3.3.18	Lr. III, 3, 18	headword on cited line							i am ill and gone to bed though i die for it
Though1	Though,	3.3.18	Lr. III, 3, 18	headword on cited line							i am ill and gone to bed though i die for it
Though1	Though,	4.6.219	Lr. IV, 6, 219	headword on cited line							though that the queen on special cause is here
Though1	Though,	4.6.219	Lr. IV, 6, 219	headword on cited line							though that the queen on special cause is here
Though1	Though,	2.1.100	Lr. II, 1, 100	headword on cited line							no marvel then though he were ill affected
Though1	Though,	4.6.219	Lr. IV, 6, 219	headword on cited line							though that the queen on special cause is here
Thought-executing	Thought-executing,	3.2.4	Lr. III, 2, 4	quotation on cited line						you sulphurous and thought-executing fires,	you sulphurous and thoughtexecuting fires
Thread2	Thread,	2.1.121	Lr. II, 1, 121	quotation on cited line, with differences			spacing			threading dark-eyed night,	thus out of season threading dark eyed night
Three-suited	Three-suited:	2.2.16	Lr. II, 2, 16	quotation on cited line						a base, proud, shallow, beggarly, three-suited . . . knave,	meats a base proud shallow beggarly
Three-suited	Three-suited:	3.4.141	Lr. III, 4, 141	headword on cited line							imprisoned who hath had three suits to his back
Thrill	Thrill,	4.2.73	Lr. IV, 2, 73	quotation on cited line						thrilled with remorse,	a servant that he bred thrilled with remorse
Thrive	Thrive	4.6.116	Lr. IV, 6, 116	quotation on cited line						let copulation thrive	let copulation thrive for gloucesters bastard son
Thrive	Thrive	4.6.253	Lr. IV, 6, 253	quotation on cited line						if ever thou wilt t., bury my body,	if ever thou wilt thrive bury my body
Thrive	Thrive	5.3.34	V, 3, 34	quotation on cited line						thrive by other means,	or thrive by other means ill dot my lord
Thrive	Thrive	5.2.2	Lr. V, 2, 2	headword on cited line							for your good host pray that the right may thrive
Thrive	Thrive	1.2.20	Lr. I, 2, 20	quotation on cited line						if this letter speed, and my invention thrive	and my invention thrive edmund the base
Throne2	Throne,	3.1.23	Lr. III, 1, 23	quotation on cited line						as who have not, that their great stars throned and set high?	throned and set high servants who seem no less
Throng1	Throng,	3.2.88	Lr. III, 2, 88	headword on cited line							nor cutpurses come not to throngs
Throng1	Throng,	3.2.88	Lr. III, 2, 88	quotation on cited line						nor cutpurses come not to throngs,	nor cutpurses come not to throngs
Through2	Through,	1.4.3	Lr. I, 4, 3	quotation on cited line						my good intent may carry through itself to that full issue,	may carry through itself to that full issue
Throughly	Throughly,	4.7.97	Lr. IV, 7, 97	quotation on cited line, with differences			88%	throughly	thoroughly	my point and period will be throughly wrought,	my point and period will be thoroughly wrought
Thrust2	Thrust,	3.7.93	Lr. III, 7, 93	quotation on cited line						thrust him out at gates,	go thrust him out at gates and let him smell
Thrust2	Thrust,	1.2.137	Lr. I, 2, 137	quotation on cited line						as if we were . . . all that we are evil in, by a divine thrusting on,	thrusting on an admirable evasion of
Thunder-bearer	Thunder-bearer,	2.4.230	Lr. II, 4, 230	quotation on cited line						I do not bid the thunder-bearer shoot,	i do not bid the thunderbearer shoot
Thunderbolt	Thunderbolt,	3.2.5	Lr. III, 2, 5	headword on cited line							vauntcouriers to oakcleaving thunderbolts
Thwart1	Thwart,	1.4.305	Lr. I, 4, 305	quotation on cited line						create her child of spleen, that it may live and be a thwart disnatured torment to her,	and be a thwart disnatured torment to her
Tike	Tike,	3.6.73	Lr. III, 6, 73	quotation on cited line, with differences			75%	tike	tyke	bobtail tike or trundle-tail,	or bobtail tyke or trundletail
Tiny	Tiny	3.2.74	Lr. III, 2, 74	quotation on cited line						he that has and a little tiny wit,	he that has and a little tiny wit
Tithing	Tithing,	3.4.140	Lr. III, 4, 140	quotation on cited line						whipped from tithing to tithing	tithing to tithing and stock punished and
To1	To,	3.1.11	Lr. III, 1, 11	quotation on cited line, with differences			spacing			the to and fro conflicting wind and rain,	the toandfroconflicting wind and rain
Toad-spotted	Toad-spotted,	5.3.138	Lr. V, 3, 138	quotation on cited line						from the extremest upward of thy head to the descent and dust below thy foot a most toad-spotted traitor,	a most toadspotted traitor say thou no
To-and-fro-conflicting	To-and-fro-conflicting,	3.1.11	Lr. III, 1, 11	headword on cited line							the toandfroconflicting wind and rain
Toast2	Toast,	4.6.90	Lr. IV, 6, 90	headword on cited line							piece of toasted cheese will dot theres my
Top1	Top,	4.6.1	Lr. IV, 6, 1	headword on cited line							when shall we come to the top of that same hill
Top1	Top,	2.4.165	Lr. II, 4, 165	quotation on cited line						all the stored vengeances of heaven fall on her ingrateful top	on her ingrateful top strike her young bones
Top2	Top,	5.3.207	Lr. V, 3, 207	quotation on cited line						would make much more and top extremity,	and top extremity
Top2	Top,	1.2.21	Lr. I, 2, 21	headword on cited line							shall top the legitimate i grow i prosper
Topple	Topple,	4.6.24	Lr. IV, 6, 24	quotation on cited line						lest my brain turn, and the deficient sight topple down headlong,	topple down headlong set me where you stand
Toss	Toss,	5.3.146	Lr. V, 3, 146	quotation on cited line						back do I toss these treasons to thy head,	back do i toss these treasons to thy head
Touch1	Touch,	4.1.25	Lr. IV, 1, 25	quotation on cited line						might I but live to see thee in my touch	might i but live to see thee in my touch
Touching	Touching,	5.3.232	V, 3, 232	headword on cited line							touches us not with pity o is this he
Toward2	Toward,	2.1.11	Lr. II, 1, 11	quotation on cited line						have you heard of no likely wars toward	have you heard of no likely wars
Toward2	Toward,	3.3.21	III, 3, 21	quotation on cited line						there is some strange thing toward	toward edmund pray you be careful
Toward2	Toward,	4.6.213	IV, 6, 213	quotation on cited line, with differences			100%		sir	do you hear aught of a battle toward	do you hear aught sir of a battle toward
Towards2	Towards,	1.1.193	Lr. I, 1, 193	quotation on cited line						we first address towards you,	we first address towards you who with this king
Towards2	Towards,	1.2.190	Lr. I, 2, 190	quotation on cited line						if there be any good meaning towards you,	meaning towards you i have told you what i
Tranced	Tranced,	5.3.218	Lr. V, 3, 218	headword on cited line							and there i left him tranced but who was this
Transform	Transform,	1.4.242	Lr. I, 4, 242	headword on cited line							these dispositions that of late transform you
Transport	Transport,	4.5.20	Lr. IV, 5, 20	quotation on cited line						might not you transport her purposes by word?	transport her purposes by word belike
Transport	Transport,	1.4.242	Lr. I, 4, 242	headword not found near cited line							these dispositions that of late transform you
Travail2	Travail	2.2.162	Lr. II, 2, 162	headword on cited line						(dark night strangles the travailing lamp).	pray do not sir i have watched and travelled hard
Travail2	Travail	2.4.90	II, 4, 90	headword on cited line							they have travelled all the night mere fetches
Tray	Tray,	3.6.66	Lr. III, 6, 66	headword on cited line							tray blanch and sweetheart see they bark at me
Treacher	Treacher	1.2.133	Lr. I, 2, 133	quotation on cited line						knaves, thieves and treachers by spherical predominance:	heavenly compulsion knaves thieves and treachers
Treasury	Treasury,	4.6.43	Lr. IV, 6, 43	quotation on cited line						conceit may rob the treasury of life,	the treasury of life when life itself
Tribe	Tribe,	1.2.14	Lr. I, 2, 14	quotation on cited line						to the creating a whole tribe of fops,	go to the creating a whole tribe of fops
Trice	Trice,	1.1.219	Lr. I, 1, 219	quotation on cited line						in this trice of time,	most best most dearest should in this trice of time
Trick1	Trick,	4.6.108	Lr. IV, 6, 108	quotation on cited line						the trick of that voice I do well remember,	the trick of that voice i do well remember
Trick1	Trick,	2.4.159	Lr. II, 4, 159	quotation on cited line						these are unsightly tricks,	good sir no more these are unsightly tricks
Trifle2	Trifle,	4.6.33	Lr. IV, 6, 33	quotation on cited line						I do trifle thus with his despair,	why i do trifle thus with his despair
Trill	Trill,	4.3.14	Lr. IV, 3, 14	quotation on cited line						an ample tear trilled down her delicate cheek,	and now and then an ample tear trilled down
Trip2	Trip,	1.4.95	Lr. I, 4, 95	headword on cited line							nor tripped neither you base football
Trip2	Trip,	2.2.126	II, 2, 126	headword on cited line							tripped me behind being down insulted railed
Trip2	Trip,	2.2.32	Lr. II, 2, 32	headword on cited line							since i tripped up thy heels and beat thee
Troop2	Troop,	1.1.134	Lr. I, 1, 134	quotation on cited line						all the large effects that troop with majesty,	that troop with majesty ourself by monthly course
Trow	Trow,	1.4.135	Lr. I, 4, 135	quotation on cited line						learn more than thou trowest,	learn more than thou trowest
Trow	Trow,	1.4.234	Lr. I, 4, 234	headword not found near cited line							for you know nuncle
True-hearted	True-hearted,	1.2.126	Lr. I, 2, 126	headword on cited line							carefully and the noble and truehearted kent
Trundle-tail	Trundle-tail,	3.6.73	Lr. III, 6, 73	quotation on cited line, with differences			80%	tike	tyke	or bobtail tike or trundle-tail	or bobtail tyke or trundletail
Trust1	Trust,	2.1.71	Lr. II, 1, 71	headword on cited line							of any trust virtue or worth in thee
Trust1	Trust,	3.5.25	Lr. III, 5, 25	headword on cited line							i will lay trust upon thee and thou
Trust1	Trust,	1.4.15	Lr. I, 4, 15	headword on cited line							to serve him truly that will put me in trust to
Trust1	Trust,	2.1.117	Lr. II, 1, 117	quotation on cited line						natures of such deep trust we shall much need,	natures of such deep trust we shall much need
Trusty	Trusty,	4.2.18	Lr. IV, 2, 18	quotation on cited line						this trusty servant,	into my husbands hands this trusty servant
Turlygod	Turlygod	2.3.21	Lr. II, 3, 21	quotation not found; headword off by 1	2.3.20	-1				turlupin:	thats something yet edgar i nothing am
Twinkle	Twinkle,	1.2.144	Lr. I, 2, 144	headword on cited line							in the firmament twinkled on my bastardizing
Tyrannous	Tyrannous,	3.4.156	Lr. III, 4, 156	quotation on cited line						this tyrannous night,	and let this tyrannous night take hold upon you
Unable	Unable,	1.1.61	Lr. I, 1, 61	quotation on cited line						a love that makes breath poor, and speech unable	a love that makes breath poor and speech unable
Unaccommodated	Unaccommodated,	3.4.111	Lr. III, 4, 111	prose row break	3.4.112-113	1	100%			unaccommodated man is no more but such a poor, bare, forked animal,	sophisticated thou art the thing itself
Unbolted	Unbolted,	2.2.71	Lr. II, 2, 71	quotation on cited line						I will tread this unbolted villain into mortar,	tread this unbolted villain into mortar and daub
Unbonneted	Unbonneted,	3.1.14	Lr. III, 1, 14	quotation on cited line						unbonneted he runs,	keep their fur dry unbonneted he runs
Unbridle	Unbridle,	3.7.86	Lr. III, 7, 86	quotation on cited line, with differences			91%	unbridle		unbridle all the sparks of nature, to quit this horrid act,	edmund enkindle all the sparks of nature
Unburthen	Unburthen,	1.1.42	Lr. I, 1, 42	quotation on cited line						while we unburthened crawl toward death,	unburthened crawl toward death our son of cornwall
Unbutton	Unbutton,	3.4.114	Lr. III, 4, 114	headword on cited line							come unbutton here
Uncaught	Uncaught,	2.1.59	Lr. II, 1, 59	headword on cited line							not in this land shall he remain uncaught
Unchaste	Unchaste	1.1.231	Lr. I, 1, 231	headword on cited line							no unchaste action or dishonoured step
Unconstant	Unconstant,	1.1.304	Lr. I, 1, 304	headword on cited line							such unconstant starts are we like to
Uncovered	Uncovered,	3.4.106	Lr. III, 4, 106	quotation on cited line						to answer with thy uncovered body this extremity of the skies,	to answer with thy uncovered body this extremity
Under3	Under,	2.2.170	Lr. II, 2, 170	headword on cited line							approach thou beacon to this under globe
Undistinguished	Undistinguished,	4.6.278	Lr. IV, 6, 278	headword on cited line	4.6.279-280		100%			a plot upon her virtuous husband's life; and the exchange my brother,	o undistinguished space of womans will
Undivulged	Undivulged,	3.2.52	Lr. III, 2, 52	quotation on cited line						hast within thee undivulged crimes,	that hast within thee undivulged crimes
Undone	Undone,	1.1.17	Lr. I, 1, 17	headword on cited line							i cannot wish the fault undone the
Unfed	Unfed	3.4.30	Lr. III, 4, 30	headword on cited line							how shall your houseless heads and unfed sides
Unfeed	Unfeed,	1.4.142	Lr. I, 4, 142	quotation on cited line, with differences			67%	unfeed	unfeeed	an unfeed lawyer,	then tis like the breath of an unfeeed
Unfitness	Unfitness,	1.4.356	Lr. I, 4, 356	headword on cited line							when i have showed the unfitness how now oswald
Unfortunate	Unfortunate,	4.6.68	Lr. IV, 6, 68	headword on cited line							which parted from you a poor unfortunate beggar
Unfriended	Unfriended,	1.1.206	Lr. I, 1, 206	headword on cited line							unfriended newadopted to our hate
Ungoverned	Ungoverned,	4.4.19	Lr. IV, 4, 19	quotation on cited line						his ungoverned rage,	lest his ungoverned rage dissolve the life
Ungracious	Ungracious,	4.6.283	Lr. IV, 6, 283	quotation on cited line						this ungracious paper,	with this ungracious paper strike the sight
Unhappily	Unhappily,	1.2.157	Lr. I, 2, 157	quotation on cited line						the effects he writes of succeed unhappily	succeed unhappily as of unnaturalness between
Unloose	Unloose,	2.2.81	Lr. II, 2, 81	quotation on cited line, with differences			100%		atwain	the holy cords which are too intrinse t' unloose	which are too intrinse t unloose smooth every passion
Unloved	Unloved,	1.1.282	Lr. I, 1, 282	quotation on cited line						the want that you have wanted,	and well are worth the want that you have wanted
Unmannerly1	Unmannerly,	1.1.147	Lr. I, 1, 147	headword on cited line							the region of my heart be kent unmannerly
Unmerciful	Unmerciful,	3.7.33	Lr. III, 7, 33	headword on cited line							unmerciful lady as you are im none
Unnaturalness	Unnaturalness,	1.2.157	Lr. I, 2, 157	quotation on cited line						unnaturalness between the child and the parent,	succeed unhappily as of unnaturalness between
Unnecessary	Unnecessary,	2.2.69	Lr. II, 2, 69	headword on cited line							thou whoreson zed thou unnecessary
Unnecessary	Unnecessary,	2.4.157	II, 4, 157	headword on cited line							age is unnecessary on my knees i beg
Unnumbered	Unnumbered,	4.6.21	Lr. IV, 6, 21	headword on cited line							that on the unnumbered idle pebbles chafes
Unpossessing	Unpossessing,	2.1.69	Lr. II, 1, 69	quotation on cited line						thou unpossessing bastard,	thou unpossessing bastard dost thou think
Unprized	Unprized	1.1.262	Lr. I, 1, 262	headword on cited line							can buy this unprized precious maid of me
Unprovided	Unprovided,	2.1.54	Lr. II, 1, 54	headword on cited line							my unprovided body lanced mine arm
Unpublished	Unpublished,	4.4.16	Lr. IV, 4, 16	quotation on cited line						all blest secrets, all you unpublished virtues of the earth,	all you unpublished virtues of the earth
Unquietly	Unquietly,	3.1.2	Lr. III, 1, 2	quotation on cited line						one minded like the weather, most unquietly	one minded like the weather most unquietly
Unremoveable	Unremoveable,	2.4.94	Lr. II, 4, 94	quotation on cited line						how unremoveable and fixed he is in his own course,	how unremoveable and fixed he is
Unreverend	Unreverend	2.2.133	Lr. II, 2, 133	headword not found near cited line							you stubborn ancient knave you reverend braggart
Unruly	Unruly,	1.1.301	Lr. I, 1, 301	headword on cited line							longengraffed condition but therewithal the unruly
Unsanctified	Unsanctified,	4.6.281	Lr. IV, 6, 281	quotation on cited line						the post unsanctified of murderous lechers,	thee ill rake up the post unsanctified
Unseal	Unseal,	4.5.22	Lr. IV, 5, 22	headword on cited line							let me unseal the letter madam i had rather
Unsettle	Unsettle,	3.4.167	Lr. III, 4, 167	quotation on cited line						his wits begin to unsettle	his wits begin to unsettle canst thou blame him
Unsightly	Unsightly,	2.4.159	Lr. II, 4, 159	headword on cited line							good sir no more these are unsightly tricks
Unspoke	Unspoke,	1.1.239	Lr. I, 1, 239	headword on cited line							which often leaves the history unspoke
Unstate	Unstate,	1.2.108	Lr. I, 2, 108	quotation on cited line						I would unstate myself, to be in a due resolution,	i would unstate myself to be in a due resolution
Unsubstantial	Unsubstantial,	4.1.7	Lr. IV, 1, 7	quotation on cited line						thou unsubstantial air that I embrace,	thou unsubstantial air that i embrace
Untender	Untender,	1.1.108	Lr. I, 1, 108	headword on cited line							so young and so untender
Untented	Untented,	1.4.322	Lr. I, 4, 322	quotation on cited line						the untented woundings of a father's curse,	the untented woundings of a fathers curse
Unthread	Unthread,	2.1.121	Lr. II, 1, 121	quotation on cited line, with differences			spacing			threading dark-eyed night,	thus out of season threading dark eyed night
Unthrift1	Unthrift,	2.13.13	13, 13	not a Lear citation							
Untimely1	Untimely,	4.6.256	Lr. IV, 6, 256	quotation on cited line						O untimely death!	upon the british party o untimely death
Untimely2	Untimely,	3.7.98	Lr. III, 7, 98	quotation on cited line						untimely comes this hurt,	untimely comes this hurt give me your arm
Untune	Untune,	4.7.16	Lr. IV, 7, 16	quotation on cited line						the untuned and jarring senses,	the untuned and jarring senses o wind up
Unusual	Unusual,	2.3.4	Lr. II, 3, 4	quotation on cited line						unusual vigilance,	that guard and most unusual vigilance
Unwhipped	Unwhipped,	3.2.53	Lr. III, 2, 53	headword on cited line							unwhipped of justice hide thee thou bloody hand
Up1	Up,	4.6.2	Lr. IV, 6, 2	quotation on cited line						you do climb up it now,	you do climb up it now look how we labour
Upbraid	Upbraid,	1.3.6	Lr. I, 3, 6	quotation on cited line						himself upbraids us on every trifle,	his knights grow riotous and himself upbraids us
Upon1	Upon,	3.5.25	Lr. III, 5, 25	quotation on cited line						I will lay trust upon thee,	i will lay trust upon thee and thou
Upon1	Upon,	2.2.124	Lr. II, 2, 124	quotation on cited line						to strike at me upon his misconstruction,	to strike at me upon his misconstruction
Upon1	Upon,	2.4.24	II, 4, 24	quotation on cited line						to do upon respect such violent outrage,	to do upon respect such violent outrage
Upon1	Upon,	1.1.179	Lr. I, 1, 179	quotation on cited line						to turn thy hated back upon our kingdom,	upon our kingdom if on the tenth day following
Upon1	Upon,	2.1.31	Lr. II, 1, 31	quotation on cited line						I must draw my sword upon you,	in cunning i must draw my sword upon you
Upon1	Upon,	3.6.96	III, 6, 96	quotation on cited line						I have o'erheard a plot of death upon him,	i have oerheard a plot of death upon him
Upon1	Upon,	5.1.7	V, 1, 7	quotation on cited line						the goodness I intend upon you,	you know the goodness i intend upon you
Upon1	Upon,	2.4.171	Lr. II, 4, 171	headword not found near cited line							o the blest gods so will you wish on me
Upright	Upright,	4.6.27	Lr. IV, 6, 27	quotation on cited line						would I not leap upright	would i not leap upright let go my hand
Upward1	Upward,	2.4.75	Lr. II, 4, 75	headword not found near cited line							great one that goes up the hill let him draw thee
Upward1	Upward,	4.7.61	Lr. IV, 7, 61	quotation on cited line						fourscore and upward	fourscore and upward not an hour more nor less
Upward3	Upward,	5.3.136	Lr. V, 3, 136	quotation on cited line						from the extremest upward of thy head,	and from the extremest upward of thy head
Urge	Urge,	5.3.234	Lr. V, 3, 234	quotation on cited line						the time will not allow the compliment which very manners urges,	which very manners urges i am come
Urge	Urge,	5.1.54	Lr. V, 1, 54	quotation on cited line						your haste is now urged on you,	is now urged on you we will greet the time
Usage	Usage,	2.4.26	Lr. II, 4, 26	headword on cited line							thou mightst deserve or they impose this usage
Use1	Use,	2.1.123	Lr. II, 1, 123	quotation on cited line						we must have use of your advice,	wherein we must have use of your advice
Use1	Use,	2.1.123	Lr. II, 1, 123	headword on cited line	2.1.130		100%			craves the instant use	wherein we must have use of your advice
Vail2	Vail,	2.2.129	Lr. II, 2, 129	headword not found near cited line							for him attempting who was selfsubdued
Vail2	Vail,	4.0	IV Prol. 29	not a Lear citation							
Validity	Validity,	1.1.83	Lr. I, 1, 83	quotation on cited line						no less in space, validity and pleasure,	no less in space validity and pleasure
Value2	Value,	1.1.58	Lr. I, 1, 58	headword on cited line							beyond what can be valued rich or rare
Value2	Value,	2.2.153	II, 2, 153	headword on cited line							that hes so slightly valued in his messenger
Value2	Value,	2.4.141	II, 4, 141	headword on cited line							you less know how to value her desert
Value2	Value,	1.1.5	Lr. I, 1, 5	quotation on cited line						which of the dukes he values most,	which of the dukes he values most for equalities
Value2	Value,	2.2.153	II, 2, 153	headword on cited line							that hes so slightly valued in his messenger
Vanity	Vanity,	2.2.39	Lr. II, 2, 39	quotation on cited line						take vanity the puppet's part against the royalty of her father,	letters against the king and take vanity the puppets
Vantage1	Vantage,	2.2.178	Lr. II, 2, 178	quotation on cited line						take v., heavy eyes, not to behold this shameful lodging,	take vantage heavy eyes not to behold
Vary1	Vary,	2.2.85	Lr. II, 2, 85	quotation on cited line						turn their halcyon beaks with every gale and vary of their masters,	with every gale and vary of their masters
Vassal	Vassal,	1.1.163	Lr. I, 1, 163	headword on cited line							thou swearst thy gods in vain o vassal miscreant dear sir forbear
Vaunt-courier	Vaunt-courier,	3.2.5	Lr. III, 2, 5	quotation on cited line						vaunt-couriers to oak-cleaving thunderbolts,	vauntcouriers to oakcleaving thunderbolts
Venge	Venge,	4.2.80	Lr. IV, 2, 80	headword on cited line							so speedily can venge but o poor gloucester
Venomously	Venomously,	4.3.48	Lr. IV, 3, 48	quotation on cited line						these things sting his mind so venomously	his mind so venomously that burning shame
Verbal	Verbal,	4.3.26	Lr. IV, 3, 26	quotation on cited line						made she no verbal question?	if all could so become it made she no verbal question
Verge	Verge,	2.4.149	Lr. II, 4, 149	quotation on cited line						nature in you stands on the very verge of her confine,	nature in you stands on the very verge
Verge	Verge,	4.6.26	IV, 6, 26	quotation on cited line						you are now within a foot of the extreme verge	of the extreme verge for all beneath the moon
Verity	Verity,	2.2.111	Lr. II, 2, 111	quotation on cited line						in sincere verity	sir in good sooth in sincere verity
Vermin	Vermin,	3.4.164	Lr. III, 4, 164	headword on cited line							how to prevent the fiend and to kill vermin
Very1	Very,	1.4.75	Lr. I, 4, 75	quotation on cited line						rather blamed as mine own jealous curiosity than as a very pretence and purpose of unkindness,	jealous curiosity than as a very pretence and
Very1	Very,	1.3.26	Lr. I, 3, 26	quotation on cited line						to hold my very course,	to hold my very course prepare for dinner
Vex	Vex,	3.4.62	Lr. III, 4, 62	headword on cited line							whom the foul fiend vexes there could i have
Vex	Vex,	5.3.313	V, 3, 313	headword on cited line							vex not his ghost o let him pass he hates him much
Vex	Vex,	4.4.2	Lr. IV, 4, 2	quotation on cited line						as mad as the vexed sea,	as mad as the vexed sea singing aloud
Vicious	Vicious,	1.1.230	Lr. I, 1, 230	headword on cited line							it is no vicious blot murder or foulness
Vicious	Vicious,	5.3.172	V, 3, 172	headword on cited line							the dark and vicious place where thee he got
Victor-sword	Victor-sword,	5.3.132	Lr. V, 3, 132	headword on cited line							despite thy victor sword and firenew fortune
View1	View,	5.1.51	Lr. V, 1, 51	quotation on cited line						the enemy's in view	the enemys in view draw up your powers
Vigilance	Vigilance,	2.3.4	Lr. II, 3, 4	headword on cited line							that guard and most unusual vigilance
Villain-like	Villain-like,	5.3.98	Lr. V, 3, 98	quotation on cited line						villain-like he lies,	that names me traitor villainlike he lies
Violently	Violently,	1.2.89	Lr. I, 2, 89	quotation on cited line						if you violently proceed against him,	certain course where if you violently proceed
Violently	Violently,	1.2.89	Lr. I, 2, 89	headword on cited line							certain course where if you violently proceed
Visible	Visible,	4.2.46	Lr. IV, 2, 46	headword on cited line							if that the heavens do not their visible spirits
Vulgar1	Vulgar,	4.6.214	Lr. IV, 6, 214	quotation on cited line						most sure and v.: every one hears that,	most sure and vulgar every one hears that
Vulture	Vulture,	2.4.137	Lr. II, 4, 137	quotation on cited line						she hath tied sharp-toothed unkindness like a vulture here,	sharptoothed unkindness like a vulture here
Wage	Wage,	1.1.158	Lr. I, 1, 158	quotation on cited line, with differences			93%	thine	thy	my life I never held but as a pawn to wage against thine enemies,	to wage against thy enemies nor fear to lose it
Wage	Wage,	2.4.212	Lr. II, 4, 212	quotation on cited line, with differences			spacing			choose to wage against the enmity o'the air,	to wage against the enmity o the air
Wagtail	Wagtail,	2.2.73	Lr. II, 2, 73	quotation on cited line						spare my gray beard, you w.?	beard you wagtail
Waiting-women	Waiting-women,	4.1.65	Lr. IV, 1, 65	prose row break	4.1.66	1					since possesses chambermaids and
Wake1	Wake,	1.2.15	Lr. I, 2, 15	quotation on cited line, with differences			spacing			got'tween a sleep and wake	got tween asleep and wake well then
Wake1	Wake,	3.2.34	III, 2, 34	quotation on cited line						and turn his sleep to wake	and turn his sleep to wake
Wake1	Wake,	3.6.77	Lr. III, 6, 77	quotation on cited line						march to wakes and fairs,	do de de de sessa come march to wakes
Wall2	Wall,	5.3.18	Lr. V, 3, 18	headword on cited line							in a walled prison packs and sects of great ones
Wall-newt	Wall-newt,	3.4.135	Lr. III, 4, 135	quotation on cited line						the wall-newt and the water,	the toad the tadpole the wallnewt and the
Wanderer	Wanderer,	3.2.44	Lr. III, 2, 44	quotation on cited line						the wrathful skies gallow the very wanderers of the dark,	gallow the very wanderers of the dark
Wanton2	Wanton,	2.4.126	Lr. II, 4, 126	quotation on cited line						down, wantons, down,	down wantons down twas her
Ward1	Ward,	1.2.79	Lr. I, 2, 79	quotation on cited line						the father should be as ward to the son,	ward to the son and the son manage his revenue
Warmth	Warmth,	4.6.272	Lr. IV, 6, 272	headword on cited line							and his bed my gaol from the loathed warmth
Warp	Warp,	3.6.56	Lr. III, 6, 56	quotation on cited line						here's another, whose warped looks proclaim what store her heart is made on,	and heres another whose warped looks proclaim
Waste1	Waste,	2.1.102	Lr. II, 1, 102	headword on cited line							to have the expense and waste of his revenues
Water-drops	Water-drops,	2.4.280	Lr. II, 4, 280	headword on cited line							and let not womens weapons waterdrops
Waterish	Waterish,	1.1.261	Lr. I, 1, 261	quotation on cited line						waterish Burgundy,	not all the dukes of waterish burgundy
Water-newt	Water-newt,	3.4.136	Lr. III, 4, 136	quotation on cited line						the wall-newt and the water,	water that in the fury of his heart when the
Water-pot	Water-pot,	4.6.200	Lr. IV, 6, 200	headword on cited line							to use his eyes for garden waterpots
Waved	Waved,	4.6.71	Lr. IV, 6, 71	quotation on cited line						horns whelked and waved like the enridged sea,	horns whelked and waved like the enridged sea
Wawl	Wawl,	4.6.184	Lr. IV, 6, 184	quotation on cited line						the first time that we smell the air, we wawl and cry,	we wawl and cry i will preach to thee mark
Wax1	Wax,	4.6.264	Lr. IV, 6, 264	headword on cited line							leave gentle wax and manners blame us not
Waywardness	Waywardness,	1.1.302	Lr. I, 1, 302	headword on cited line							waywardness that infirm and choleric years bring
Weaken	Weaken,	1.4.248	Lr. I, 4, 248	quotation on cited line						his notion weakens, his discernings are lethargied,	either his notion weakens his discernings
Weal	Weal,	1.4.230	Lr. I, 4, 230	quotation on cited line						in the tender of a wholesome weal	which in the tender of a wholesome weal
Weave	Weave	2.1.17	Lr. II, 1, 17	quotation on cited line						this weaves itself perforce into my business,	this weaves itself perforce into my business
Web	Web,	3.4.122	Lr. III, 4, 122	quotation on cited line						he gives the web and the pin, squints the eye,	he gives the web and the pin squints the eye and
Weight	Weight,	5.3.323	Lr. V, 3, 323	headword on cited line							the weight of this sad time we must obey
Well-armed	Well-armed	3.7.20	Lr. III, 7, 20	quotation on cited line						where they boast to have well-armed friends,	to have wellarmed friends get horses for your mistress
Well-favoured	Well-favoured,	2.4.259	Lr. II, 4, 259	headword on cited line							those wicked creatures yet do look wellfavoured
Well-spoken	Well-spoken,	4.6.10	Lr. IV, 6, 10	headword not found near cited line							but in my garments methinks youre better spoken
Wheat	Wheat,	3.4.123	Lr. III, 4, 123	headword on cited line							makes the harelip mildews the white wheat
Whelked	Whelked	4.6.71	Lr. IV, 6, 71	quotation on cited line						horns whelked and waved like the enridged sea,	horns whelked and waved like the enridged sea
Wheresoeer	Wheresoe'er,	3.4.28	Lr. III, 4, 28	headword on cited line							poor naked wretches wheresoeer you are
Whereto	Whereto,	2.4.108	Lr. II, 4, 108	headword on cited line							whereto our health is bound we are not ourselves
Whereto	Whereto,	5.3.140	V, 3, 140	headword on cited line							to prove upon thy heart whereto i speak
Whereupon	Whereupon,	1.1.14	Lr. I, 1, 14	headword on cited line							whereupon she grew roundwombed and had
Whine	Whine,	2.2.25	Lr. II, 2, 25	headword on cited line							clamorous whining if thou deniest the least
Whip1	Whip,	1.4.123	Lr. I, 4, 123	headword on cited line							take heed sirrah the whip
Whirlpool	Whirlpool,	3.4.53	Lr. III, 4, 53	quotation on cited line, with differences			75%	whirlpool		through ford and whirlpool	through flame through ford and whirlipool
Whirlwind	Whirlwind,	3.4.60	Lr. III, 4, 60	headword on cited line							do de do de bless thee from whirlwinds
Whistle2	Whistle,	2.2.163	Lr. II, 2, 163	headword on cited line							some time i shall sleep out the rest ill whistle
Whizzing	Whizzing,	3.6.17	Lr. III, 6, 17	headword not found near cited line							come hissing in upon em
Whoop1	Whoop,	1.4.245	Lr. I, 4, 245	quotation on cited line						w., Jug, I love thee,	draws the horse whoop jug i love thee
Wickedness	Wickedness,	3.7.99	Lr. III, 7, 99	quotation on cited line						I'll never care what wickedness I do,	ill never care what wickedness i do
Wickedness	Wickedness,	4.2.92	IV, 2, 92	quotation on cited line						knows he the w.?	knows he the wickedness
Wide-skirted	Wide-skirted,	1.1.66	Lr. I, 1, 66	quotation on cited line						wide-skirted meads,	with plenteous rivers and wideskirted meads
Wield	Wield,	1.1.56	Lr. I, 1, 56	quotation on cited line						more than words can wield the matter,	sir i love you more than words can wield the matter
Wilful	Wilful,	2.4.305	Lr. II, 4, 305	quotation on cited line						to wilful men the injuries that they themselves procure must be their schoolmasters,	theres scarce a bush o sir to wilful men
Wind3	Wind,	4.7.16	Lr. IV, 7, 16	quotation on cited line						the untuned and jarring senses, O, wind up of this child-changed father,	the untuned and jarring senses o wind up
Wind3	Wind,	1.2.106	Lr. I, 2, 106	quotation on cited line						seek him out, wind me into him,	edmund seek him out wind me into him i pray
Windowed	Windowed,	3.4.31	Lr. III, 4, 31	quotation on cited line						your looped and windowed raggedness,	your looped and windowed raggedness defend you
Wing2	Wing,	4.6.13	Lr. IV, 6, 13	quotation on cited line						the crows and choughs that wing the midway air,	the crows and choughs that wing the midway air
Wipe2	Wipe,	5.3.23	Lr. V, 3, 23	headword on cited line							and fire us hence like foxes wipe thine eyes
Wipe2	Wipe,	4.6.136	Lr. IV, 6, 136	quotation on cited line						first,	let me wipe it first it smells of mortality
Withold	Withold;	3.4.125	Lr. III, 4, 125	quotation on cited line						S. Withold footed thrice the old,	s withold footed thrice the old
Wold	Wold,	3.4.125	Lr. III, 4, 125	headword not found near cited line							s withold footed thrice the old
Wolvish	Wolvish	1.4.330	Lr. I, 4, 330	headword on cited line							shell flay thy wolvish visage thou shalt find
Wooden	Wooden,	2.3.16	Lr. II, 3, 16	headword on cited line							pins wooden pricks nails sprigs of rosemary
Wooden	Wooden,	2.4.10	II, 4, 10	headword on cited line							a mans overlusty at legs then he wears wooden
Wool	Wool,	3.4.109	Lr. III, 4, 109	headword on cited line							the beast no hide the sheep no wool the cat no
Worsted-stocking	Worsted-stocking,	2.2.17	Lr. II, 2, 17	quotation on cited line						worsted-stocking knave,	threesuited hundredpound filthy worstedstocking
Worthy3	Worthy,	2.2.128	Lr. II, 2, 128	quotation on cited line, with differences			91%	worthyed	worthied	put upon him such a deal of man, that worthyed him,	that worthied him got praises of the king
Wrap	Wrap,	4.3.54	Lr. IV, 3, 54	quotation on cited line, with differences			spacing			will in concealment wrap me up a while,	will in concealment wrap me up awhile
Wrathful	Wrathful,	3.2.43	Lr. III, 2, 43	headword on cited line							love not such nights as these the wrathful skies
Wreath	Wreath,	2.2.113	Lr. II, 2, 113	quotation on cited line						the wreath of radiant fire on flickering Phoebus' front,	whose influence like the wreath of radiant fire
Wren	Wren,	4.6.114	Lr. IV, 6, 114	headword on cited line							the wren goes tot and the small gilded fly
Wrench2	Wrench,	1.4.290	Lr. I, 4, 290	quotation on cited line						like an engine wrenched my frame of nature from the fixed place,	that like an engine wrenched my frame of nature
Wretchedness	Wretchedness,	4.6.61	Lr. IV, 6, 61	headword on cited line							is wretchedness deprived that benefit
Writ	Writ,	5.3.245	Lr. V, 3, 245	headword on cited line	5.3.246		100%			of Lear,	be brief in it to the castle for my writ
Wrong2	Wrong,	4.2.9	Lr. IV, 2, 9	headword on cited line							and told me i had turned the wrong side out
Wrong2	Wrong,	3.6.119	Lr. III, 6, 119	quotation on cited line						opinion, whose wrong thought defiles thee,	when false opinion whose wrong thought defiles thee
Wrong2	Wrong,	4.6.290	IV, 6, 290	quotation on cited line						wrong imaginations,	and woes by wrong imaginations lose
Yea	Yea,	1.4.326	Lr. I, 4, 326	quotation on cited line						yea, is it come to this?	to temper clay yea is it come to this
Yoke-fellow	Yoke-fellow,	3.6.39	Lr. III, 6, 39	quotation on cited line						thou, his yoke-fellow of equity,	and thou his yokefellow of equity
Zed	Zed,	2.2.69	Lr. II, 2, 69	quotation on cited line						thou whoreson zed! thou unnecessary letter!	thou whoreson zed thou unnecessary
